Sl,Station_Names,Year,Month,Max_Temp,Min_Temp,Rainfall,Relative_Humidity,Wind_Speed,Cloud_Coverage,Station_Number,Flood?
0,Barisal,1990,1,29.9,12.5,0,83,0.3,0.5,41950,0
1,Barisal,1990,2,31.7,17.4,79,81,0.4,3.2,41950,0
2,Barisal,1990,3,33.6,19,182,82,0.7,4,41950,0
3,Barisal,1990,4,34.6,22.9,139,82,1.9,4.8,41950,0
4,Barisal,1990,5,35,24.3,352,85,0.7,5.3,41950,1
5,Barisal,1990,6,39.4,25.4,386,89,1.4,6.4,41950,1
6,Barisal,1990,7,32.5,25.4,457,92,1,6.9,41950,1
7,Barisal,1990,8,34,25.6,299,87,1,5.6,41950,1
8,Barisal,1990,9,34,25.2,190,89,0.8,5.7,41950,0
9,Barisal,1990,10,33.6,22.6,194,86,0.5,4,41950,0
10,Barisal,1990,11,33,20.1,70,85,0.2,2.9,41950,0
11,Barisal,1990,12,29.2,13.9,30,82,0.2,1.5,41950,0
12,Barisal,1991,1,28.6,12.1,10,82,0.2,1.6,41950,0
13,Barisal,1991,2,33.2,16.5,14,80,0.5,1,41950,0
14,Barisal,1991,3,36.2,21.8,38,78,0.6,1.9,41950,0
15,Barisal,1991,4,36,24.3,53,79,1.5,4.2,41950,0
16,Barisal,1991,5,33.5,24.5,191,86,2.5,6.1,41950,0
17,Barisal,1991,6,34.4,25.1,562,90,1.3,6.6,41950,1
18,Barisal,1991,7,33.3,25.7,356,88,1.5,6.5,41950,1
19,Barisal,1991,8,35.5,25.3,369,89,1.2,6.7,41950,1
20,Barisal,1991,9,33.5,25,232,90,0.6,6.4,41950,1
21,Barisal,1991,10,33.5,23.7,497,89,0.5,4.5,41950,1
22,Barisal,1991,11,30.5,17.9,54,82,0.2,2.2,41950,0
23,Barisal,1991,12,29.4,13.4,16,82,0.2,1.8,41950,0
24,Barisal,1992,1,28,11.6,4,81,0.2,0.6,41950,0
25,Barisal,1992,2,29.5,15.3,98,82,0.6,2,41950,0
26,Barisal,1992,3,36,22.2,0,77,1.3,2.2,41950,0
27,Barisal,1992,4,37.8,25.3,1,79,1.9,2.9,41950,0
28,Barisal,1992,5,35.5,23.9,205,83,1.3,4.1,41950,0
29,Barisal,1992,6,35,25.9,190,88,1.2,5.5,41950,0
30,Barisal,1992,7,35.5,25.5,299,90,1.3,6.9,41950,1
31,Barisal,1992,8,34.3,25.3,326,91,1.2,6.1,41950,1
32,Barisal,1992,9,34.8,25.4,210,88,0.8,4.7,41950,0
33,Barisal,1992,10,34,23.6,98,88,0.4,3.2,41950,0
34,Barisal,1992,11,32.5,18.8,8,83,0.1,3.2,41950,0
35,Barisal,1992,12,28,12.2,0,82,0.3,0.5,41950,0
36,Barisal,1993,1,28.5,11.6,1,83,0.2,0.8,41950,0
37,Barisal,1993,2,31.6,16.3,35,83,0.7,1.2,41950,0
38,Barisal,1993,3,35.5,18.4,173,77,0.8,2,41950,0
39,Barisal,1993,4,36,22.6,216,83,1.2,3.9,41950,0
40,Barisal,1993,5,34.5,23.8,352,87,1.6,5.2,41950,1
41,Barisal,1993,6,34.4,25.5,384,89,2.1,6.1,41950,1
42,Barisal,1993,7,33.2,25.5,408,90,2.1,6.4,41950,1
43,Barisal,1993,8,33.8,25.7,556,91,1.5,6.6,41950,1
44,Barisal,1993,9,34.6,25,245,89,0.9,5.9,41950,0
45,Barisal,1993,10,33.5,23.9,134,87,0.3,3.5,41950,0
46,Barisal,1993,11,31.2,18.9,12,86,0.1,1.3,41950,0
47,Barisal,1993,12,29.5,13.8,0,81,0.2,1.3,41950,0
48,Barisal,1994,1,29.6,12.2,4,71,0.4,0.4,41950,0
49,Barisal,1994,2,31,14.6,13,72,0.4,1.4,41950,0
50,Barisal,1994,3,34.8,21.3,92,73,1.3,2.5,41950,0
51,Barisal,1994,4,36.5,23.1,101,77,0.8,3.5,41950,0
52,Barisal,1994,5,36.2,25.1,178,83,1,4.2,41950,0
53,Barisal,1994,6,35.5,25.5,571,89,1.2,6.4,41950,1
54,Barisal,1994,7,33.2,25.7,202,88,1.3,6.4,41950,1
55,Barisal,1994,8,33,25.4,378,88,1.1,6.4,41950,1
56,Barisal,1994,9,34.4,24.7,144,83,0.8,4.5,41950,0
57,Barisal,1994,10,34,23.3,87,80,0.1,2.9,41950,0
58,Barisal,1994,11,32.4,18.6,7,78,0.2,2.8,41950,0
59,Barisal,1994,12,30.1,12,0,76,0.2,0.5,41950,0
60,Barisal,1995,1,29,10.7,1,73,0.4,1.7,41950,0
61,Barisal,1995,2,31,15,62,73,0.3,2.1,41950,0
62,Barisal,1995,3,36.7,19.2,6,68,0.5,1.3,41950,0
63,Barisal,1995,4,38.2,24.6,12,75,1.2,2.7,41950,0
64,Barisal,1995,5,36.7,26.5,144,84,1.6,5.2,41950,0
65,Barisal,1995,6,34.6,25.6,657,88,1.1,6,41950,1
66,Barisal,1995,7,34,25.1,517,88,1.4,6.7,41950,1
67,Barisal,1995,8,34.7,25.5,342,87,1.2,6,41950,1
68,Barisal,1995,9,34.7,25.1,208,87,0.8,6.1,41950,0
69,Barisal,1995,10,34,23.9,156,84,0.1,3.5,41950,0
70,Barisal,1995,11,33.2,19.5,153,81,0.4,3.1,41950,0
71,Barisal,1995,12,29.5,13.2,0,71,0.1,0.2,41950,0
72,Barisal,1996,1,29.4,12.4,0,80,0.2,0.5,41950,0
73,Barisal,1996,2,31.5,15,20,76,0.4,1.6,41950,0
74,Barisal,1996,3,35.2,22.3,12,77,1.2,2.7,41950,0
75,Barisal,1996,4,36.6,23.5,131,82,1.2,3.5,41950,0
76,Barisal,1996,5,36.6,25.3,94,84,2.3,4.7,41950,0
77,Barisal,1996,6,35.5,25.2,449,87,1.8,5.4,41950,1
78,Barisal,1996,7,35,25.7,307,88,1.6,5.9,41950,1
79,Barisal,1996,8,34.4,25.3,322,91,1,6,41950,1
80,Barisal,1996,9,37.8,25.3,202,88,0.3,5.3,41950,0
81,Barisal,1996,10,35.4,23,270,86,0.5,3.1,41950,1
82,Barisal,1996,11,33.6,18.3,4,84,0.1,1.4,41950,0
83,Barisal,1996,12,30.2,13.4,1,81,0.1,1.6,41950,0
84,Barisal,1997,1,28.2,10.7,1,79,0.3,1.1,41950,0
85,Barisal,1997,2,31.4,14.6,30,79,0.5,1.5,41950,0
86,Barisal,1997,3,35,21.1,79,81,0.9,3.1,41950,0
87,Barisal,1997,4,35.2,20.7,203,84,1.1,4.6,41950,0
88,Barisal,1997,5,35.6,24.2,235,84,1.6,5.3,41950,1
89,Barisal,1997,6,35.4,25.3,205,86,2.1,6.4,41950,1
90,Barisal,1997,7,33.7,25.4,406,91,1.6,6.9,41950,1
91,Barisal,1997,8,35.6,25.8,191,89,1.4,6.4,41950,0
92,Barisal,1997,9,34,24.6,378,91,0.7,6.1,41950,1
93,Barisal,1997,10,34.6,22,7,84,0.1,2.1,41950,0
94,Barisal,1997,11,33.6,18.9,11,85,0.2,2,41950,0
95,Barisal,1997,12,29.6,13.4,12,89,0.4,2.1,41950,0
96,Barisal,1998,1,29,11.8,148,88,0.7,2.4,41950,0
97,Barisal,1998,2,31.5,15.4,54,79,0.5,2,41950,0
98,Barisal,1998,3,34.5,17.9,273,75,0.9,2.6,41950,1
99,Barisal,1998,4,35.6,22.5,251,81,1.4,3.8,41950,1
100,Barisal,1998,5,36.5,24.5,179,84,1.4,5.2,41950,0
101,Barisal,1998,6,35.5,25.8,208,86,2.3,5.7,41950,1
102,Barisal,1998,7,34.5,25.1,616,92,1.7,6.8,41950,1
103,Barisal,1998,8,34.5,25.2,516,91,1.1,6.3,41950,1
104,Barisal,1998,9,35.6,25.2,254,89,0.6,5.5,41950,1
105,Barisal,1998,10,35.6,24.8,89,87,0.4,3.7,41950,0
106,Barisal,1998,11,33.5,20.9,270,85,0.3,2.5,41950,1
107,Barisal,1998,12,31.5,14.5,0,83,0.2,0.3,41950,0
108,Barisal,1999,1,30,12.1,0,82,0.5,0.4,41950,0
109,Barisal,1999,2,34.8,15.1,0,78,0.7,1.1,41950,0
110,Barisal,1999,3,38,20.5,0,74,1.1,1.8,41950,0
111,Barisal,1999,4,36.6,24.9,20,79,1.9,3.4,41950,0
112,Barisal,1999,5,35.7,25,212,86,2.2,5.7,41950,1
113,Barisal,1999,6,36.7,25.4,260,88,1.9,6.6,41950,1
114,Barisal,1999,7,34,25.1,527,91,1.6,7,41950,1
115,Barisal,1999,8,34,25.4,404,91,1.4,7.1,41950,1
116,Barisal,1999,9,35.5,25.2,301,89,1,6.6,41950,1
117,Barisal,1999,10,34,24.1,228,89,0.6,5.3,41950,1
118,Barisal,1999,11,33.5,18.8,1,82,0.1,1.2,41950,0
119,Barisal,1999,12,29.8,13.9,2,82,0.1,0.8,41950,0
120,Barisal,2000,1,30,12.4,0,81,0.4,0.9,41950,0
121,Barisal,2000,2,29.2,14.3,16,78,0.4,3.8,41950,0
122,Barisal,2000,3,34.6,19.8,50,77,1.1,3.1,41950,0
123,Barisal,2000,4,35.3,23.2,135,80,2.4,4.3,41950,0
124,Barisal,2000,5,36.3,24.3,246,83,1.3,6,41950,1
125,Barisal,2000,6,34.8,25,282,90,1.6,6.7,41950,1
126,Barisal,2000,7,35.2,25.2,389,88,1.7,6.4,41950,1
127,Barisal,2000,8,34.5,25.7,203,87,1.5,6.6,41950,1
128,Barisal,2000,9,34.2,24.8,245,89,0.8,5.8,41950,1
129,Barisal,2000,10,34.8,24.1,171,89,0.4,3.9,41950,0
130,Barisal,2000,11,33,19.2,10,87,0.1,1.1,41950,0
131,Barisal,2000,12,28.8,12.9,0,82,0.1,0.2,41950,0
132,Barisal,2001,1,29.5,10.1,0,81,0.1,0.3,41950,0
133,Barisal,2001,2,32.1,14.9,17,79,0.6,1.4,41950,0
134,Barisal,2001,3,35.6,19,4,75,0.5,2,41950,0
135,Barisal,2001,4,37.6,23.6,16,77,1.5,3.8,41950,0
136,Barisal,2001,5,35.6,23.7,282,87,1.3,5.3,41950,1
137,Barisal,2001,6,34.5,25,641,94,1.6,7.3,41950,1
138,Barisal,2001,7,33,25.3,556,91,2,7.1,41950,1
139,Barisal,2001,8,33.7,26,191,87,1.3,6.1,41950,0
140,Barisal,2001,9,34.5,25.2,151,89,0.7,5.5,41950,0
141,Barisal,2001,10,35,24,305,89,0.3,4.6,41950,1
142,Barisal,2001,11,32,20.5,67,89,0.1,3,41950,0
143,Barisal,2001,12,29.8,13.3,0,86,0.1,0.8,41950,0
144,Barisal,2002,1,29,13,19,85,0.1,1.8,41950,0
145,Barisal,2002,2,34,14.2,0,77,0.3,0.7,41950,0
146,Barisal,2002,3,36,19.8,36,72,0.6,2.3,41950,0
147,Barisal,2002,4,34.4,22.8,101,80,1.8,4.8,41950,0
148,Barisal,2002,5,35.4,24.1,324,83,1.9,5.9,41950,1
149,Barisal,2002,6,35.4,25.6,541,89,1.3,6.7,41950,1
150,Barisal,2002,7,34.5,25.9,716,90,1.1,7.3,41950,1
151,Barisal,2002,8,34,26,272,89,1,6.4,41950,1
152,Barisal,2002,9,35,25.5,315,92,0.5,5.7,41950,1
153,Barisal,2002,10,34.2,23.6,53,88,0.1,3.4,41950,0
154,Barisal,2002,11,33,19.8,92,85,0.2,3.2,41950,0
155,Barisal,2002,12,30,14.7,0,83,0.1,0.3,41950,0
156,Barisal,2003,1,28.6,11.1,0,81,0.2,1.4,41950,0
157,Barisal,2003,2,31.5,16.1,4,75,0.3,1.4,41950,0
158,Barisal,2003,3,34.8,19.5,117,77,0.6,2.9,41950,0
159,Barisal,2003,4,35.6,24.8,104,85,1.9,4.4,41950,0
160,Barisal,2003,5,35.4,26,85,86,1.6,5.1,41950,0
161,Barisal,2003,6,36.5,25.7,521,92,1.9,7,41950,1
162,Barisal,2003,7,34.2,26.5,243,92,1.5,6.4,41950,1
163,Barisal,2003,8,34.2,26.7,186,87,1.2,6.2,41950,0
164,Barisal,2003,9,34.3,26.1,206,88,0.5,5.6,41950,0
165,Barisal,2003,10,34.2,24.8,301,89,0.2,4.6,41950,1
166,Barisal,2003,11,32.5,18.1,0,83,0,0.4,41950,0
167,Barisal,2003,12,29.5,14.7,28,84,0,1.7,41950,0
168,Barisal,2004,1,29,13,0,82,0.2,2.3,41950,0
169,Barisal,2004,2,33.1,15.2,0,77,0.4,1.2,41950,0
170,Barisal,2004,3,36.4,21.8,11,76,1.2,3,41950,0
171,Barisal,2004,4,34.4,24.3,87,80,2.5,5.1,41950,0
172,Barisal,2004,5,36.8,25.8,126,78,1.6,4.2,41950,0
173,Barisal,2004,6,35.8,25.6,316,87,0.8,6,41950,1
174,Barisal,2004,7,33.8,25.9,241,87,1.6,6.9,41950,0
175,Barisal,2004,8,33.4,26.1,478,90,1.4,6.7,41950,1
176,Barisal,2004,9,34.2,25.5,1067,91,0.8,6.4,41950,1
177,Barisal,2004,10,33.6,23.3,203,89,0.3,2.8,41950,0
178,Barisal,2004,11,30.8,18.1,0,89,0.1,0.6,41950,0
179,Barisal,2004,12,29.5,14.9,0,87,0,0.5,41950,0
180,Barisal,2005,1,29.5,12.5,11,87,0.4,1.5,41950,0
181,Barisal,2005,2,33.6,16.9,0,78,0.7,1.2,41950,0
182,Barisal,2005,3,36,22.1,138,83,0.9,3.5,41950,0
183,Barisal,2005,4,36.5,24.6,26,80,0.8,3.7,41950,0
184,Barisal,2005,5,36,25.4,85,83,1.3,4.8,41950,0
185,Barisal,2005,6,36.5,27.1,326,88,0.9,6.1,41950,1
186,Barisal,2005,7,33.2,25.9,463,93,1.3,6.6,41950,1
187,Barisal,2005,8,35.5,26.2,302,93,0.9,6.9,41950,1
188,Barisal,2005,9,35.2,26,174,89,0.8,6,41950,1
189,Barisal,2005,10,35,24.3,415,89,0.5,4.9,41950,1
190,Barisal,2005,11,32,18.4,0,85,0.3,1.6,41950,0
191,Barisal,2005,12,30,14,3,84,0.4,1.6,41950,0
192,Barisal,2006,1,29.6,12.1,0,81,0.5,0.9,41950,0
193,Barisal,2006,2,35.6,18.4,0,80,0.8,1.1,41950,0
194,Barisal,2006,3,37.5,21,4,77,0.6,2.2,41950,0
195,Barisal,2006,4,36.6,24.1,41,81,1.5,3.8,41950,0
196,Barisal,2006,5,36.2,25.4,274,83,1.3,4.8,41950,1
197,Barisal,2006,6,36.5,26.6,352,89,1.3,6.4,41950,1
198,Barisal,2006,7,33.5,26.2,384,91,1.4,6.8,41950,1
199,Barisal,2006,8,33.7,25.9,378,89,1.6,6.8,41950,1
200,Barisal,2006,9,35,25.9,522,89,0.9,5.7,41950,1
201,Barisal,2006,10,34.8,24.4,41,88,0.1,4,41950,0
202,Barisal,2006,11,32.9,19.4,2,84,0.1,2.6,41950,0
203,Barisal,2006,12,29.8,13.9,0,83,0.1,0.4,41950,0
204,Barisal,2007,1,29.4,11.2,0,81,0.2,0.7,41950,0
205,Barisal,2007,2,31.2,16,72,81,0.4,2,41950,0
206,Barisal,2007,3,35.5,18.4,33,71,0.6,1.1,41950,0
207,Barisal,2007,4,35.2,23.8,50,79,1.6,3.7,41950,0
208,Barisal,2007,5,37,25.7,146,82,1,4.1,41950,0
209,Barisal,2007,6,35,26.3,471,88,1.2,6.1,41950,1
210,Barisal,2007,7,33.5,25.9,560,91,1.2,6.9,41950,1
211,Barisal,2007,8,35,26.4,218,88,0.9,6.3,41950,1
212,Barisal,2007,9,34.8,25.8,326,91,0.9,6.5,41950,1
213,Barisal,2007,10,35.5,23.6,357,88,0.4,3.8,41950,1
214,Barisal,2007,11,31.6,20.2,95,85,0.6,2.3,41950,0
215,Barisal,2007,12,28.8,13.9,0,81,0.3,0.9,41950,0
216,Barisal,2008,1,30,13.2,41,81,0.4,1.6,41950,0
217,Barisal,2008,2,30,14.2,24,77,0.6,1.3,41950,0
218,Barisal,2008,3,35,21.9,22,78,1,3.6,41950,0
219,Barisal,2008,4,37.2,24,16,80,1.4,2.8,41950,0
220,Barisal,2008,5,36.8,25.4,64,81,1.1,4.5,41950,0
221,Barisal,2008,6,35.5,26,239,89,1.3,6.6,41950,1
222,Barisal,2008,7,33.4,25.9,550,90,1.1,7.1,41950,1
223,Barisal,2008,8,33.5,26.1,357,88,0.9,6.1,41950,1
224,Barisal,2008,9,34.5,25.8,210,88,0.8,5.5,41950,1
225,Barisal,2008,10,34.5,23.5,341,87,0.4,3.3,41950,1
226,Barisal,2008,11,32.4,18.4,0,83,0.1,1.1,41950,0
227,Barisal,2008,12,29.7,15.4,0,87,0.1,0.9,41950,0
228,Barisal,2009,1,29,13.6,0,82,1.7,0.5,41950,0
229,Barisal,2009,2,33.6,16,20,75,3.1,0.8,41950,0
230,Barisal,2009,3,35,21.1,13,77,2.3,2.8,41950,0
231,Barisal,2009,4,37,25.1,112,78,3.9,2.8,41950,0
232,Barisal,2009,5,36,25.6,133,79,4,4.7,41950,0
233,Barisal,2009,6,37,27,139,82,3.5,5.3,41950,0
234,Barisal,2009,7,34.5,26.2,542,89,3.1,6.7,41950,1
235,Barisal,2009,8,35.5,26.1,518,89,2,6.6,41950,1
236,Barisal,2009,9,35.4,26.1,168,87,1.8,5.3,41950,0
237,Barisal,2009,10,34.2,23.3,162,87,0.8,3.2,41950,0
238,Barisal,2009,11,34,19.3,13,83,0.4,2.1,41950,0
239,Barisal,2009,12,29.5,13.1,0,82,0.6,0.5,41950,0
240,Barisal,2010,1,28.9,10.8,0,81,1.9,1,41950,0
241,Barisal,2010,2,32.6,15.6,1,75,1.7,1.6,41950,0
242,Barisal,2010,3,36.9,22.9,1,73,3.1,2.5,41950,0
243,Barisal,2010,4,37.2,26.5,10,77,5.1,4.8,41950,0
244,Barisal,2010,5,36.3,25.8,212,81,3.8,5.6,41950,1
245,Barisal,2010,6,35.1,26.4,481,88,2.7,6.6,41950,1
246,Barisal,2010,7,34,26.7,251,87,2,6.1,41950,1
247,Barisal,2010,8,35.5,26.8,156,87,1.5,6.1,41950,0
248,Barisal,2010,9,33.8,26.2,184,88,1.2,5.2,41950,0
249,Barisal,2010,10,35.6,25,275,86,0.5,3.9,41950,1
250,Barisal,2010,11,33,20.5,64,85,0,1.4,41950,0
251,Barisal,2010,12,30.3,13.5,27,82,0.4,1.4,41950,0
252,Barisal,2011,1,29,10.9,0,79,1,0.5,41950,0
253,Barisal,2011,2,31.5,15.3,0,73,2,0.9,41950,0
254,Barisal,2011,3,35.5,20.1,34,72,3.2,2.5,41950,0
255,Barisal,2011,4,35.7,23,105,79,1.7,3.5,41950,0
256,Barisal,2011,5,36.2,25.2,153,82,2.7,4.8,41950,0
257,Barisal,2011,6,35.6,26.3,481,88,3.5,6.3,41950,1
258,Barisal,2011,7,35,26.4,314,87,3,5.9,41950,1
259,Barisal,2011,8,35.6,25.9,428,90,2.9,6.5,41950,1
260,Barisal,2011,9,35.5,25.9,337,89,2.9,5.8,41950,1
261,Barisal,2011,10,35,24.5,56,85,0.3,2.8,41950,0
262,Barisal,2011,11,32.5,18.4,1,83,0.2,0.6,41950,0
263,Barisal,2011,12,30.6,14.3,0,84,1.2,2.4,41950,0
264,Barisal,2012,1,28.8,13,31,82,1.9,2,41950,0
265,Barisal,2012,2,34.2,14.3,2,73,2.4,0.5,41950,0
266,Barisal,2012,3,35.8,21.8,11,75,1.8,2.3,41950,0
267,Barisal,2012,4,37.3,23.7,223,79,2.9,4.1,41950,1
268,Barisal,2012,5,36.6,25.9,105,80,2.2,3.8,41950,0
269,Barisal,2012,6,36.7,27.2,205,86,2.3,6.6,41950,1
270,Barisal,2012,7,34.2,26.5,275,89,2.2,6.9,41950,1
271,Barisal,2012,8,34.6,26.2,270,87,1.8,6.5,41950,1
272,Barisal,2012,9,35,26,381,90,1.3,5.9,41950,1
273,Barisal,2012,10,34.6,23.3,70,86,1.1,3.2,41950,0
274,Barisal,2012,11,32.7,18.7,44,83,1.2,2.5,41950,0
275,Barisal,2012,12,28.8,12.7,0,85,1.4,1.1,41950,0
276,Barisal,2013,1,28.7,10.6,0,80,1.4,0.3,41950,0
277,Barisal,2013,2,32.3,14.8,6,76,1.3,1.6,41950,0
278,Barisal,2013,3,36.2,21,5,76,1.9,1.8,41950,0
279,Barisal,2013,4,36.2,24,64,76,2.5,3.5,41950,0
280,Barisal,2013,5,37.5,24.8,701,87,4.1,6.9,41950,1
281,Barisal,2013,6,36,26.8,277,85,2.4,5.7,41950,1
282,Barisal,2013,7,33,26.5,377,87,3.1,6.4,41950,1
283,Barisal,2013,8,34,26.2,398,88,2.5,6.4,41950,1
284,Barisal,2013,9,35,26,312,88,2,5.7,41950,1
285,Barisal,2013,10,34.2,24.4,181,88,1.9,4.7,41950,0
286,Barisal,2013,11,32.2,17.7,0,81,1,0.9,41950,0
287,Barisal,2013,12,29.5,14.2,0,82,1,0.5,41950,0
288,Bhola,1990,1,29,13.2,0,85,0.4,0.6,41951,0
289,Bhola,1990,2,30.2,17.8,79,84,0.4,2.7,41951,0
290,Bhola,1990,3,33.5,19.4,158,83,0.7,3.7,41951,0
291,Bhola,1990,4,34.6,23.5,110,82,1.4,3.2,41951,0
292,Bhola,1990,5,34.5,24.7,249,85,0.7,4.4,41951,0
293,Bhola,1990,6,34,26.3,358,89,1,5.9,41951,1
294,Bhola,1990,7,32,25.8,374,90,0.9,6.8,41951,1
295,Bhola,1990,8,33.8,26.2,252,87,0.8,5.5,41951,0
296,Bhola,1990,9,34.2,25.8,199,89,0.6,5.9,41951,0
297,Bhola,1990,10,34,22.9,322,89,0.4,4,41951,0
298,Bhola,1990,11,33,20.7,83,86,0.2,2.7,41951,0
299,Bhola,1990,12,29.5,14.7,35,83,0.3,1.3,41951,0
300,Bhola,1991,1,28.8,12.6,17,84,0.3,1.4,41951,0
301,Bhola,1991,2,33,17.4,40,80,0.4,1,41951,0
302,Bhola,1991,3,36,22.1,37,80,0.6,1.6,41951,0
303,Bhola,1991,4,35.5,24.5,162,85,1,3.2,41951,0
304,Bhola,1991,5,33.4,25.2,164,89,2.3,5.5,41951,0
305,Bhola,1991,6,34.2,26,732,91,0.9,6,41951,1
306,Bhola,1991,7,33.6,26.2,378,91,1.2,6.3,41951,0
307,Bhola,1991,8,35.5,26.1,396,92,0.9,6.3,41951,1
308,Bhola,1991,9,33.6,25.6,361,93,0.3,5.4,41951,0
309,Bhola,1991,10,35,24,361,90,0.2,3.8,41951,0
310,Bhola,1991,11,31.2,18.1,3,87,0.2,2.1,41951,0
311,Bhola,1991,12,30,13.9,17,87,0.3,1.9,41951,0
312,Bhola,1992,1,28.5,12.3,1,87,0.3,0.6,41951,0
313,Bhola,1992,2,29,15.8,126,84,0.6,1.9,41951,0
314,Bhola,1992,3,35.8,22.8,0,84,1,1.3,41951,0
315,Bhola,1992,4,37,25.5,0,82,1.4,2.2,41951,0
316,Bhola,1992,5,35,24.2,208,86,1.1,3.6,41951,0
317,Bhola,1992,6,35,26.2,275,87,0.9,4.8,41951,0
318,Bhola,1992,7,33,25.6,382,90,1,6.7,41951,1
319,Bhola,1992,8,34.5,25.8,211,89,0.7,5.8,41951,0
320,Bhola,1992,9,34.2,25.6,269,90,0.5,4.8,41951,0
321,Bhola,1992,10,34,23.8,154,88,0.3,2.8,41951,0
322,Bhola,1992,11,33,19.2,0,85,0.2,2.7,41951,0
323,Bhola,1992,12,28.4,12.8,1,78,0.3,0.5,41951,0
324,Bhola,1993,1,28,12.5,0,82,0.2,0.7,41951,0
325,Bhola,1993,2,30.7,16.5,44,80,0.7,1.2,41951,0
326,Bhola,1993,3,33.4,19,236,77,0.6,1.8,41951,0
327,Bhola,1993,4,34.5,22.9,116,81,1,3.5,41951,0
328,Bhola,1993,5,34.6,24.2,315,85,1.1,5,41951,0
329,Bhola,1993,6,33.4,25.6,631,89,1.3,6.3,41951,1
330,Bhola,1993,7,32.5,26,473,91,0.9,6.3,41951,1
331,Bhola,1993,8,33,26.2,681,91,0.8,6.5,41951,1
332,Bhola,1993,9,34,25.4,219,89,0.5,5.7,41951,0
333,Bhola,1993,10,33.8,24.1,46,88,0.2,3.4,41951,0
334,Bhola,1993,11,31.2,19.5,33,85,0.2,1.2,41951,0
335,Bhola,1993,12,29.6,14.4,0,82,0.2,1.6,41951,0
336,Bhola,1994,1,29,12.7,2,72,0.3,0.7,41951,0
337,Bhola,1994,2,30.2,14.9,13,72,0.4,1.2,41951,0
338,Bhola,1994,3,33.6,21.8,110,76,1.1,2.1,41951,0
339,Bhola,1994,4,37,23.4,51,73,0.7,2.8,41951,0
340,Bhola,1994,5,36,25.7,230,80,1.1,4,41951,0
341,Bhola,1994,6,34.8,26,559,88,1.1,5.9,41951,1
342,Bhola,1994,7,32.2,25.9,335,90,0.9,6,41951,0
343,Bhola,1994,8,32.5,25.9,352,89,0.9,5.9,41951,0
344,Bhola,1994,9,33.9,25.8,87,84,0.6,4,41951,0
345,Bhola,1994,10,33.6,23.7,34,81,0.2,2.9,41951,0
346,Bhola,1994,11,32.4,19.7,4,76,0.1,2.6,41951,0
347,Bhola,1994,12,30,13,0,71,0.2,0.8,41951,0
348,Bhola,1995,1,29,11.4,1,71,0.3,1.9,41951,0
349,Bhola,1995,2,32,15.6,52,76,0.5,2.3,41951,0
350,Bhola,1995,3,37,19.8,5,67,0.7,1.5,41951,0
351,Bhola,1995,4,36.6,24.7,50,78,1.3,2.8,41951,0
352,Bhola,1995,5,35.8,26.7,173,83,1.5,4.4,41951,0
353,Bhola,1995,6,34.8,26.4,433,88,1.1,5.8,41951,0
354,Bhola,1995,7,32.3,25.3,399,90,0.9,6.1,41951,0
355,Bhola,1995,8,35,26.3,271,88,0.8,5.3,41951,0
356,Bhola,1995,9,34,26,302,88,0.6,5.5,41951,0
357,Bhola,1995,10,34.2,24.7,60,84,0.2,3.2,41951,0
358,Bhola,1995,11,33.5,20.6,182,82,0.2,3,41951,0
359,Bhola,1995,12,30.2,14.1,0,73,0.2,0.3,41951,0
360,Bhola,1996,1,29.2,13,0,80,0.3,0.6,41951,0
361,Bhola,1996,2,31.6,15.5,8,76,0.4,1.4,41951,0
362,Bhola,1996,3,34.8,22.6,49,79,1.3,2.3,41951,0
363,Bhola,1996,4,35.6,23.9,138,83,0.9,3,41951,0
364,Bhola,1996,5,35.8,25.8,128,85,1.6,4,41951,0
365,Bhola,1996,6,35.4,25.5,546,88,1,5,41951,0
366,Bhola,1996,7,33,26.2,292,89,0.8,5.5,41951,0
367,Bhola,1996,8,33.2,25.5,401,91,0.7,5.7,41951,0
368,Bhola,1996,9,36.8,25.9,142,88,0.4,4.5,41951,0
369,Bhola,1996,10,34.9,23.7,169,85,0.4,2.3,41951,0
370,Bhola,1996,11,33,19.7,6,83,0.2,1.5,41951,0
371,Bhola,1996,12,30.5,14.6,2,80,0.2,1.6,41951,0
372,Bhola,1997,1,27.5,11.6,1,79,0.2,1.1,41951,0
373,Bhola,1997,2,30.8,15.3,43,78,0.4,1.7,41951,0
374,Bhola,1997,3,34.2,21.6,93,81,0.8,2.5,41951,0
375,Bhola,1997,4,33.2,21.4,169,82,0.7,3.6,41951,0
376,Bhola,1997,5,34.8,24.7,259,85,1.2,4,41951,0
377,Bhola,1997,6,34,26,112,87,1.2,5.2,41951,0
378,Bhola,1997,7,33.8,26,523,91,1,5.9,41951,1
379,Bhola,1997,8,35.5,26.2,291,89,1.1,5.3,41951,0
380,Bhola,1997,9,34.2,25.4,439,90,0.9,5.2,41951,1
381,Bhola,1997,10,34,22.8,38,84,0.3,1.8,41951,0
382,Bhola,1997,11,33.8,19.9,0,82,0.2,1.7,41951,0
383,Bhola,1997,12,30,14.6,7,84,0.4,2.2,41951,0
384,Bhola,1998,1,28.2,12.9,54,85,0.4,2.2,41951,0
385,Bhola,1998,2,31.2,16.2,48,80,0.4,2,41951,0
386,Bhola,1998,3,34,19.1,193,78,0.8,2.3,41951,0
387,Bhola,1998,4,34,23.3,187,83,1,3.3,41951,0
388,Bhola,1998,5,36.8,25.7,264,87,1.1,4.1,41951,0
389,Bhola,1998,6,34.8,27.2,255,89,1.4,4.5,41951,0
390,Bhola,1998,7,33.2,25.8,500,94,1,6.2,41951,1
391,Bhola,1998,8,33.6,26.1,483,93,0.7,5.6,41951,1
392,Bhola,1998,9,35.6,25.9,263,91,0.5,4.9,41951,0
393,Bhola,1998,10,36,25.2,171,88,0.3,3.3,41951,0
394,Bhola,1998,11,34.4,21.5,124,84,0.3,2.1,41951,0
395,Bhola,1998,12,30.5,15.3,6,83,0.2,0.2,41951,0
396,Bhola,1999,1,29.6,12.6,0,81,0.4,0.5,41951,0
397,Bhola,1999,2,34.4,16.1,0,75,0.4,1,41951,0
398,Bhola,1999,3,36.8,21.5,0,76,0.7,1.3,41951,0
399,Bhola,1999,4,35.4,25.5,72,80,1.1,2.2,41951,0
400,Bhola,1999,5,34.8,25.3,319,88,0.9,4.5,41951,0
401,Bhola,1999,6,35.5,25.9,359,90,1,5.8,41951,0
402,Bhola,1999,7,33.6,25.5,590,91,0.8,6.3,41951,1
403,Bhola,1999,8,33,25.6,432,92,0.7,6.3,41951,1
404,Bhola,1999,9,33.5,25.4,398,90,0.5,5.6,41951,1
405,Bhola,1999,10,34,24.6,436,89,0.3,4.7,41951,1
406,Bhola,1999,11,32.2,19.3,0,82,0.2,0.9,41951,0
407,Bhola,1999,12,29.8,14.9,8,82,0.2,0.7,41951,0
408,Bhola,2000,1,29.8,13.1,42,81,0.4,0.9,41951,0
409,Bhola,2000,2,28.7,15.4,8,77,0.4,3.1,41951,0
410,Bhola,2000,3,33.5,20.9,61,78,0.7,2.5,41951,0
411,Bhola,2000,4,33.6,24,126,81,1.5,3.2,41951,0
412,Bhola,2000,5,36.2,24.8,279,85,0.9,5.1,41951,0
413,Bhola,2000,6,33.5,25.7,416,89,0.8,5.8,41951,1
414,Bhola,2000,7,34.2,25.9,432,90,0.7,5.6,41951,1
415,Bhola,2000,8,35.5,26,233,88,0.7,5.8,41951,0
416,Bhola,2000,9,34.6,25.7,206,88,0.3,5,41951,0
417,Bhola,2000,10,35.5,24.6,139,86,0.5,3.6,41951,0
418,Bhola,2000,11,33.2,19.4,89,83,0.1,1,41951,0
419,Bhola,2000,12,28.8,13.6,0,79,0.2,0.3,41951,0
420,Bhola,2001,1,29.4,10.7,0,78,0.4,0.3,41951,0
421,Bhola,2001,2,31.8,16.1,10,78,0.5,1.6,41951,0
422,Bhola,2001,3,35.5,20,4,73,0.6,1.8,41951,0
423,Bhola,2001,4,37,24.6,10,75,1.2,3.1,41951,0
424,Bhola,2001,5,34.5,24.2,450,85,0.7,4.2,41951,0
425,Bhola,2001,6,32.7,25.5,892,93,1,6.5,41951,1
426,Bhola,2001,7,32,26,406,90,1,6.2,41951,1
427,Bhola,2001,8,33.8,26.6,198,87,0.8,5.4,41951,0
428,Bhola,2001,9,34.5,25.6,218,90,0.4,4.3,41951,0
429,Bhola,2001,10,34.4,24.5,290,88,0.1,4,41951,0
430,Bhola,2001,11,31.2,20.7,60,87,0,2.5,41951,0
431,Bhola,2001,12,28,14.1,0,83,0.2,1.1,41951,0
432,Bhola,2002,1,26.8,13.9,22,82,0.2,1.9,41951,0
433,Bhola,2002,2,30,15.1,0,74,0.3,0.5,41951,0
434,Bhola,2002,3,32.9,20.6,24,74,0.5,1.7,41951,0
435,Bhola,2002,4,33.4,23.3,65,82,1.1,3.6,41951,0
436,Bhola,2002,5,33.1,24.5,294,85,1.1,4.6,41951,0
437,Bhola,2002,6,32.5,25.8,474,90,0.7,5.7,41951,1
438,Bhola,2002,7,33.4,25.5,576,92,0.8,6.9,41951,1
439,Bhola,2002,8,33,25.8,421,90,0.6,5.8,41951,1
440,Bhola,2002,9,35.5,25.4,320,88,0.5,4.8,41951,0
441,Bhola,2002,10,34.5,23.8,54,85,0.2,2.9,41951,0
442,Bhola,2002,11,33,20.2,74,84,0.3,2.6,41951,0
443,Bhola,2002,12,30.5,15.3,0,84,0.2,0.8,41951,0
444,Bhola,2003,1,28.8,11.3,0,83,0.4,1.5,41951,0
445,Bhola,2003,2,31.4,16.5,4,76,0.4,1.5,41951,0
446,Bhola,2003,3,34.6,19.5,48,76,0.5,2.3,41951,0
447,Bhola,2003,4,35,24.9,86,82,1.1,2.7,41951,0
448,Bhola,2003,5,35.3,25.9,101,82,1.1,4,41951,0
449,Bhola,2003,6,35.8,25.6,593,89,1.1,6.2,41951,1
450,Bhola,2003,7,34.8,26.3,255,88,1,5,41951,0
451,Bhola,2003,8,33.7,26.4,269,87,0.8,5,41951,0
452,Bhola,2003,9,33.2,25.9,170,89,0.4,4.9,41951,0
453,Bhola,2003,10,34.5,24.9,263,88,0.3,3.8,41951,0
454,Bhola,2003,11,32.5,18.2,0,81,0.1,0.1,41951,0
455,Bhola,2003,12,29.5,14.7,30,84,0.2,1.9,41951,0
456,Bhola,2004,1,29.3,13.2,0,84,0.4,2,41951,0
457,Bhola,2004,2,32.8,15.1,0,76,0.4,1,41951,0
458,Bhola,2004,3,35,21.9,11,78,0.8,2.3,41951,0
459,Bhola,2004,4,34.4,24.1,129,82,1.3,4.1,41951,0
460,Bhola,2004,5,36.7,25.8,157,80,0.8,3.2,41951,0
461,Bhola,2004,6,35.5,25.4,580,89,0.6,5.2,41951,1
462,Bhola,2004,7,33.8,25.8,467,89,0.9,5.9,41951,1
463,Bhola,2004,8,32.8,25.9,460,89,0.8,5.4,41951,1
464,Bhola,2004,9,33.8,25.6,993,91,0.5,5.5,41951,1
465,Bhola,2004,10,34.5,23.3,282,86,0.3,2.6,41951,0
466,Bhola,2004,11,30.6,17.8,1,83,0.1,0.7,41951,0
467,Bhola,2004,12,29.6,15.3,0,84,0.2,0.5,41951,0
468,Bhola,2005,1,29.2,12.7,7,81,0.3,1.7,41951,0
469,Bhola,2005,2,32.5,17.2,0,75,0.5,1.2,41951,0
470,Bhola,2005,3,35.2,22.2,106,80,0.9,3.1,41951,0
471,Bhola,2005,4,36.2,24.5,63,78,0.7,2.7,41951,0
472,Bhola,2005,5,35.4,25.2,87,81,1,3.7,41951,0
473,Bhola,2005,6,35.6,27,181,86,0.9,4.9,41951,0
474,Bhola,2005,7,33.5,25.7,860,89,1.1,5.6,41951,0
475,Bhola,2005,8,34.8,25.9,460,91,0.7,6.1,41951,0
476,Bhola,2005,9,34.8,25.9,197,88,0.5,5.2,41951,0
477,Bhola,2005,10,34.6,24.5,397,89,0.3,3.8,41951,0
478,Bhola,2005,11,31.7,18.8,0,85,0.2,1.4,41951,0
479,Bhola,2005,12,29.5,14.5,8,83,0.3,1.5,41951,0
480,Bhola,2006,1,29.7,12.7,0,83,0.3,0.9,41951,0
481,Bhola,2006,2,34.7,18.7,0,81,0.5,1,41951,0
482,Bhola,2006,3,37.2,21.3,7,75,0.4,1.7,41951,0
483,Bhola,2006,4,36.2,24.3,8,77,0.9,3.1,41951,0
484,Bhola,2006,5,35.8,25.4,399,83,0.6,4,41951,0
485,Bhola,2006,6,36,26.6,311,88,0.7,5.8,41951,0
486,Bhola,2006,7,32.8,26.2,353,89,0.9,5.9,41951,0
487,Bhola,2006,8,34,26,447,88,1,6,41951,1
488,Bhola,2006,9,34.2,25.9,626,88,0.7,4.9,41951,1
489,Bhola,2006,10,34.2,24.7,38,88,0.2,3.9,41951,0
490,Bhola,2006,11,32.6,20,0,86,0.2,2.7,41951,0
491,Bhola,2006,12,29.4,14.5,0,85,0.2,0.2,41951,0
492,Bhola,2007,1,28.4,11.7,0,81,0.3,1.1,41951,0
493,Bhola,2007,2,30.7,16.5,80,80,0.4,2,41951,0
494,Bhola,2007,3,36,18.9,27,72,0.4,1.2,41951,0
495,Bhola,2007,4,34.8,24.1,140,79,0.9,3.4,41951,0
496,Bhola,2007,5,36.7,25.9,140,83,0.7,3.6,41951,0
497,Bhola,2007,6,35,26.1,440,88,0.8,5.7,41951,1
498,Bhola,2007,7,32.5,25.7,511,91,0.8,6.4,41951,1
499,Bhola,2007,8,34.7,26.3,203,87,0.7,5.6,41951,0
500,Bhola,2007,9,34,25.8,411,90,0.6,6,41951,1
501,Bhola,2007,10,35,23.8,277,86,0.3,3.4,41951,0
502,Bhola,2007,11,31.3,20.4,99,85,0.3,2.2,41951,0
503,Bhola,2007,12,28.7,14.7,0,85,0.2,1,41951,0
504,Bhola,2008,1,29.4,13.7,23,83,0.3,1.6,41951,0
505,Bhola,2008,2,30.3,14.7,15,79,0.4,1.2,41951,0
506,Bhola,2008,3,34.2,21.8,4,83,0.7,3.2,41951,0
507,Bhola,2008,4,36.2,23.9,16,81,0.8,2.5,41951,0
508,Bhola,2008,5,36,25.5,162,84,0.7,3.8,41951,0
509,Bhola,2008,6,34.8,25.8,313,89,0.8,5.8,41951,0
510,Bhola,2008,7,32.8,25.9,729,92,0.7,6.5,41951,1
511,Bhola,2008,8,33.8,26.1,247,90,0.6,5.7,41951,0
512,Bhola,2008,9,34.5,25.9,155,89,0.4,5.2,41951,0
513,Bhola,2008,10,34,23.6,348,88,0.3,2.8,41951,1
514,Bhola,2008,11,32.6,18.8,0,83,0.1,1.2,41951,0
515,Bhola,2008,12,29.2,16.1,0,87,0,1.7,41951,0
516,Bhola,2009,1,29.5,14.3,0,83,1.2,0.6,41951,0
517,Bhola,2009,2,32.2,16.4,3,77,1.5,1,41951,0
518,Bhola,2009,3,34.6,21.4,6,78,0.9,2.7,41951,0
519,Bhola,2009,4,36.8,25.2,117,82,1.9,2.4,41951,0
520,Bhola,2009,5,35.2,25.6,244,83,2.1,3.7,41951,0
521,Bhola,2009,6,36.2,26.7,175,88,1.7,4.5,41951,0
522,Bhola,2009,7,35,26.2,544,93,1.5,6.3,41951,1
523,Bhola,2009,8,34.5,26.1,448,91,1.3,6.3,41951,1
524,Bhola,2009,9,35,26.1,219,88,1.3,4.9,41951,0
525,Bhola,2009,10,34,23.6,146,85,0.2,2.7,41951,0
526,Bhola,2009,11,33.2,19.9,18,82,0.4,2,41951,0
527,Bhola,2009,12,29.7,14,0,82,0.6,0.8,41951,0
528,Bhola,2010,1,28.7,11.3,0,81,1.2,1.6,41951,0
529,Bhola,2010,2,32.3,15.7,0,73,0.6,1.6,41951,0
530,Bhola,2010,3,36.7,23,1,76,1.4,2.5,41951,0
531,Bhola,2010,4,36,26.5,10,84,2.1,3.9,41951,0
532,Bhola,2010,5,36,25.6,195,87,1.3,4.7,41951,0
533,Bhola,2010,6,34.5,26.3,401,90,1,6.1,41951,1
534,Bhola,2010,7,33.8,26.5,353,90,0.7,6,41951,1
535,Bhola,2010,8,34.5,26.5,91,87,0.6,5.8,41951,0
536,Bhola,2010,9,33.4,26,232,88,1.1,4.9,41951,0
537,Bhola,2010,10,35.8,25.1,442,85,0.9,3.5,41951,1
538,Bhola,2010,11,33,20.8,39,82,0.9,1.4,41951,0
539,Bhola,2010,12,29.5,14.2,8,81,1,1.5,41951,0
540,Bhola,2011,1,28.5,11.4,0,80,1.3,1.4,41951,0
541,Bhola,2011,2,30.6,15.4,0,76,1.4,1.1,41951,0
542,Bhola,2011,3,35.3,20.2,32,75,2.3,2.5,41951,0
543,Bhola,2011,4,34.8,23.1,66,80,1.2,3.1,41951,0
544,Bhola,2011,5,35.5,25,317,84,2,4.2,41951,0
545,Bhola,2011,6,34.6,26.1,425,88,1.3,6.1,41951,1
546,Bhola,2011,7,34.2,26.2,398,88,1.2,5.4,41951,1
547,Bhola,2011,8,35,25.8,383,89,1.7,6,41951,1
548,Bhola,2011,9,35.6,25.9,331,90,1.7,5.1,41951,0
549,Bhola,2011,10,34.6,24.6,63,85,1.3,2.4,41951,0
550,Bhola,2011,11,32.1,18.6,0,83,1,0.5,41951,0
551,Bhola,2011,12,30,15.1,0,85,0.7,0.7,41951,0
552,Bhola,2012,1,28,13.3,6,83,1.6,2.2,41951,0
553,Bhola,2012,2,33.8,14.3,1,75,1.5,0.6,41951,0
554,Bhola,2012,3,35.2,21.8,8,78,1.9,1.7,41951,0
555,Bhola,2012,4,35.2,23.6,191,81,1.9,3.2,41951,0
556,Bhola,2012,5,36,26,96,79,1.3,3.4,41951,0
557,Bhola,2012,6,35.1,26.8,233,86,1.9,5.9,41951,0
558,Bhola,2012,7,33.4,26.2,323,88,1.8,6.2,41951,0
559,Bhola,2012,8,33.8,26,285,87,1.5,5.9,41951,0
560,Bhola,2012,9,34.8,26.1,191,89,1.4,5,41951,0
561,Bhola,2012,10,34.2,23.3,123,86,0.9,2.5,41951,0
562,Bhola,2012,11,32.6,18.9,35,83,1,2.4,41951,0
563,Bhola,2012,12,28.8,13.3,1,85,1,0.8,41951,0
564,Bhola,2013,1,29.6,10.9,0,78,1.2,0.6,41951,0
565,Bhola,2013,2,32.5,15.3,9,74,1.5,1.9,41951,0
566,Bhola,2013,3,35.6,21.1,0,74,1.3,1.6,41951,0
567,Bhola,2013,4,36.3,24.3,28,76,1.6,3.1,41951,0
568,Bhola,2013,5,36,24.6,655,86,3.1,6.1,41951,1
569,Bhola,2013,6,35.8,26.7,270,85,3.9,4.9,41951,0
570,Bhola,2013,7,33,26.3,327,88,2.4,6.1,41951,1
571,Bhola,2013,8,33.5,26,477,90,1.9,5.8,41951,1
572,Bhola,2013,9,35.4,26,228,88,1.3,4.9,41951,0
573,Bhola,2013,10,34.7,24.2,200,87,1.6,4.4,41951,0
574,Bhola,2013,11,32.3,17.9,0,81,1,1,41951,0
575,Bhola,2013,12,31,14.2,0,83,1.3,0.6,41951,0
576,Bogra,1990,1,29.5,11.9,0,80,1,0.4,41883,0
577,Bogra,1990,2,30.4,15,27,78,1,2.5,41883,0
578,Bogra,1990,3,34.5,17.9,24,79,1.2,2.6,41883,0
579,Bogra,1990,4,36,21.6,41,81,2.5,3.7,41883,0
580,Bogra,1990,5,36.8,23.7,292,82,1.9,4.4,41883,0
581,Bogra,1990,6,35,25.7,378,87,2.3,5.5,41883,1
582,Bogra,1990,7,34,25.9,499,90,1.6,6.1,41883,1
583,Bogra,1990,8,36,26.3,265,88,1.5,5,41883,0
584,Bogra,1990,9,36.5,25.7,320,89,1.4,5.8,41883,1
585,Bogra,1990,10,34,21.9,227,88,1,4.1,41883,0
586,Bogra,1990,11,34.3,18.7,4,78,0.7,1.9,41883,0
587,Bogra,1990,12,30.6,13,0,75,0.5,0.9,41883,0
588,Bogra,1991,1,28.2,10.8,4,74,0.7,1.3,41883,0
589,Bogra,1991,2,32.4,14.8,14,71,0.8,1.2,41883,0
590,Bogra,1991,3,36,19.5,8,70,1,1.7,41883,0
591,Bogra,1991,4,38,22.1,48,73,1.6,2.7,41883,0
592,Bogra,1991,5,38,22.7,416,88,2.3,6.3,41883,1
593,Bogra,1991,6,34.9,25.5,240,87,1.8,6.1,41883,0
594,Bogra,1991,7,35.1,26.1,404,86,1.9,6,41883,1
595,Bogra,1991,8,37,26.3,207,85,1.5,5.7,41883,0
596,Bogra,1991,9,34,24.9,733,91,1,6.2,41883,1
597,Bogra,1991,10,34.4,23.2,105,86,0.5,3.3,41883,0
598,Bogra,1991,11,32.7,16.6,0,77,0.5,1.3,41883,0
599,Bogra,1991,12,29,13.3,112,80,0.6,1.6,41883,0
600,Bogra,1992,1,27.9,12.3,0,81,0.5,0.7,41883,0
601,Bogra,1992,2,28.7,13.4,14,75,0.9,1.3,41883,0
602,Bogra,1992,3,37.3,19,0,63,1.7,0.9,41883,0
603,Bogra,1992,4,39.2,22.7,30,66,2.2,1.7,41883,0
604,Bogra,1992,5,36.8,23,140,78,2.3,3.3,41883,0
605,Bogra,1992,6,36.2,25,202,82,2.3,4.8,41883,0
606,Bogra,1992,7,34.6,25.5,289,87,2.1,5.8,41883,0
607,Bogra,1992,8,36.5,26.2,159,84,1.6,5.2,41883,0
608,Bogra,1992,9,35.6,25.3,424,85,1.5,4.2,41883,1
609,Bogra,1992,10,34.3,23,106,83,1,2.7,41883,0
610,Bogra,1992,11,34,17.6,3,77,0.8,1.5,41883,0
611,Bogra,1992,12,28.5,12.6,0,76,0.8,0.5,41883,0
612,Bogra,1993,1,28,11.2,65,81,1.1,1.1,41883,0
613,Bogra,1993,2,32,15.7,3,75,1,1.5,41883,0
614,Bogra,1993,3,34.5,17.6,14,65,1.6,1.5,41883,0
615,Bogra,1993,4,36.3,21.2,58,72,1.9,2.9,41883,0
616,Bogra,1993,5,35.5,23,268,81,2.2,5,41883,0
617,Bogra,1993,6,35.4,25,466,87,2.3,5.8,41883,1
618,Bogra,1993,7,34.6,26.1,432,86,1.9,5.7,41883,1
619,Bogra,1993,8,33.7,26.3,266,87,1.5,6.1,41883,0
620,Bogra,1993,9,35.8,25.5,240,87,1.1,5.6,41883,0
621,Bogra,1993,10,34.3,23.4,95,83,0.6,3.1,41883,0
622,Bogra,1993,11,32.3,18.9,1,78,0.6,1.5,41883,0
623,Bogra,1993,12,31,14,0,75,0.4,1.3,41883,0
624,Bogra,1994,1,29,12.8,10,72,0.8,1.3,41883,0
625,Bogra,1994,2,31.5,13.6,26,71,0.6,1.4,41883,0
626,Bogra,1994,3,36,19.2,4,69,1.5,1.4,41883,0
627,Bogra,1994,4,38.5,22.2,114,70,1.6,3.1,41883,0
628,Bogra,1994,5,41.5,24.6,94,76,1.8,4.3,41883,0
629,Bogra,1994,6,35.6,25.8,289,85,1.9,6.2,41883,0
630,Bogra,1994,7,35.6,26.3,173,81,2.1,6,41883,0
631,Bogra,1994,8,37,26.3,208,83,1.5,5.9,41883,0
632,Bogra,1994,9,35.6,25.2,263,82,1.1,4.9,41883,0
633,Bogra,1994,10,35.3,23,156,77,0.9,2.5,41883,0
634,Bogra,1994,11,32.2,18.5,5,76,0.6,2.6,41883,0
635,Bogra,1994,12,29.5,12.8,0,69,0.4,0.7,41883,0
636,Bogra,1995,1,28,10.7,16,69,0.9,1.4,41883,0
637,Bogra,1995,2,28.6,14.4,16,70,1,1.8,41883,0
638,Bogra,1995,3,38.7,18.3,14,65,0.9,2,41883,0
639,Bogra,1995,4,39.2,23.5,0,66,1.5,2.2,41883,0
640,Bogra,1995,5,38.6,25.7,111,77,2.5,4.5,41883,0
641,Bogra,1995,6,37.5,26.6,475,86,1.8,6.2,41883,1
642,Bogra,1995,7,33.5,26.1,534,87,1.9,6.7,41883,1
643,Bogra,1995,8,34.5,26.4,432,86,1.5,6.1,41883,1
644,Bogra,1995,9,35.5,26.1,471,85,1.3,6,41883,1
645,Bogra,1995,10,34.2,23.9,117,81,0.4,3.1,41883,0
646,Bogra,1995,11,34.1,19.1,70,76,0.5,2.5,41883,0
647,Bogra,1995,12,28,13.5,1,73,0.4,0.7,41883,0
648,Bogra,1996,1,27.7,12.2,3,77,0.6,1.3,41883,0
649,Bogra,1996,2,30.4,15,28,74,0.7,1.1,41883,0
650,Bogra,1996,3,35,20.2,7,69,1.1,1.8,41883,0
651,Bogra,1996,4,39,23,401,69,1.1,2.6,41883,1
652,Bogra,1996,5,39.3,24.6,184,78,1.7,4.5,41883,0
653,Bogra,1996,6,35.5,25.6,283,84,1.4,5.5,41883,0
654,Bogra,1996,7,35.2,26.5,338,86,1.4,6.5,41883,1
655,Bogra,1996,8,37,26.3,171,85,1.4,6.3,41883,0
656,Bogra,1996,9,36.7,26.2,335,86,0.6,4.9,41883,1
657,Bogra,1996,10,35.6,23,176,83,0.6,2.7,41883,0
658,Bogra,1996,11,34,17.7,0,78,0.4,0.7,41883,0
659,Bogra,1996,12,30.3,13.2,0,75,0.7,0.8,41883,0
660,Bogra,1997,1,27,11.2,10,75,0.4,1.4,41883,0
661,Bogra,1997,2,30.3,13.4,11,70,0.9,1.5,41883,0
662,Bogra,1997,3,34.2,19.6,9,70,0.7,1.5,41883,0
663,Bogra,1997,4,35.2,20.7,140,80,1,4,41883,0
664,Bogra,1997,5,39,24.1,102,76,1.6,4,41883,0
665,Bogra,1997,6,37.8,25.3,208,83,1.8,6,41883,0
666,Bogra,1997,7,34.8,26.4,298,87,1.5,6.2,41883,0
667,Bogra,1997,8,37.7,26.5,245,86,1.1,6.2,41883,0
668,Bogra,1997,9,33.5,25.3,220,88,0.9,6.2,41883,0
669,Bogra,1997,10,33.5,21.9,29,79,0.6,2.2,41883,0
670,Bogra,1997,11,34.5,18.8,2,78,0.4,2.2,41883,0
671,Bogra,1997,12,29.6,14,27,84,0.8,2.7,41883,0
672,Bogra,1998,1,27.4,11,10,82,0.7,2.8,41883,0
673,Bogra,1998,2,30.8,15,13,71,0.8,1.7,41883,0
674,Bogra,1998,3,33,17.6,26,71,1,2.5,41883,0
675,Bogra,1998,4,36.5,22.1,84,78,1.4,3.5,41883,0
676,Bogra,1998,5,39,24.9,143,79,1.3,4.5,41883,0
677,Bogra,1998,6,40.6,27,367,85,1.9,6,41883,0
678,Bogra,1998,7,35,26.5,749,89,1.2,7,41883,1
679,Bogra,1998,8,35,26.6,563,89,0.8,7.1,41883,1
680,Bogra,1998,9,36,26.4,283,86,0.9,5,41883,0
681,Bogra,1998,10,36.2,24.4,353,86,0.5,4,41883,1
682,Bogra,1998,11,33.8,20.6,10,79,0.5,2.1,41883,0
683,Bogra,1998,12,31.8,14.8,0,77,0.6,0.3,41883,0
684,Bogra,1999,1,29,11.9,0,76,0.9,0.5,41883,0
685,Bogra,1999,2,33.5,15.8,0,70,0.8,0.7,41883,0
686,Bogra,1999,3,35.6,19.3,0,62,1,0.6,41883,0
687,Bogra,1999,4,37,25.1,9,74,1.6,2.8,41883,0
688,Bogra,1999,5,37.2,24.4,246,82,1.4,4.6,41883,0
689,Bogra,1999,6,37,26.5,265,84,1.3,5.7,41883,0
690,Bogra,1999,7,35.8,26.3,343,87,1.1,6.5,41883,1
691,Bogra,1999,8,35,26.3,429,87,1.1,6.6,41883,1
692,Bogra,1999,9,34.1,25.7,168,87,1.1,5.5,41883,0
693,Bogra,1999,10,35.2,24.4,133,84,0.7,4.1,41883,0
694,Bogra,1999,11,33,19.1,17,78,0.4,1.2,41883,0
695,Bogra,1999,12,30,14.6,0,77,0.4,0.2,41883,0
696,Bogra,2000,1,28,12.1,18,78,0.7,1.2,41883,0
697,Bogra,2000,2,27.7,13.5,35,72,0.7,1.9,41883,0
698,Bogra,2000,3,32.8,18.5,76,72,0.8,1.8,41883,0
699,Bogra,2000,4,36.4,22.7,158,78,1.8,3.9,41883,0
700,Bogra,2000,5,37.5,24.2,272,81,1.2,5.1,41883,0
701,Bogra,2000,6,36.8,26.2,250,83,1.1,6.2,41883,0
702,Bogra,2000,7,35.1,26.6,190,84,1.4,5.7,41883,0
703,Bogra,2000,8,35,26.6,289,85,0.9,5.9,41883,0
704,Bogra,2000,9,36.2,25.2,466,87,0.8,5.6,41883,1
705,Bogra,2000,10,36,24.1,84,83,0.5,3,41883,0
706,Bogra,2000,11,33.4,19.6,0,79,0.3,1.2,41883,0
707,Bogra,2000,12,28.4,14,0,74,0.4,0.8,41883,0
708,Bogra,2001,1,27.4,10.7,0,73,0.6,0.7,41883,0
709,Bogra,2001,2,30.8,14.5,0,71,0.5,1,41883,0
710,Bogra,2001,3,35.5,18.5,0,62,0.7,1.3,41883,0
711,Bogra,2001,4,37.6,23.2,22,68,1.4,2.7,41883,0
712,Bogra,2001,5,35.8,23.8,217,79,1,3.9,41883,0
713,Bogra,2001,6,34.8,25.8,299,84,1.4,5.7,41883,0
714,Bogra,2001,7,36,26.7,185,83,1.3,5.8,41883,0
715,Bogra,2001,8,35.8,27,115,83,0.7,5.1,41883,0
716,Bogra,2001,9,35.2,26.1,344,86,0.5,5.1,41883,1
717,Bogra,2001,10,34.5,24.1,203,86,0.4,4,41883,0
718,Bogra,2001,11,32.5,19.9,8,82,0.3,2.1,41883,0
719,Bogra,2001,12,27.8,13.6,0,82,0.4,0.9,41883,0
720,Bogra,2002,1,28,13.2,0,79,0.4,1.5,41883,0
721,Bogra,2002,2,31,14.8,0,69,0.7,1,41883,0
722,Bogra,2002,3,35.2,19.4,5,67,0.8,1.7,41883,0
723,Bogra,2002,4,35.1,22,284,79,1.6,4.2,41883,0
724,Bogra,2002,5,37,24.1,123,81,1.3,4.4,41883,0
725,Bogra,2002,6,34.4,25.6,254,88,1,6.5,41883,0
726,Bogra,2002,7,35.2,26.1,476,90,0.7,6.9,41883,1
727,Bogra,2002,8,35.2,26.5,496,87,0.8,6,41883,1
728,Bogra,2002,9,36,25.6,326,87,0.7,5.1,41883,0
729,Bogra,2002,10,35.1,23,27,84,0.2,2.6,41883,0
730,Bogra,2002,11,33,19,20,80,0.3,2.1,41883,0
731,Bogra,2002,12,30,14.1,0,82,0.2,1.2,41883,0
732,Bogra,2003,1,28,9.5,4,83,0.7,0.9,41883,0
733,Bogra,2003,2,30.5,15.2,53,75,0.5,1.6,41883,0
734,Bogra,2003,3,34.6,18.4,72,72,0.9,2.1,41883,0
735,Bogra,2003,4,36.8,23.1,113,77,1.2,3.6,41883,0
736,Bogra,2003,5,38.7,23.9,214,77,1.3,4.6,41883,0
737,Bogra,2003,6,36.2,25.7,364,85,1.4,6.1,41883,1
738,Bogra,2003,7,37.5,26.8,219,83,1.2,5.8,41883,0
739,Bogra,2003,8,35.8,26.8,220,83,0.8,5.3,41883,0
740,Bogra,2003,9,35.8,26.1,156,87,0.7,5.4,41883,0
741,Bogra,2003,10,34.3,24.1,264,87,0.5,5,41883,0
742,Bogra,2003,11,32,18.1,0,77,0.2,0.8,41883,0
743,Bogra,2003,12,29.8,14.6,13,78,0.5,1.7,41883,0
744,Bogra,2004,1,26,11.7,0,84,0.7,2.7,41883,0
745,Bogra,2004,2,33,14.4,0,70,0.5,0.6,41883,0
746,Bogra,2004,3,35.6,20.9,45,72,1.1,1.7,41883,0
747,Bogra,2004,4,38,22.7,90,79,1.5,4.6,41883,0
748,Bogra,2004,5,40.1,25.1,137,74,1.3,3.7,41883,0
749,Bogra,2004,6,36,25,638,84,0.9,5.6,41883,1
750,Bogra,2004,7,34.2,25.8,529,86,1.3,6.2,41883,1
751,Bogra,2004,8,34.7,26.6,261,83,1.1,5.6,41883,0
752,Bogra,2004,9,34.7,25.4,206,88,1.3,6.1,41883,0
753,Bogra,2004,10,34.3,22.5,251,83,0.4,3.1,41883,0
754,Bogra,2004,11,31.5,17.5,0,77,0.3,0.7,41883,0
755,Bogra,2004,12,29.7,14.5,0,78,0.5,0.7,41883,0
756,Bogra,2005,1,27,12.1,5,79,0.6,2,41883,0
757,Bogra,2005,2,31.7,16,9,68,1,1.2,41883,0
758,Bogra,2005,3,34.4,20.6,58,73,1.2,2.7,41883,0
759,Bogra,2005,4,36,22.8,72,73,1.5,2.9,41883,0
760,Bogra,2005,5,38.7,23.2,138,76,1.7,4.3,41883,0
761,Bogra,2005,6,37.7,26.3,130,78,1.6,4.8,41883,0
762,Bogra,2005,7,34.5,26.2,471,84,1.2,5.6,41883,1
763,Bogra,2005,8,35.4,26.7,328,85,1,5.8,41883,0
764,Bogra,2005,9,36.6,26.2,356,83,0.8,4.7,41883,1
765,Bogra,2005,10,34.2,23.5,523,85,0.7,4.6,41883,1
766,Bogra,2005,11,32,18.1,0,80,0.4,1.2,41883,0
767,Bogra,2005,12,29.8,13.9,1,75,0.4,0.9,41883,0
768,Bogra,2006,1,28.6,11.9,0,80,0.6,1,41883,0
769,Bogra,2006,2,34.8,17.9,0,76,0.5,0.7,41883,0
770,Bogra,2006,3,37,19.3,12,62,0.7,1.3,41883,0
771,Bogra,2006,4,36.3,22.4,143,76,1.4,3.5,41883,0
772,Bogra,2006,5,37.3,24.4,193,77,1.3,4.2,41883,0
773,Bogra,2006,6,36.6,26.1,184,83,1.3,5.9,41883,0
774,Bogra,2006,7,37,26.8,192,83,1.5,5.7,41883,0
775,Bogra,2006,8,37,26.5,138,82,1.2,5.2,41883,0
776,Bogra,2006,9,35.7,25.8,174,84,1,5.1,41883,0
777,Bogra,2006,10,34.6,23.4,69,81,0.4,2.3,41883,0
778,Bogra,2006,11,32.2,18.4,1,77,0.3,2.5,41883,0
779,Bogra,2006,12,29.5,14.1,0,76,0.2,0.3,41883,0
780,Bogra,2007,1,28.9,10.7,0,77,0.3,1,41883,0
781,Bogra,2007,2,30,15.5,18,78,0.4,2.3,41883,0
782,Bogra,2007,3,35.2,17.8,25,66,0.6,1.1,41883,0
783,Bogra,2007,4,36.5,23.3,28,73,1.4,3.3,41883,0
784,Bogra,2007,5,40.5,25.3,92,72,1.1,3.1,41883,0
785,Bogra,2007,6,38.2,25.4,732,84,1.1,5.9,41883,1
786,Bogra,2007,7,35.4,26.3,320,85,1.1,6.5,41883,0
787,Bogra,2007,8,37.4,26.7,256,83,0.8,5.3,41883,0
788,Bogra,2007,9,36,26.1,302,83,0.8,5.1,41883,1
789,Bogra,2007,10,35.5,23.8,131,82,0.5,3.1,41883,0
790,Bogra,2007,11,33.1,19.1,15,77,0.3,1.3,41883,0
791,Bogra,2007,12,28.4,12.9,0,77,0.3,0.4,41883,0
792,Bogra,2008,1,28,12.5,27,80,0.5,1.8,41883,0
793,Bogra,2008,2,30,13,0,72,0.5,0.9,41883,0
794,Bogra,2008,3,35.2,20.5,22,74,0.9,2.3,41883,0
795,Bogra,2008,4,37.5,23.2,20,72,1.3,2.3,41883,0
796,Bogra,2008,5,36.4,24.4,213,75,1.2,3.6,41883,0
797,Bogra,2008,6,35.6,25.8,393,84,1.2,5.9,41883,1
798,Bogra,2008,7,34.5,26.1,474,86,0.8,6.3,41883,1
799,Bogra,2008,8,36.3,26.4,374,85,0.8,6,41883,1
800,Bogra,2008,9,36,26.1,109,82,0.8,4.9,41883,0
801,Bogra,2008,10,34.8,23,159,82,0.5,2.8,41883,0
802,Bogra,2008,11,32.7,17.9,0,75,0.2,0.8,41883,0
803,Bogra,2008,12,30,16.1,0,83,0.2,2.3,41883,0
804,Bogra,2009,1,27.5,13.1,0,82,2.1,0.9,41883,0
805,Bogra,2009,2,32.2,13.9,3,66,2.9,0.4,41883,0
806,Bogra,2009,3,34.3,19.1,3,65,2.7,1.7,41883,0
807,Bogra,2009,4,39.1,23.7,49,70,3.3,2.1,41883,0
808,Bogra,2009,5,39,24.1,205,78,3,3.8,41883,0
809,Bogra,2009,6,38.2,26,128,78,2.4,4.6,41883,0
810,Bogra,2009,7,36,26.7,194,82,3.2,5.9,41883,0
811,Bogra,2009,8,34.5,26.2,570,86,2.8,6.2,41883,1
812,Bogra,2009,9,36,26.3,169,82,3.5,4.6,41883,0
813,Bogra,2009,10,35.7,23.2,89,79,2.6,2.9,41883,0
814,Bogra,2009,11,34.2,18.8,0,75,1.6,1.5,41883,0
815,Bogra,2009,12,29.5,13.2,0,79,1.5,1,41883,0
816,Bogra,2010,1,28.7,10.9,0,80,3.1,1.5,41883,0
817,Bogra,2010,2,31.2,14.4,0,66,2.3,1.1,41883,0
818,Bogra,2010,3,36.8,20.9,0,64,3.5,1.3,41883,0
819,Bogra,2010,4,38,24.8,26,75,3.9,3.3,41883,0
820,Bogra,2010,5,40,25.1,185,74,3.4,4.3,41883,0
821,Bogra,2010,6,37,26.3,286,83,3,6.2,41883,0
822,Bogra,2010,7,35.8,27.1,92,82,2.8,5.8,41883,0
823,Bogra,2010,8,36.6,26.9,225,82,2.5,5.7,41883,0
824,Bogra,2010,9,34.8,26.1,244,84,2.6,5.4,41883,0
825,Bogra,2010,10,36,23.8,190,81,2.5,3.5,41883,0
826,Bogra,2010,11,34.2,19.5,3,75,1.8,1.6,41883,0
827,Bogra,2010,12,30.4,13.5,20,75,1.9,1.6,41883,0
828,Bogra,2011,1,27,10.1,1,80,2.1,1.5,41883,0
829,Bogra,2011,2,30.5,14.7,0,68,2.8,0.9,41883,0
830,Bogra,2011,3,35.4,20.1,7,67,2.9,2.3,41883,0
831,Bogra,2011,4,35.6,22.4,145,71,2.8,3.4,41883,0
832,Bogra,2011,5,35.4,23.6,194,78,3,4.5,41883,0
833,Bogra,2011,6,37.1,26.1,193,82,3.3,5.7,41883,0
834,Bogra,2011,7,35.8,26.5,175,83,2.8,5.9,41883,0
835,Bogra,2011,8,37,26.3,606,86,3,6.3,41883,1
836,Bogra,2011,9,37.4,26.2,389,84,3,5.1,41883,0
837,Bogra,2011,10,36,24.2,0,78,2,1.8,41883,0
838,Bogra,2011,11,32.7,18,11,76,1.6,0.7,41883,0
839,Bogra,2011,12,32,13.3,0,82,1.9,1.8,41883,0
840,Bogra,2012,1,27.2,12.2,19,74,2.7,2.1,41883,0
841,Bogra,2012,2,32,13.9,0,64,3,0.7,41883,0
842,Bogra,2012,3,36.4,19.5,0,60,3.6,0.5,41883,0
843,Bogra,2012,4,38.4,22.7,74,71,3.5,3.3,41883,0
844,Bogra,2012,5,39.3,25.6,94,71,3.4,3.8,41883,0
845,Bogra,2012,6,37.8,26.4,147,81,3.6,6.2,41883,0
846,Bogra,2012,7,35,26.7,186,84,3.1,6.6,41883,0
847,Bogra,2012,8,35.5,26.9,164,82,2.8,6,41883,0
848,Bogra,2012,9,38.2,26.4,345,83,2.9,6.2,41883,1
849,Bogra,2012,10,35.5,22.9,74,79,2.5,3,41883,0
850,Bogra,2012,11,31.8,17.3,36,75,2,1.9,41883,0
851,Bogra,2012,12,28.6,13,1,85,2.1,2.1,41883,0
852,Bogra,2013,1,28.5,10.3,0,76,2.5,0.9,41883,0
853,Bogra,2013,2,32.5,15.1,22,67,2.7,1.3,41883,0
854,Bogra,2013,3,35.7,19.9,3,63,3.3,1,41883,0
855,Bogra,2013,4,37.2,22.8,0,73,0,3.3,41883,0
856,Bogra,2013,5,37.4,24.5,152,81,3.2,6.3,41883,0
857,Bogra,2013,6,37.2,26.9,204,79,2.7,5.4,41883,0
858,Bogra,2013,7,35,26.9,283,81,3.2,6,41883,0
859,Bogra,2013,8,35.8,26.5,256,86,3,6.1,41883,0
860,Bogra,2013,9,36.3,26.5,99,81,2.4,5.2,41883,0
861,Bogra,2013,10,35.5,23.8,200,83,2.4,4.5,41883,1
862,Bogra,2013,11,32.3,17.4,0,74,1.6,0.9,41883,0
863,Bogra,2013,12,30.5,14.1,0,79,1.7,1.3,41883,0
864,Chandpur,1990,1,28.7,14.2,0,82,0.4,0.7,41941,0
865,Chandpur,1990,2,30.6,17.3,36,78,0.4,2.3,41941,0
866,Chandpur,1990,3,34.1,19.1,111,79,0.7,3.4,41941,0
867,Chandpur,1990,4,34.6,22.6,163,78,1.3,3.4,41941,0
868,Chandpur,1990,5,34.8,25,189,79,0.8,4.2,41941,0
869,Chandpur,1990,6,34.6,26.1,311,84,0.9,5.3,41941,1
870,Chandpur,1990,7,33.5,25.7,421,86,0.8,5.9,41941,1
871,Chandpur,1990,8,34.3,26.3,177,82,0.7,5,41941,0
872,Chandpur,1990,9,34.5,26.1,208,84,0.7,4.8,41941,0
873,Chandpur,1990,10,32.9,23.3,263,81,0.5,3.3,41941,0
874,Chandpur,1990,11,32.1,21.5,55,79,0.3,2.3,41941,0
875,Chandpur,1990,12,28.1,15.6,22,79,0.3,1.3,41941,0
876,Chandpur,1991,1,27.8,13.3,7,77,0.3,1.6,41941,0
877,Chandpur,1991,2,32.5,16.9,23,75,0.4,0.8,41941,0
878,Chandpur,1991,3,35.5,21.6,109,73,0.5,1.4,41941,0
879,Chandpur,1991,4,35.4,24.3,150,78,1,2.9,41941,0
880,Chandpur,1991,5,33.5,24,376,84,1.6,5.2,41941,1
881,Chandpur,1991,6,33.8,25.9,419,86,0.9,5.5,41941,1
882,Chandpur,1991,7,33.8,26.5,252,84,1,5.5,41941,0
883,Chandpur,1991,8,34.4,26,320,86,0.9,5.4,41941,0
884,Chandpur,1991,9,33.6,25.7,387,87,0.4,5.1,41941,1
885,Chandpur,1991,10,33.8,24.5,284,85,0.5,3.9,41941,0
886,Chandpur,1991,11,31.1,18.7,6,79,0.3,1.7,41941,0
887,Chandpur,1991,12,29.1,14.5,13,78,0.4,1.3,41941,0
888,Chandpur,1992,1,27.6,13.2,0,80,0.4,0.3,41941,0
889,Chandpur,1992,2,29.1,15.5,96,78,0.8,2.2,41941,0
890,Chandpur,1992,3,36.1,22.1,0,72,1.6,1.8,41941,0
891,Chandpur,1992,4,35.8,24.7,20,74,1.9,2.3,41941,0
892,Chandpur,1992,5,34.9,24.2,147,78,1.5,4,41941,0
893,Chandpur,1992,6,35.2,26.1,178,80,1,4.7,41941,0
894,Chandpur,1992,7,34.5,25.8,338,86,1.4,6,41941,1
895,Chandpur,1992,8,34.1,25.8,335,85,1,5.7,41941,1
896,Chandpur,1992,9,33.8,25.8,150,84,1,4.7,41941,0
897,Chandpur,1992,10,33.7,24.5,81,81,0.5,2.8,41941,0
898,Chandpur,1992,11,32.6,20,1,77,0.3,2.6,41941,0
899,Chandpur,1992,12,26.8,14.4,0,78,0.4,0.3,41941,0
900,Chandpur,1993,1,28.6,13.3,0,78,0.5,0.5,41941,0
901,Chandpur,1993,2,31.6,17.1,108,76,1,1.5,41941,0
902,Chandpur,1993,3,33.4,19.4,142,72,0.9,1.9,41941,0
903,Chandpur,1993,4,35.7,23.1,110,76,1.2,3.2,41941,0
904,Chandpur,1993,5,34.8,23.9,317,81,1.3,4.6,41941,1
905,Chandpur,1993,6,34.6,26,299,83,1.8,5.7,41941,0
906,Chandpur,1993,7,33.8,25.9,414,85,1.2,5.6,41941,1
907,Chandpur,1993,8,33.1,26.2,448,85,1.1,5.9,41941,1
908,Chandpur,1993,9,34.1,25.5,258,84,0.8,5.4,41941,0
909,Chandpur,1993,10,33.8,24.6,88,82,0.2,3.2,41941,0
910,Chandpur,1993,11,30.8,20.5,7,78,0.1,0.9,41941,0
911,Chandpur,1993,12,28.6,16.1,0,76,0.1,0.9,41941,0
912,Chandpur,1994,1,29,14.7,8,71,0.2,0.6,41941,0
913,Chandpur,1994,2,30.2,15.2,9,69,0.1,1.1,41941,0
914,Chandpur,1994,3,33.8,21.9,85,71,0.8,2.4,41941,0
915,Chandpur,1994,4,36.5,23.4,310,75,0.4,2.8,41941,1
916,Chandpur,1994,5,35.6,25.2,178,78,0.6,3.6,41941,0
917,Chandpur,1994,6,35.1,25.9,287,84,0.7,5,41941,0
918,Chandpur,1994,7,34,25.8,169,82,1,5.2,41941,0
919,Chandpur,1994,8,33.5,25.8,383,83,1,5.5,41941,1
920,Chandpur,1994,9,34.1,25.7,98,80,0.6,3.7,41941,0
921,Chandpur,1994,10,33.6,24,44,77,0.2,2.3,41941,0
922,Chandpur,1994,11,32.7,20.1,1,74,0.2,2.2,41941,0
923,Chandpur,1994,12,29.6,14.7,0,68,0.1,0.4,41941,0
924,Chandpur,1995,1,27.6,12.8,0,70,0.4,1.3,41941,0
925,Chandpur,1995,2,31,16,25,71,0.1,1.9,41941,0
926,Chandpur,1995,3,36.7,19.6,1,65,0.3,1.1,41941,0
927,Chandpur,1995,4,35.8,24,51,73,0.6,2.7,41941,0
928,Chandpur,1995,5,35.8,25.9,177,79,1,4,41941,0
929,Chandpur,1995,6,34.7,26.1,358,83,0.8,5.2,41941,1
930,Chandpur,1995,7,33.1,25.7,403,84,1,6.2,41941,1
931,Chandpur,1995,8,34.6,26.1,484,83,0.8,5.6,41941,1
932,Chandpur,1995,9,34.2,26,239,83,0.8,5.2,41941,0
933,Chandpur,1995,10,34,25.2,77,79,0.5,2.8,41941,0
934,Chandpur,1995,11,33,21,194,78,0.5,2.8,41941,0
935,Chandpur,1995,12,28.1,15.6,0,72,0.3,0.3,41941,0
936,Chandpur,1996,1,28.1,14.3,4,77,0.4,0.6,41941,0
937,Chandpur,1996,2,32.5,16.5,10,73,0.6,0.9,41941,0
938,Chandpur,1996,3,35.2,22.5,75,75,0.9,1.9,41941,0
939,Chandpur,1996,4,35.5,23.9,196,77,0.8,2.6,41941,0
940,Chandpur,1996,5,36.4,25.7,96,79,1.2,3.5,41941,0
941,Chandpur,1996,6,34.8,25.5,314,83,1,3.3,41941,1
942,Chandpur,1996,7,34,26.2,290,84,0.7,4.1,41941,0
943,Chandpur,1996,8,33.8,25.8,218,85,0.6,3.7,41941,0
944,Chandpur,1996,9,35.7,26.2,249,83,0.5,3.5,41941,0
945,Chandpur,1996,10,34.7,23.9,246,80,0.6,1.9,41941,0
946,Chandpur,1996,11,32.8,19.8,20,79,0.4,1.2,41941,0
947,Chandpur,1996,12,28.6,16.1,0,75,0.6,1.4,41941,0
948,Chandpur,1997,1,27.1,13,2,74,0.4,1.1,41941,0
949,Chandpur,1997,2,30.5,15.3,29,73,0.5,1.4,41941,0
950,Chandpur,1997,3,34,21.4,54,77,0.6,2.2,41941,0
951,Chandpur,1997,4,33.5,21,72,79,0.9,3.4,41941,0
952,Chandpur,1997,5,35.5,24.8,133,78,1.1,4.1,41941,0
953,Chandpur,1997,6,35.5,25.6,266,84,1.1,5.8,41941,0
954,Chandpur,1997,7,34.1,25.9,492,87,1.1,6.1,41941,1
955,Chandpur,1997,8,36.8,26.6,338,84,1.1,5.8,41941,1
956,Chandpur,1997,9,33.5,25.5,421,86,0.9,5.6,41941,1
957,Chandpur,1997,10,33.5,23.6,34,79,0.6,2,41941,0
958,Chandpur,1997,11,33.1,21.1,0,78,0.4,1.8,41941,0
959,Chandpur,1997,12,28,15.9,33,82,0.7,2.1,41941,0
960,Chandpur,1998,1,26.5,13.7,23,82,0.7,2.6,41941,0
961,Chandpur,1998,2,30.7,17.1,54,76,0.5,1.7,41941,0
962,Chandpur,1998,3,33.6,19.4,130,74,1.1,2.3,41941,0
963,Chandpur,1998,4,34.5,22.9,158,80,1.3,3.1,41941,0
964,Chandpur,1998,5,36,25.9,237,82,0.9,4.8,41941,0
965,Chandpur,1998,6,35.2,27.6,92,82,1.5,4.8,41941,0
966,Chandpur,1998,7,33.5,26.1,622,87,0.9,6.5,41941,1
967,Chandpur,1998,8,33.7,26.6,336,86,0.8,6.2,41941,1
968,Chandpur,1998,9,35.4,26.3,186,84,0.6,5.3,41941,0
969,Chandpur,1998,10,35.2,24.4,97,82,0.3,3.5,41941,0
970,Chandpur,1998,11,32.6,19.9,157,81,0.8,1.9,41941,0
971,Chandpur,1998,12,29.5,15.9,0,79,0.4,0.1,41941,0
972,Chandpur,1999,1,29,14.6,0,76,0.6,0.4,41941,0
973,Chandpur,1999,2,34,17.3,0,73,0.6,0.9,41941,0
974,Chandpur,1999,3,35.7,21.9,1,72,0.7,1.2,41941,0
975,Chandpur,1999,4,35.5,25.4,21,76,0.9,2.1,41941,0
976,Chandpur,1999,5,35.5,25.1,357,83,1,4.6,41941,0
977,Chandpur,1999,6,35.5,25.9,289,85,1,5.7,41941,0
978,Chandpur,1999,7,33.9,25.7,947,88,0.6,6.2,41941,1
979,Chandpur,1999,8,34,25.9,323,87,0.6,6.1,41941,0
980,Chandpur,1999,9,33,25.1,394,87,0.4,5.4,41941,1
981,Chandpur,1999,10,33.2,24.6,284,86,0.5,4.4,41941,0
982,Chandpur,1999,11,31.6,20.4,4,78,0.3,0.8,41941,0
983,Chandpur,1999,12,29.5,16.3,1,78,0.2,0.4,41941,0
984,Chandpur,2000,1,29,14,25,78,0.5,0.9,41941,0
985,Chandpur,2000,2,28.1,15.9,15,72,0.3,3,41941,0
986,Chandpur,2000,3,34.1,20.5,58,73,0.4,2.2,41941,0
987,Chandpur,2000,4,34,23.6,160,78,1,3,41941,0
988,Chandpur,2000,5,36.1,24.4,470,81,0.7,4.7,41941,1
989,Chandpur,2000,6,35.1,25.9,288,83,0.6,5.7,41941,0
990,Chandpur,2000,7,35.1,26.3,293,83,0.7,5.7,41941,0
991,Chandpur,2000,8,34.6,26.3,214,83,0.5,5.7,41941,0
992,Chandpur,2000,9,34,25.8,73,83,0.3,5.1,41941,0
993,Chandpur,2000,10,35.1,24.8,188,83,0.3,3.1,41941,0
994,Chandpur,2000,11,32,20.2,1,78,0.1,0.5,41941,0
995,Chandpur,2000,12,28.4,14.9,0,76,0.1,0.2,41941,0
996,Chandpur,2001,1,27.5,12.6,0,73,0.4,0.3,41941,0
997,Chandpur,2001,2,34.1,16.3,25,72,0.3,1.2,41941,0
998,Chandpur,2001,3,35,20.3,1,68,0.2,1.2,41941,0
999,Chandpur,2001,4,36.1,24.2,23,74,0.6,2.5,41941,0
1000,Chandpur,2001,5,34.6,24.2,448,81,0.4,4.2,41941,1
1001,Chandpur,2001,6,33.6,25.5,541,86,0.6,5.8,41941,1
1002,Chandpur,2001,7,34,25.8,387,84,0.7,6.1,41941,1
1003,Chandpur,2001,8,34.2,26.3,197,82,0.4,5.6,41941,0
1004,Chandpur,2001,9,34.1,25.7,321,85,0.2,4.4,41941,0
1005,Chandpur,2001,10,34,24.9,157,84,0.1,3.8,41941,0
1006,Chandpur,2001,11,31.4,21.2,76,83,0.1,2.3,41941,0
1007,Chandpur,2001,12,27.5,15,0,81,0.1,0.6,41941,0
1008,Chandpur,2002,1,28,14.4,14,78,0.1,1.3,41941,0
1009,Chandpur,2002,2,33,16.4,0,69,0.4,0.3,41941,0
1010,Chandpur,2002,3,35.5,20,170,70,0.3,1.6,41941,0
1011,Chandpur,2002,4,34.1,23,114,77,1.1,3.6,41941,0
1012,Chandpur,2002,5,35.7,24.5,376,80,1,4.7,41941,1
1013,Chandpur,2002,6,34.7,25.7,549,85,0.9,6.1,41941,1
1014,Chandpur,2002,7,34.2,26,477,86,0.7,6.8,41941,1
1015,Chandpur,2002,8,34,25.9,409,85,0.7,5.7,41941,1
1016,Chandpur,2002,9,35,25.8,258,83,0.6,4.9,41941,0
1017,Chandpur,2002,10,34.5,23.9,32,79,0.3,2.7,41941,0
1018,Chandpur,2002,11,32,20.1,77,78,0.3,2.6,41941,0
1019,Chandpur,2002,12,29.7,16,0,79,0.4,1.4,41941,0
1020,Chandpur,2003,1,26,12.3,0,80,0.5,0.7,41941,0
1021,Chandpur,2003,2,31,16.2,13,72,0.4,1.1,41941,0
1022,Chandpur,2003,3,33.5,19.5,109,73,0.5,2,41941,0
1023,Chandpur,2003,4,35.2,24.6,81,79,0.9,2.8,41941,0
1024,Chandpur,2003,5,35.7,25.5,125,83,0.5,3.9,41941,0
1025,Chandpur,2003,6,35.6,25.9,533,88,0.6,6,41941,1
1026,Chandpur,2003,7,35.2,26.3,209,86,0.7,5.7,41941,0
1027,Chandpur,2003,8,34.7,26.3,279,83,0.5,5.4,41941,1
1028,Chandpur,2003,9,33.7,26.3,200,84,0.3,5.4,41941,0
1029,Chandpur,2003,10,33.6,25.6,143,83,0.2,4,41941,0
1030,Chandpur,2003,11,32,20,0,77,0.1,0.2,41941,0
1031,Chandpur,2003,12,28.2,16.5,26,82,0.1,1.6,41941,0
1032,Chandpur,2004,1,27.2,14.1,0,83,0.3,1.4,41941,0
1033,Chandpur,2004,2,31.7,16,0,75,0.2,0.8,41941,0
1034,Chandpur,2004,3,34.5,22.2,9,81,0.2,2.3,41941,0
1035,Chandpur,2004,4,33.7,24,104,86,0.5,4.1,41941,0
1036,Chandpur,2004,5,36.7,25.9,101,81,0.4,3.5,41941,0
1037,Chandpur,2004,6,35.2,25.3,374,88,0.3,5.4,41941,1
1038,Chandpur,2004,7,33.2,26.3,312,88,0.5,6,41941,0
1039,Chandpur,2004,8,34,26,334,87,0.6,6,41941,1
1040,Chandpur,2004,9,33.5,25.7,845,89,0.4,6,41941,1
1041,Chandpur,2004,10,34.5,24.3,302,85,0.3,2.5,41941,0
1042,Chandpur,2004,11,31,19.7,0,80,0.1,0.3,41941,0
1043,Chandpur,2004,12,29.5,17.1,2,80,0.1,0.7,41941,0
1044,Chandpur,2005,1,28,14.4,7,81,0.2,1.5,41941,0
1045,Chandpur,2005,2,31.5,18,0,74,0.5,1.4,41941,0
1046,Chandpur,2005,3,34.2,22.4,122,80,0.7,3.3,41941,0
1047,Chandpur,2005,4,35.5,24.2,91,81,0.8,3.1,41941,0
1048,Chandpur,2005,5,35.7,24.9,115,82,0.7,4.2,41941,0
1049,Chandpur,2005,6,36.7,26.8,31,85,0.7,5.3,41941,0
1050,Chandpur,2005,7,33.7,26,344,88,0.6,6.2,41941,1
1051,Chandpur,2005,8,33.6,26.4,318,89,0.4,6.6,41941,1
1052,Chandpur,2005,9,34.5,26.1,149,87,0.3,6.3,41941,0
1053,Chandpur,2005,10,34.2,25,360,86,0.1,5.1,41941,1
1054,Chandpur,2005,11,31.4,20.2,0,81,0.2,1.1,41941,0
1055,Chandpur,2005,12,29.8,16.5,2,79,0.3,1,41941,0
1056,Chandpur,2006,1,27.6,14.1,0,80,0.3,0.8,41941,0
1057,Chandpur,2006,2,33.8,19.4,0,77,0.4,0.7,41941,0
1058,Chandpur,2006,3,36.2,21.5,0,71,0.4,1.4,41941,0
1059,Chandpur,2006,4,35.6,23.9,27,77,0.8,3.8,41941,0
1060,Chandpur,2006,5,36,25.3,260,80,0.6,4.5,41941,0
1061,Chandpur,2006,6,35.7,26.4,336,87,0.6,6.4,41941,1
1062,Chandpur,2006,7,35.2,26.3,348,87,0.8,6.2,41941,1
1063,Chandpur,2006,8,34.2,26,309,86,1,6,41941,0
1064,Chandpur,2006,9,34.2,25.8,410,86,0.8,5.6,41941,1
1065,Chandpur,2006,10,34.4,25,24,83,0.2,4.1,41941,0
1066,Chandpur,2006,11,32.7,20.6,0,82,0.2,2.4,41941,0
1067,Chandpur,2006,12,29.7,15.6,0,80,0.1,0.3,41941,0
1068,Chandpur,2007,1,28.2,12.9,0,79,0.2,0.4,41941,0
1069,Chandpur,2007,2,31.5,16.8,57,77,0.4,2.3,41941,0
1070,Chandpur,2007,3,36.7,18.7,40,68,0.4,1.3,41941,0
1071,Chandpur,2007,4,35.7,23.8,51,79,0.9,3.6,41941,0
1072,Chandpur,2007,5,37.7,25.6,226,80,0.6,4.1,41941,0
1073,Chandpur,2007,6,35.7,25.7,399,87,0.8,6.5,41941,1
1074,Chandpur,2007,7,34.8,26,782,89,0.6,6.9,41941,1
1075,Chandpur,2007,8,35.2,26.5,180,86,0.5,6.4,41941,0
1076,Chandpur,2007,9,34.5,26.4,266,88,0.4,6.6,41941,0
1077,Chandpur,2007,10,35,24.3,228,83,0.3,4.2,41941,0
1078,Chandpur,2007,11,32,21,109,82,0.4,2.2,41941,0
1079,Chandpur,2007,12,28.8,15.7,0,79,0.3,1.2,41941,0
1080,Chandpur,2008,1,29.7,14.4,39,78,0.4,1.5,41941,0
1081,Chandpur,2008,2,30.7,14.9,22,73,0.3,1.5,41941,0
1082,Chandpur,2008,3,34.2,21.6,64,77,0.3,3.5,41941,0
1083,Chandpur,2008,4,36.5,24,67,75,0.5,3,41941,0
1084,Chandpur,2008,5,37.8,24.9,240,78,0.5,5,41941,0
1085,Chandpur,2008,6,35.2,25.8,193,87,0.6,6.8,41941,0
1086,Chandpur,2008,7,34.9,25.9,649,89,0.5,7.1,41941,1
1087,Chandpur,2008,8,34.7,26.1,320,87,0.4,6.5,41941,1
1088,Chandpur,2008,9,34.8,26,213,85,0.5,6,41941,0
1089,Chandpur,2008,10,34.7,23.8,333,84,0.4,3.6,41941,1
1090,Chandpur,2008,11,33,19.5,0,77,0.2,1.3,41941,0
1091,Chandpur,2008,12,30.4,17.1,0,84,0.1,3.2,41941,0
1092,Chandpur,2009,1,29.6,14.4,0,80,1,1,41941,0
1093,Chandpur,2009,2,33.4,16.5,1,70,1.8,0.8,41941,0
1094,Chandpur,2009,3,35.8,21,5,69,1.7,3.5,41941,0
1095,Chandpur,2009,4,36.8,25.1,56,76,2.8,3.9,41941,0
1096,Chandpur,2009,5,36.8,24.8,220,79,2.7,4.8,41941,0
1097,Chandpur,2009,6,36.4,26.5,177,82,2.2,5.1,41941,0
1098,Chandpur,2009,7,35.2,25.9,431,87,2.4,6.5,41941,1
1099,Chandpur,2009,8,35.3,26.2,312,87,2.2,6.7,41941,1
1100,Chandpur,2009,9,35.2,26.1,146,85,2.3,5.7,41941,0
1101,Chandpur,2009,10,35,24.1,195,83,1.9,3,41941,0
1102,Chandpur,2009,11,33.6,20.3,3,78,1.8,2.8,41941,0
1103,Chandpur,2009,12,29.6,15,0,79,2.2,2.4,41941,0
1104,Chandpur,2010,1,29,12.4,0,81,2.8,1.9,41941,0
1105,Chandpur,2010,2,32.4,15.9,23,72,2.6,1.6,41941,0
1106,Chandpur,2010,3,37.4,22.5,3,72,3.3,2.9,41941,0
1107,Chandpur,2010,4,36.2,25.9,17,78,3.5,4.7,41941,0
1108,Chandpur,2010,5,36.7,25.2,191,80,2.7,5.1,41941,0
1109,Chandpur,2010,6,39.7,26.3,541,87,2.6,6.4,41941,1
1110,Chandpur,2010,7,34.7,26.6,233,85,2.6,5.8,41941,0
1111,Chandpur,2010,8,35,26.7,204,84,2.5,6.1,41941,0
1112,Chandpur,2010,9,38.2,26.3,229,86,2.5,5.9,41941,0
1113,Chandpur,2010,10,35.7,25.3,303,82,2.4,4.8,41941,1
1114,Chandpur,2010,11,33.2,21.2,6,79,1.9,1.8,41941,0
1115,Chandpur,2010,12,29.6,15.2,15,78,2.1,1.7,41941,0
1116,Chandpur,2011,1,28.6,12,0,78,2.2,0.8,41941,0
1117,Chandpur,2011,2,31,16.2,1,71,2.3,0.9,41941,0
1118,Chandpur,2011,3,35.2,20.3,35,70,2.9,3.3,41941,0
1119,Chandpur,2011,4,35.6,22.6,145,76,2.4,5.1,41941,0
1120,Chandpur,2011,5,36,24.4,424,82,2.2,6.3,41941,1
1121,Chandpur,2011,6,35.5,26,410,87,2.3,6.5,41941,1
1122,Chandpur,2011,7,35,26.1,291,85,2.1,6.3,41941,0
1123,Chandpur,2011,8,35.2,26,403,87,2.1,6.5,41941,1
1124,Chandpur,2011,9,35.9,26.1,291,86,2.2,6.1,41941,0
1125,Chandpur,2011,10,35.2,24.7,128,81,2.1,3.5,41941,0
1126,Chandpur,2011,11,32.4,19.2,0,77,1.5,1.2,41941,0
1127,Chandpur,2011,12,30.7,15.3,0,81,2.1,2.3,41941,0
1128,Chandpur,2012,1,29.2,14,12,79,2.2,2.7,41941,0
1129,Chandpur,2012,2,34,15.2,12,67,1.9,0.9,41941,0
1130,Chandpur,2012,3,35,21.6,30,71,2.5,2.7,41941,0
1131,Chandpur,2012,4,37,23.6,194,80,2.7,4.3,41941,0
1132,Chandpur,2012,5,36.8,25.6,121,78,2.3,4.2,41941,0
1133,Chandpur,2012,6,36.6,26.5,279,85,2.9,6.2,41941,0
1134,Chandpur,2012,7,34.7,26.4,298,86,2.6,6.5,41941,0
1135,Chandpur,2012,8,34.6,26.2,452,85,2.4,6.3,41941,1
1136,Chandpur,2012,9,36.6,26.3,137,85,2.3,6.1,41941,0
1137,Chandpur,2012,10,34.2,24.2,128,82,2.6,4,41941,0
1138,Chandpur,2012,11,32.8,19.3,92,78,2.3,2.5,41941,0
1139,Chandpur,2012,12,28.7,14.1,2,83,2.3,2,41941,0
1140,Chandpur,2013,1,28.7,11.7,0,78,2.5,0.6,41941,0
1141,Chandpur,2013,2,32.4,16,3,71,2.7,1.5,41941,0
1142,Chandpur,2013,3,35.5,21.3,15,71,2.1,1.9,41941,0
1143,Chandpur,2013,4,36.2,23.9,135,76,2.8,4,41941,0
1144,Chandpur,2013,5,35.7,24.4,670,86,3,6.6,41941,1
1145,Chandpur,2013,6,36.4,26.3,497,83,2.3,5.1,41941,1
1146,Chandpur,2013,7,34.6,26.5,225,85,2.2,6.2,41941,0
1147,Chandpur,2013,8,35.2,26.2,331,86,2.4,6.3,41941,1
1148,Chandpur,2013,9,35.6,26.1,502,86,2.1,6.4,41941,1
1149,Chandpur,2013,10,35,24.5,167,85,1.9,5.1,41941,1
1150,Chandpur,2013,11,32.5,19.1,0,75,2.3,1.3,41941,0
1151,Chandpur,2013,12,30.4,15.9,0,79,2,2.2,41941,0
1152,Chittagong (IAP-Patenga),1990,1,28.4,14.5,0,77,1,1.4,41978,0
1153,Chittagong (IAP-Patenga),1990,2,30.6,18.2,39,75,1.5,3.1,41978,0
1154,Chittagong (IAP-Patenga),1990,3,33.5,19.4,53,75,2.2,4,41978,0
1155,Chittagong (IAP-Patenga),1990,4,33.2,21.9,250,77,4.3,4,41978,0
1156,Chittagong (IAP-Patenga),1990,5,33.5,25.3,205,78,2.6,5.1,41978,0
1157,Chittagong (IAP-Patenga),1990,6,34.5,25.2,668,83,4,6.5,41978,1
1158,Chittagong (IAP-Patenga),1990,7,33.4,24.8,1038,88,3.5,7.3,41978,1
1159,Chittagong (IAP-Patenga),1990,8,34.2,25.7,115,82,2.9,6,41978,0
1160,Chittagong (IAP-Patenga),1990,9,33.5,25.1,141,82,2.6,5.9,41978,0
1161,Chittagong (IAP-Patenga),1990,10,33.4,23.6,233,81,1.9,4.1,41978,0
1162,Chittagong (IAP-Patenga),1990,11,32,21.5,74,81,1,3.2,41978,0
1163,Chittagong (IAP-Patenga),1990,12,30.7,16,36,78,0.8,1.6,41978,0
1164,Chittagong (IAP-Patenga),1991,1,28,14.1,19,72,0.9,1.4,41978,0
1165,Chittagong (IAP-Patenga),1991,2,31.4,17.1,0,71,1.1,1.2,41978,0
1166,Chittagong (IAP-Patenga),1991,3,35.4,22.1,43,74,1.9,2.1,41978,0
1167,Chittagong (IAP-Patenga),1991,4,32.2,23.4,99,78,4,3.4,41978,0
1168,Chittagong (IAP-Patenga),1991,5,33.8,25,464,80,3.6,4.9,41978,1
1169,Chittagong (IAP-Patenga),1991,6,33.8,25.6,774,84,3.8,7.1,41978,1
1170,Chittagong (IAP-Patenga),1991,7,34.2,25.7,818,86,4.2,6.7,41978,1
1171,Chittagong (IAP-Patenga),1991,8,35.4,25.5,357,86,4.2,6.7,41978,0
1172,Chittagong (IAP-Patenga),1991,9,33.9,25.4,360,84,2.7,5.8,41978,1
1173,Chittagong (IAP-Patenga),1991,10,34.2,24.1,211,82,1.2,4.4,41978,0
1174,Chittagong (IAP-Patenga),1991,11,30.2,18.9,99,78,0.4,2.5,41978,0
1175,Chittagong (IAP-Patenga),1991,12,29.3,15.3,13,75,0.8,1.7,41978,0
1176,Chittagong (IAP-Patenga),1992,1,28.8,13.8,0,77,0.7,1.5,41978,0
1177,Chittagong (IAP-Patenga),1992,2,27.6,16.7,119,77,1.4,2.6,41978,0
1178,Chittagong (IAP-Patenga),1992,3,31.7,22.1,0,82,3.7,2.7,41978,0
1179,Chittagong (IAP-Patenga),1992,4,36.6,24.9,1,77,4.3,3.5,41978,0
1180,Chittagong (IAP-Patenga),1992,5,34.8,24.4,127,78,3.6,4.4,41978,0
1181,Chittagong (IAP-Patenga),1992,6,34.8,25.6,571,83,3,5.2,41978,1
1182,Chittagong (IAP-Patenga),1992,7,33,25,412,85,3.5,6.4,41978,1
1183,Chittagong (IAP-Patenga),1992,8,34.5,25,280,83,3.5,5.9,41978,0
1184,Chittagong (IAP-Patenga),1992,9,33.7,25.3,292,86,2.3,5.5,41978,0
1185,Chittagong (IAP-Patenga),1992,10,33.5,24.2,435,83,0.9,4.1,41978,1
1186,Chittagong (IAP-Patenga),1992,11,33,20.7,4,78,0.5,3.6,41978,0
1187,Chittagong (IAP-Patenga),1992,12,28.2,14.9,34,78,0.4,1.3,41978,0
1188,Chittagong (IAP-Patenga),1993,1,29,13.9,0,75,0.4,1.3,41978,0
1189,Chittagong (IAP-Patenga),1993,2,30.2,16.8,71,75,2.3,1.5,41978,0
1190,Chittagong (IAP-Patenga),1993,3,32.4,19.1,223,74,1.7,2.2,41978,0
1191,Chittagong (IAP-Patenga),1993,4,35,22.3,100,79,2.1,3,41978,0
1192,Chittagong (IAP-Patenga),1993,5,34,23.4,667,81,3.3,4.5,41978,1
1193,Chittagong (IAP-Patenga),1993,6,33,24.5,781,85,4.9,5.9,41978,1
1194,Chittagong (IAP-Patenga),1993,7,33.3,25,437,84,4.4,6,41978,1
1195,Chittagong (IAP-Patenga),1993,8,33,25,729,86,4.5,6.2,41978,1
1196,Chittagong (IAP-Patenga),1993,9,33,24.4,243,84,2.6,5.6,41978,0
1197,Chittagong (IAP-Patenga),1993,10,33,23.8,129,82,1.2,3.9,41978,0
1198,Chittagong (IAP-Patenga),1993,11,31,19.3,14,78,0.6,1.7,41978,0
1199,Chittagong (IAP-Patenga),1993,12,28.5,15.1,0,75,0.7,1.7,41978,0
1200,Chittagong (IAP-Patenga),1994,1,29.3,14,7,70,1.2,1,41978,0
1201,Chittagong (IAP-Patenga),1994,2,31,15.6,8,64,1.8,1,41978,0
1202,Chittagong (IAP-Patenga),1994,3,33,20.6,194,74,3.6,2.4,41978,0
1203,Chittagong (IAP-Patenga),1994,4,35.8,23.3,262,77,2.6,3,41978,0
1204,Chittagong (IAP-Patenga),1994,5,33.8,25.5,208,79,3.5,4,41978,0
1205,Chittagong (IAP-Patenga),1994,6,34.2,25.8,581,84,5.1,6.3,41978,1
1206,Chittagong (IAP-Patenga),1994,7,33.6,25.4,380,84,5.1,6.2,41978,1
1207,Chittagong (IAP-Patenga),1994,8,33.5,25.3,397,85,4.4,6.2,41978,1
1208,Chittagong (IAP-Patenga),1994,9,34.3,25.5,100,82,2.7,4.6,41978,0
1209,Chittagong (IAP-Patenga),1994,10,33.8,24.1,101,81,0.8,3.2,41978,0
1210,Chittagong (IAP-Patenga),1994,11,33,20.3,20,76,0.5,2.7,41978,0
1211,Chittagong (IAP-Patenga),1994,12,29.3,14.6,0,70,0.5,0.5,41978,0
1212,Chittagong (IAP-Patenga),1995,1,30,13.2,0,65,1.4,1.6,41978,0
1213,Chittagong (IAP-Patenga),1995,2,30,16.4,12,70,1.2,1.8,41978,0
1214,Chittagong (IAP-Patenga),1995,3,35.4,20.2,18,67,2.1,1.4,41978,0
1215,Chittagong (IAP-Patenga),1995,4,34.6,24.4,51,76,3,3,41978,0
1216,Chittagong (IAP-Patenga),1995,5,36,27,268,80,5,4.3,41978,0
1217,Chittagong (IAP-Patenga),1995,6,36,26.2,359,82,5.9,5.9,41978,0
1218,Chittagong (IAP-Patenga),1995,7,34.4,25.7,685,83,6.2,6.1,41978,1
1219,Chittagong (IAP-Patenga),1995,8,35,25.9,546,84,4.1,6.1,41978,1
1220,Chittagong (IAP-Patenga),1995,9,34.6,25.9,129,82,3.4,5.6,41978,0
1221,Chittagong (IAP-Patenga),1995,10,34.6,25.1,53,81,0.8,3.6,41978,0
1222,Chittagong (IAP-Patenga),1995,11,35.5,21.8,323,83,1.2,4,41978,0
1223,Chittagong (IAP-Patenga),1995,12,28.5,16,0,73,0.8,0.3,41978,0
1224,Chittagong (IAP-Patenga),1996,1,28.5,14.1,0,75,0.9,0.5,41978,0
1225,Chittagong (IAP-Patenga),1996,2,32.2,16.3,106,72,1.1,1.2,41978,0
1226,Chittagong (IAP-Patenga),1996,3,33.3,22.2,91,79,4.1,3,41978,0
1227,Chittagong (IAP-Patenga),1996,4,34,24,234,80,2.9,3,41978,0
1228,Chittagong (IAP-Patenga),1996,5,35.6,25.4,251,80,4.7,4.5,41978,0
1229,Chittagong (IAP-Patenga),1996,6,36,25.4,476,82,5.5,5.6,41978,1
1230,Chittagong (IAP-Patenga),1996,7,35,25.7,465,85,4.8,6.3,41978,1
1231,Chittagong (IAP-Patenga),1996,8,33.5,25.4,584,88,4.1,6.5,41978,1
1232,Chittagong (IAP-Patenga),1996,9,36.5,25.7,350,84,2.1,5.6,41978,0
1233,Chittagong (IAP-Patenga),1996,10,35.7,24,343,82,2.6,3.7,41978,0
1234,Chittagong (IAP-Patenga),1996,11,32.8,20.5,3,82,0.6,2,41978,0
1235,Chittagong (IAP-Patenga),1996,12,31.2,16.9,1,77,1,1.7,41978,0
1236,Chittagong (IAP-Patenga),1997,1,28.5,13.3,3,72,1,1,41978,0
1237,Chittagong (IAP-Patenga),1997,2,30.5,15.6,32,74,1.3,1.4,41978,0
1238,Chittagong (IAP-Patenga),1997,3,33,20.8,118,81,2.6,2.6,41978,0
1239,Chittagong (IAP-Patenga),1997,4,34,22.2,40,78,2,4,41978,0
1240,Chittagong (IAP-Patenga),1997,5,34.8,25.1,267,81,4,4.5,41978,0
1241,Chittagong (IAP-Patenga),1997,6,35.1,25.4,425,83,4.4,6,41978,1
1242,Chittagong (IAP-Patenga),1997,7,35.4,25.6,1033,89,5.2,6.9,41978,1
1243,Chittagong (IAP-Patenga),1997,8,35.8,26.4,383,85,4.5,6.6,41978,1
1244,Chittagong (IAP-Patenga),1997,9,34.8,25.3,530,86,3.4,6,41978,1
1245,Chittagong (IAP-Patenga),1997,10,34.1,23.2,134,80,0.8,2.9,41978,0
1246,Chittagong (IAP-Patenga),1997,11,34.2,20.4,49,78,0.8,2.9,41978,0
1247,Chittagong (IAP-Patenga),1997,12,30.3,15.1,4,79,1.1,2.8,41978,0
1248,Chittagong (IAP-Patenga),1998,1,29.2,14.1,37,81,0.9,2.7,41978,0
1249,Chittagong (IAP-Patenga),1998,2,30.6,17.1,103,76,0.9,2.2,41978,0
1250,Chittagong (IAP-Patenga),1998,3,33.4,19.4,97,71,1.6,2.5,41978,0
1251,Chittagong (IAP-Patenga),1998,4,34.2,23.4,184,81,2.2,3.6,41978,0
1252,Chittagong (IAP-Patenga),1998,5,36.8,25.5,387,82,3,4.9,41978,0
1253,Chittagong (IAP-Patenga),1998,6,37,26.9,131,82,4.1,5.6,41978,0
1254,Chittagong (IAP-Patenga),1998,7,35.6,25.8,1291,89,4.2,6.8,41978,1
1255,Chittagong (IAP-Patenga),1998,8,34.5,25.8,1194,89,3.5,6.8,41978,1
1256,Chittagong (IAP-Patenga),1998,9,36.7,25.8,224,84,2.1,5.5,41978,1
1257,Chittagong (IAP-Patenga),1998,10,35.8,25.4,122,82,1.7,3.8,41978,0
1258,Chittagong (IAP-Patenga),1998,11,35,22.8,93,82,1.1,2.8,41978,0
1259,Chittagong (IAP-Patenga),1998,12,31.2,16.9,0,78,0.6,0.2,41978,0
1260,Chittagong (IAP-Patenga),1999,1,29.9,14.5,0,78,0.8,0.6,41978,0
1261,Chittagong (IAP-Patenga),1999,2,34,17.5,0,71,1.3,1.1,41978,0
1262,Chittagong (IAP-Patenga),1999,3,35.2,21.2,0,77,2.6,1.4,41978,0
1263,Chittagong (IAP-Patenga),1999,4,34.8,25.4,0,78,2.8,2.6,41978,0
1264,Chittagong (IAP-Patenga),1999,5,35.2,24.7,463,83,3.5,5.3,41978,0
1265,Chittagong (IAP-Patenga),1999,6,35,25.4,879,87,3.7,6.4,41978,1
1266,Chittagong (IAP-Patenga),1999,7,35.4,25.2,514,86,4,6.8,41978,1
1267,Chittagong (IAP-Patenga),1999,8,33.4,25.5,848,88,3.8,6.7,41978,1
1268,Chittagong (IAP-Patenga),1999,9,34,25.4,211,86,2.3,5.8,41978,0
1269,Chittagong (IAP-Patenga),1999,10,35,24.9,201,85,1.2,4.8,41978,0
1270,Chittagong (IAP-Patenga),1999,11,32.6,20.3,2,79,0.5,1.2,41978,0
1271,Chittagong (IAP-Patenga),1999,12,30.7,16.8,107,80,0.5,1.3,41978,0
1272,Chittagong (IAP-Patenga),2000,1,31,14.4,30,71,0.7,1,41978,0
1273,Chittagong (IAP-Patenga),2000,2,32,16.1,0,63,1,2.6,41978,0
1274,Chittagong (IAP-Patenga),2000,3,39.2,21.5,46,70,2.1,2.8,41978,0
1275,Chittagong (IAP-Patenga),2000,4,34.5,23.4,119,79,3.5,3,41978,0
1276,Chittagong (IAP-Patenga),2000,5,34.5,24.4,577,85,2.5,5.5,41978,1
1277,Chittagong (IAP-Patenga),2000,6,34.5,25.2,622,87,3.2,6.2,41978,1
1278,Chittagong (IAP-Patenga),2000,7,34,25.3,701,87,3.6,6.2,41978,1
1279,Chittagong (IAP-Patenga),2000,8,34.5,25.1,564,88,3,6.3,41978,1
1280,Chittagong (IAP-Patenga),2000,9,34.5,25.2,183,86,1.9,5.6,41978,0
1281,Chittagong (IAP-Patenga),2000,10,36,24.5,487,87,1,4.3,41978,1
1282,Chittagong (IAP-Patenga),2000,11,33.8,19.7,15,79,0.4,1.3,41978,0
1283,Chittagong (IAP-Patenga),2000,12,30.2,15,0,73,0.4,0.6,41978,0
1284,Chittagong (IAP-Patenga),2001,1,30,11.6,0,74,0.5,0.2,41978,0
1285,Chittagong (IAP-Patenga),2001,2,32.4,15.1,12,75,0.9,0.9,41978,0
1286,Chittagong (IAP-Patenga),2001,3,36.7,17.9,1,68,1.3,0.9,41978,0
1287,Chittagong (IAP-Patenga),2001,4,38.5,24.9,41,73,3.4,2.8,41978,0
1288,Chittagong (IAP-Patenga),2001,5,39.5,24.6,423,78,2.9,4.9,41978,1
1289,Chittagong (IAP-Patenga),2001,6,33,25.2,742,82,4.4,6.8,41978,1
1290,Chittagong (IAP-Patenga),2001,7,33.3,25.2,693,82,4.3,6.8,41978,1
1291,Chittagong (IAP-Patenga),2001,8,34.5,25.7,523,81,3.6,6.7,41978,1
1292,Chittagong (IAP-Patenga),2001,9,36,25.3,263,82,3.1,6.2,41978,0
1293,Chittagong (IAP-Patenga),2001,10,36,24.8,193,80,2.2,5.7,41978,0
1294,Chittagong (IAP-Patenga),2001,11,34,21.4,41,78,2.1,3.7,41978,0
1295,Chittagong (IAP-Patenga),2001,12,30.8,15.4,3,71,1.9,1.5,41978,0
1296,Chittagong (IAP-Patenga),2002,1,31.2,15.6,0,72,2,2.1,41978,0
1297,Chittagong (IAP-Patenga),2002,2,35.2,16.9,8,68,2.5,0.6,41978,0
1298,Chittagong (IAP-Patenga),2002,3,37.2,20.6,44,67,2.6,1.7,41978,0
1299,Chittagong (IAP-Patenga),2002,4,34.5,23.3,99,73,3.4,3.3,41978,0
1300,Chittagong (IAP-Patenga),2002,5,35.4,24.2,255,76,3.7,5.7,41978,0
1301,Chittagong (IAP-Patenga),2002,6,33.5,25.6,593,79,3.8,6,41978,1
1302,Chittagong (IAP-Patenga),2002,7,33,25.5,693,84,3.7,7.3,41978,1
1303,Chittagong (IAP-Patenga),2002,8,33.5,25.3,523,81,3.5,6.6,41978,1
1304,Chittagong (IAP-Patenga),2002,9,35.2,25.3,263,77,2.9,5.7,41978,0
1305,Chittagong (IAP-Patenga),2002,10,35.4,24,193,75,2.1,4.4,41978,0
1306,Chittagong (IAP-Patenga),2002,11,35,21.1,41,74,1.9,4.3,41978,0
1307,Chittagong (IAP-Patenga),2002,12,30.6,16.2,3,70,1.8,1.3,41978,0
1308,Chittagong (IAP-Patenga),2003,1,29.8,13.6,0,76,0.4,1,41978,0
1309,Chittagong (IAP-Patenga),2003,2,33.5,17.4,0,68,0.5,1.2,41978,0
1310,Chittagong (IAP-Patenga),2003,3,33.5,19.7,53,74,0.6,1.8,41978,0
1311,Chittagong (IAP-Patenga),2003,4,36.2,24.5,167,77,0.9,3.1,41978,0
1312,Chittagong (IAP-Patenga),2003,5,36.6,25.6,198,81,0.9,4.7,41978,0
1313,Chittagong (IAP-Patenga),2003,6,34.8,25,1209,90,1.2,6.7,41978,1
1314,Chittagong (IAP-Patenga),2003,7,35.2,25.8,372,85,1,5.9,41978,1
1315,Chittagong (IAP-Patenga),2003,8,34.2,25.8,260,85,1,5.9,41978,0
1316,Chittagong (IAP-Patenga),2003,9,34.5,25.5,210,85,0.5,5.5,41978,0
1317,Chittagong (IAP-Patenga),2003,10,35.5,24.8,234,85,0.2,4.3,41978,0
1318,Chittagong (IAP-Patenga),2003,11,34,18.7,0,75,0.1,0.3,41978,0
1319,Chittagong (IAP-Patenga),2003,12,31,16.3,66,78,0.2,1.6,41978,0
1320,Chittagong (IAP-Patenga),2004,1,30.5,14.9,0,79,0.2,1.6,41978,0
1321,Chittagong (IAP-Patenga),2004,2,33,16.3,0,67,0.3,0.6,41978,0
1322,Chittagong (IAP-Patenga),2004,3,35.5,22,6,77,1,3,41978,0
1323,Chittagong (IAP-Patenga),2004,4,34.8,23.9,165,79,1.2,4.7,41978,0
1324,Chittagong (IAP-Patenga),2004,5,38.4,25.9,275,80,0.6,4.6,41978,0
1325,Chittagong (IAP-Patenga),2004,6,35.2,25.5,638,85,0.5,6.2,41978,1
1326,Chittagong (IAP-Patenga),2004,7,33.5,25.4,905,88,0.7,6.7,41978,1
1327,Chittagong (IAP-Patenga),2004,8,34.4,25.6,142,85,0.9,6.2,41978,0
1328,Chittagong (IAP-Patenga),2004,9,34,25.2,590,87,0.5,6,41978,1
1329,Chittagong (IAP-Patenga),2004,10,35.4,23.7,203,84,0.4,3.7,41978,0
1330,Chittagong (IAP-Patenga),2004,11,32.3,18.4,0,77,0.2,0.5,41978,0
1331,Chittagong (IAP-Patenga),2004,12,31.5,16.3,0,75,0.2,0.4,41978,0
1332,Chittagong (IAP-Patenga),2005,1,32.8,14.5,5,70,0.5,1.4,41978,0
1333,Chittagong (IAP-Patenga),2005,2,33,18.4,0,67,1.2,1.4,41978,0
1334,Chittagong (IAP-Patenga),2005,3,33.6,22.2,57,77,1.5,3.6,41978,0
1335,Chittagong (IAP-Patenga),2005,4,37.8,24.5,121,76,1.2,2.9,41978,0
1336,Chittagong (IAP-Patenga),2005,5,35.5,24.7,148,77,1.4,4,41978,0
1337,Chittagong (IAP-Patenga),2005,6,35.8,26.9,233,83,1.1,5.8,41978,0
1338,Chittagong (IAP-Patenga),2005,7,34,25.6,596,87,0.9,5.9,41978,1
1339,Chittagong (IAP-Patenga),2005,8,34.3,25.5,654,91,0.6,7,41978,1
1340,Chittagong (IAP-Patenga),2005,9,35.6,25.5,386,87,0.4,5.7,41978,1
1341,Chittagong (IAP-Patenga),2005,10,35.3,24.7,100,87,0.3,3.9,41978,0
1342,Chittagong (IAP-Patenga),2005,11,34,19.5,23,83,0.2,1.2,41978,0
1343,Chittagong (IAP-Patenga),2005,12,31.8,17.1,8,80,0.3,1.9,41978,0
1344,Chittagong (IAP-Patenga),2006,1,29.8,14.6,0,77,0.5,0.5,41978,0
1345,Chittagong (IAP-Patenga),2006,2,33,19.1,0,78,0.7,1,41978,0
1346,Chittagong (IAP-Patenga),2006,3,38.4,21.8,0,67,0.6,1.8,41978,0
1347,Chittagong (IAP-Patenga),2006,4,37,24.7,50,75,1.2,2.9,41978,0
1348,Chittagong (IAP-Patenga),2006,5,36.8,24.6,859,84,1,4.6,41978,1
1349,Chittagong (IAP-Patenga),2006,6,35.5,25.9,288,89,1,6.1,41978,0
1350,Chittagong (IAP-Patenga),2006,7,34.2,25.7,495,88,1.1,6.4,41978,1
1351,Chittagong (IAP-Patenga),2006,8,34.8,25.6,138,82,1,5.9,41978,0
1352,Chittagong (IAP-Patenga),2006,9,35.5,25.4,438,85,0.7,5.7,41978,1
1353,Chittagong (IAP-Patenga),2006,10,34.3,24.6,91,84,0.3,4.1,41978,0
1354,Chittagong (IAP-Patenga),2006,11,34.6,20.6,16,78,0.3,2.5,41978,0
1355,Chittagong (IAP-Patenga),2006,12,32,15.8,0,76,0.4,0.5,41978,0
1356,Chittagong (IAP-Patenga),2007,1,29.4,13.5,0,74,0.4,0.6,41978,0
1357,Chittagong (IAP-Patenga),2007,2,32.3,17.1,49,74,0.6,1.8,41978,0
1358,Chittagong (IAP-Patenga),2007,3,36.2,19.6,4,65,0.8,1,41978,0
1359,Chittagong (IAP-Patenga),2007,4,36.5,23.6,223,81,1.5,3.7,41978,0
1360,Chittagong (IAP-Patenga),2007,5,38,25.7,263,83,1.1,4.5,41978,0
1361,Chittagong (IAP-Patenga),2007,6,35.8,25.6,953,88,1.1,6,41978,1
1362,Chittagong (IAP-Patenga),2007,7,34.8,25.3,930,90,1,6.9,41978,1
1363,Chittagong (IAP-Patenga),2007,8,35.5,25.4,589,86,1.6,6.5,41978,1
1364,Chittagong (IAP-Patenga),2007,9,34.4,25.4,512,88,1.5,6.8,41978,1
1365,Chittagong (IAP-Patenga),2007,10,35.8,23.3,635,86,0.9,4.3,41978,1
1366,Chittagong (IAP-Patenga),2007,11,34.7,21.2,182,84,0.5,2.6,41978,0
1367,Chittagong (IAP-Patenga),2007,12,30.7,15.9,0,77,0.4,1.4,41978,0
1368,Chittagong (IAP-Patenga),2008,1,28,15.2,64,77,1.8,1.9,41978,0
1369,Chittagong (IAP-Patenga),2008,2,29.5,15.7,7,68,2.1,1.3,41978,0
1370,Chittagong (IAP-Patenga),2008,3,33.6,21.9,6,80,1.7,2.9,41978,0
1371,Chittagong (IAP-Patenga),2008,4,34,24.2,1,74,2.7,2.7,41978,0
1372,Chittagong (IAP-Patenga),2008,5,34.3,25.1,244,78,3,4.1,41978,0
1373,Chittagong (IAP-Patenga),2008,6,34.2,25.6,538,84,4.2,5.5,41978,1
1374,Chittagong (IAP-Patenga),2008,7,32.4,25.2,963,88,4.2,6,41978,1
1375,Chittagong (IAP-Patenga),2008,8,33.3,25.4,757,88,4,6,41978,1
1376,Chittagong (IAP-Patenga),2008,9,33.5,25.3,250,86,3.2,5.4,41978,0
1377,Chittagong (IAP-Patenga),2008,10,34,24,171,82,2.2,3.4,41978,0
1378,Chittagong (IAP-Patenga),2008,11,31.7,19.6,31,76,1.4,1.6,41978,0
1379,Chittagong (IAP-Patenga),2008,12,30.5,17.7,0,80,1.1,1.5,41978,0
1380,Chittagong (IAP-Patenga),2009,1,29.5,14.9,0,82,3.2,0.5,41978,0
1381,Chittagong (IAP-Patenga),2009,2,31,16.9,2,70,3.4,0.7,41978,0
1382,Chittagong (IAP-Patenga),2009,3,34,21.6,3,65,3.2,2.4,41978,0
1383,Chittagong (IAP-Patenga),2009,4,34.3,25.3,114,66,5,3,41978,0
1384,Chittagong (IAP-Patenga),2009,5,35,25,373,75,4.1,4.2,41978,0
1385,Chittagong (IAP-Patenga),2009,6,34.2,25.6,434,78,3.4,5.4,41978,0
1386,Chittagong (IAP-Patenga),2009,7,34.5,25.5,1244,87,4.5,6.3,41978,1
1387,Chittagong (IAP-Patenga),2009,8,33,25.7,693,89,3.2,6.3,41978,1
1388,Chittagong (IAP-Patenga),2009,9,33.9,25.4,281,87,3.8,5.7,41978,0
1389,Chittagong (IAP-Patenga),2009,10,33,24.1,300,83,3.2,3.1,41978,0
1390,Chittagong (IAP-Patenga),2009,11,33.3,21.1,17,79,3.1,2.2,41978,0
1391,Chittagong (IAP-Patenga),2009,12,29.4,15.9,0,80,2.9,0.8,41978,0
1392,Chittagong (IAP-Patenga),2010,1,28.6,14,0,82,4.2,0.8,41978,0
1393,Chittagong (IAP-Patenga),2010,2,31.8,16.4,8,72,4.1,1.5,41978,0
1394,Chittagong (IAP-Patenga),2010,3,36.3,22.5,40,66,6,2.2,41978,0
1395,Chittagong (IAP-Patenga),2010,4,35,26,46,71,6.2,3.8,41978,0
1396,Chittagong (IAP-Patenga),2010,5,34.5,25.7,346,79,4.2,4.8,41978,0
1397,Chittagong (IAP-Patenga),2010,6,33.4,25.6,747,85,4.3,6,41978,1
1398,Chittagong (IAP-Patenga),2010,7,33.8,26,267,84,4.1,5.8,41978,0
1399,Chittagong (IAP-Patenga),2010,8,33.8,25.6,516,84,3.1,6.2,41978,1
1400,Chittagong (IAP-Patenga),2010,9,33.2,25.5,116,87,3.3,5.2,41978,0
1401,Chittagong (IAP-Patenga),2010,10,35,24.9,294,84,2.7,4.5,41978,0
1402,Chittagong (IAP-Patenga),2010,11,32.4,21.3,38,80,2.5,1.6,41978,0
1403,Chittagong (IAP-Patenga),2010,12,30,16.2,19,80,2.8,1.4,41978,0
1404,Chittagong (IAP-Patenga),2011,1,30.2,13.3,0,69,5.1,0.8,41978,0
1405,Chittagong (IAP-Patenga),2011,2,33,16.8,0,67,5.9,0.9,41978,0
1406,Chittagong (IAP-Patenga),2011,3,33.5,20.2,35,69,7,2.3,41978,0
1407,Chittagong (IAP-Patenga),2011,4,33.6,23.9,133,78,5.5,3.5,41978,0
1408,Chittagong (IAP-Patenga),2011,5,33.7,24.7,276,81,5.6,5,41978,0
1409,Chittagong (IAP-Patenga),2011,6,34.4,25.5,481,85,6.5,6.1,41978,0
1410,Chittagong (IAP-Patenga),2011,7,33.2,25.5,562,85,6.1,5.7,41978,1
1411,Chittagong (IAP-Patenga),2011,8,34,25.1,806,87,6,6.7,41978,1
1412,Chittagong (IAP-Patenga),2011,9,33.4,25.1,762,86,5.6,5.8,41978,1
1413,Chittagong (IAP-Patenga),2011,10,33.4,24.4,46,80,4.8,3.5,41978,0
1414,Chittagong (IAP-Patenga),2011,11,31,19.2,0,75,5.7,0.6,41978,0
1415,Chittagong (IAP-Patenga),2011,12,30.2,16.1,0,77,5.4,1.7,41978,0
1416,Chittagong (IAP-Patenga),2012,1,28,15.4,0,68,6.5,1.6,41978,0
1417,Chittagong (IAP-Patenga),2012,2,33.3,16.4,0,63,6.4,0.7,41978,0
1418,Chittagong (IAP-Patenga),2012,3,34.3,21.9,30,76,6,2,41978,0
1419,Chittagong (IAP-Patenga),2012,4,34.5,23.8,192,80,7.6,3.6,41978,0
1420,Chittagong (IAP-Patenga),2012,5,34.5,25.4,188,80,6.4,3.8,41978,0
1421,Chittagong (IAP-Patenga),2012,6,34.8,25.5,1337,87,7.3,6,41978,1
1422,Chittagong (IAP-Patenga),2012,7,33.5,25.5,788,88,7.8,6.5,41978,1
1423,Chittagong (IAP-Patenga),2012,8,33.5,25.7,299,87,6.7,6.1,41978,0
1424,Chittagong (IAP-Patenga),2012,9,33.2,25.8,170,86,6.1,5.6,41978,0
1425,Chittagong (IAP-Patenga),2012,10,33.2,24.2,636,84,5.6,3.3,41978,1
1426,Chittagong (IAP-Patenga),2012,11,32,20.6,3,78,5.5,2.8,41978,0
1427,Chittagong (IAP-Patenga),2012,12,28.2,14.5,0,81,6,0.6,41978,0
1428,Chittagong (IAP-Patenga),2013,1,30,12.7,0,73,6.5,0.4,41978,0
1429,Chittagong (IAP-Patenga),2013,2,32.5,16.9,0,64,7.5,1.5,41978,0
1430,Chittagong (IAP-Patenga),2013,3,33.3,20.9,3,77,7.1,1.3,41978,0
1431,Chittagong (IAP-Patenga),2013,4,33.6,24.4,58,78,7,2.7,41978,0
1432,Chittagong (IAP-Patenga),2013,5,33.6,24.5,773,86,7.5,6.1,41978,1
1433,Chittagong (IAP-Patenga),2013,6,34.5,26.1,513,84,7.2,5.5,41978,0
1434,Chittagong (IAP-Patenga),2013,7,36.5,26,405,84,6.5,5.8,41978,1
1435,Chittagong (IAP-Patenga),2013,8,31.8,25.7,267,86,5.9,6,41978,0
1436,Chittagong (IAP-Patenga),2013,9,33.8,25.8,173,84,6.4,5.6,41978,0
1437,Chittagong (IAP-Patenga),2013,10,33,24.5,369,86,5.2,4.8,41978,1
1438,Chittagong (IAP-Patenga),2013,11,30.2,20.1,0,78,5.3,2,41978,0
1439,Chittagong (IAP-Patenga),2013,12,28.2,16.2,0,78,5.3,1.1,41978,0
1440,Comilla,1990,1,28.8,12.7,0,81,0.2,0.3,41933,0
1441,Comilla,1990,2,30.5,17.2,21,78,0.3,2.1,41933,0
1442,Comilla,1990,3,34.1,18.2,179,82,0.6,3.6,41933,0
1443,Comilla,1990,4,32.6,21.5,228,84,1.5,4,41933,0
1444,Comilla,1990,5,35,24.3,331,83,1.2,4.4,41933,0
1445,Comilla,1990,6,34,25.3,333,88,1.9,5.6,41933,0
1446,Comilla,1990,7,33,25.1,303,90,1.4,6.4,41933,0
1447,Comilla,1990,8,36,25.2,252,87,1.2,5.9,41933,0
1448,Comilla,1990,9,35,24.6,227,88,0.9,5.7,41933,0
1449,Comilla,1990,10,33.5,22.4,239,86,0.6,3.8,41933,0
1450,Comilla,1990,11,33,19.7,71,84,0.1,2.9,41933,0
1451,Comilla,1990,12,28.8,13.9,27,80,0.2,1.4,41933,0
1452,Comilla,1991,1,28.5,11.9,11,80,0.3,1.6,41933,0
1453,Comilla,1991,2,32.4,16.4,50,80,0.7,1.1,41933,0
1454,Comilla,1991,3,35.8,20,229,80,0.7,2,41933,0
1455,Comilla,1991,4,36.8,22.8,270,84,1.8,3.7,41933,0
1456,Comilla,1991,5,32.7,23,439,88,2.8,6,41933,1
1457,Comilla,1991,6,34,25,331,90,2.2,6.4,41933,0
1458,Comilla,1991,7,34.6,25.4,394,89,2.4,6.5,41933,1
1459,Comilla,1991,8,36,25.4,409,87,2,6.2,41933,1
1460,Comilla,1991,9,34.7,25.1,377,90,1.5,6,41933,1
1461,Comilla,1991,10,34.5,23.9,240,88,0.8,4.3,41933,0
1462,Comilla,1991,11,29.8,16.7,50,84,0.4,1.5,41933,0
1463,Comilla,1991,12,29.5,12.6,114,81,0.4,1.6,41933,0
1464,Comilla,1992,1,28.5,11.9,0,83,0.4,0.4,41933,0
1465,Comilla,1992,2,27.5,14.6,63,81,0.7,2,41933,0
1466,Comilla,1992,3,33.5,21.5,0,82,2.1,1.8,41933,0
1467,Comilla,1992,4,37.2,23.8,10,81,2.7,2.4,41933,0
1468,Comilla,1992,5,36,23,140,82,2.3,3.6,41933,0
1469,Comilla,1992,6,35.5,25.1,287,86,2.5,4.8,41933,0
1470,Comilla,1992,7,36.5,25.1,259,89,2.5,6.5,41933,0
1471,Comilla,1992,8,36,25.4,128,87,2,5.5,41933,0
1472,Comilla,1992,9,35,25,128,89,1,4.8,41933,0
1473,Comilla,1992,10,35,23.2,197,87,0.4,3.1,41933,0
1474,Comilla,1992,11,34.8,17.9,72,83,0.2,2.6,41933,0
1475,Comilla,1992,12,28.2,11.2,1,80,0.2,0.5,41933,0
1476,Comilla,1993,1,29.5,10.9,1,78,0.3,0.8,41933,0
1477,Comilla,1993,2,30,16.2,112,78,1.2,1.9,41933,0
1478,Comilla,1993,3,33.5,18.2,81,79,0.8,1.8,41933,0
1479,Comilla,1993,4,36,21.3,172,84,1,3.6,41933,0
1480,Comilla,1993,5,34.5,23.4,638,86,2,4.9,41933,1
1481,Comilla,1993,6,34,25.7,506,88,2.7,6.2,41933,1
1482,Comilla,1993,7,34,25.6,537,89,2.2,5.9,41933,1
1483,Comilla,1993,8,33,25.5,287,89,2,6,41933,0
1484,Comilla,1993,9,35,25,244,88,1.5,5.5,41933,0
1485,Comilla,1993,10,35,23.5,219,88,0.5,3.2,41933,0
1486,Comilla,1993,11,31.2,18.6,5,84,0.4,1,41933,0
1487,Comilla,1993,12,29,13.2,0,80,0.2,1,41933,0
1488,Comilla,1994,1,29,12.8,10,75,0.3,0.8,41933,0
1489,Comilla,1994,2,30,14.1,11,75,0.7,1.1,41933,0
1490,Comilla,1994,3,32.3,20.6,124,79,2.1,2.9,41933,0
1491,Comilla,1994,4,36.5,22.2,150,80,1.1,3.1,41933,0
1492,Comilla,1994,5,35,25,185,82,2.2,4.3,41933,0
1493,Comilla,1994,6,35,25.6,431,88,2.6,5.9,41933,1
1494,Comilla,1994,7,35,25.4,116,85,2.1,5.7,41933,0
1495,Comilla,1994,8,35,25.2,245,87,1.9,5.9,41933,0
1496,Comilla,1994,9,34.5,24.9,91,84,1,4.2,41933,0
1497,Comilla,1994,10,34,22.4,20,82,0.5,2.7,41933,0
1498,Comilla,1994,11,32.6,17.9,1,78,0.1,2.8,41933,0
1499,Comilla,1994,12,29.3,11,0,69,0.2,0.5,41933,0
1500,Comilla,1995,1,30,10.1,0,70,0.5,1.4,41933,0
1501,Comilla,1995,2,30,14.6,29,75,0.5,2.4,41933,0
1502,Comilla,1995,3,36,18,12,71,1.1,1.7,41933,0
1503,Comilla,1995,4,35.6,22.4,114,80,2.4,3.5,41933,0
1504,Comilla,1995,5,35.5,24.7,318,83,2.9,4.7,41933,0
1505,Comilla,1995,6,35.5,24.7,329,88,2.5,5.7,41933,0
1506,Comilla,1995,7,33.6,25.6,529,89,2.8,6.4,41933,1
1507,Comilla,1995,8,34.3,25.7,452,88,2,6,41933,1
1508,Comilla,1995,9,34.8,25.4,124,87,1.2,5.5,41933,0
1509,Comilla,1995,10,34.2,23.9,48,83,0.3,3.3,41933,0
1510,Comilla,1995,11,33,19.9,147,84,0.6,3.2,41933,0
1511,Comilla,1995,12,29.8,12.9,0,74,0.2,0.5,41933,0
1512,Comilla,1996,1,28.5,11.8,12,81,0.5,0.7,41933,0
1513,Comilla,1996,2,31.5,14.9,0,78,1,1.3,41933,0
1514,Comilla,1996,3,34.4,21.3,114,83,2.3,2.7,41933,0
1515,Comilla,1996,4,36.5,23.4,102,85,2,3,41933,0
1516,Comilla,1996,5,36.2,24.3,449,82,3,4.6,41933,1
1517,Comilla,1996,6,35,25.1,392,85,2.4,5.5,41933,1
1518,Comilla,1996,7,34.8,25.7,308,87,2.4,6.1,41933,0
1519,Comilla,1996,8,34.8,25.2,146,88,2.4,6.1,41933,0
1520,Comilla,1996,9,37,25.4,178,86,1.2,4.7,41933,0
1521,Comilla,1996,10,35,22.3,322,84,1.2,2.8,41933,0
1522,Comilla,1996,11,33,17.5,12,82,0.5,1.5,41933,0
1523,Comilla,1996,12,30.2,13.8,1,79,0.5,1.6,41933,0
1524,Comilla,1997,1,27.8,11.2,8,76,0.5,1.5,41933,0
1525,Comilla,1997,2,30,14.5,11,75,0.9,1.8,41933,0
1526,Comilla,1997,3,32.8,19.9,117,82,1.3,2.4,41933,0
1527,Comilla,1997,4,33,19.6,160,82,1.2,3.5,41933,0
1528,Comilla,1997,5,36.2,23.3,199,83,2.2,4.3,41933,0
1529,Comilla,1997,6,34,24.3,350,86,2.4,6,41933,0
1530,Comilla,1997,7,34.2,24.9,664,88,2.4,6.4,41933,1
1531,Comilla,1997,8,36.8,25.1,270,86,2.3,5.9,41933,0
1532,Comilla,1997,9,33.8,24.4,277,86,1.8,5.5,41933,0
1533,Comilla,1997,10,34,21.9,47,82,0.7,2.3,41933,0
1534,Comilla,1997,11,32.8,18.5,1,82,0.5,2,41933,0
1535,Comilla,1997,12,29,13.4,30,84,0.7,2.3,41933,0
1536,Comilla,1998,1,27,11.7,27,83,0.7,2.5,41933,0
1537,Comilla,1998,2,30,15.3,54,77,0.9,2.1,41933,0
1538,Comilla,1998,3,31.5,17.4,109,78,1.1,2.4,41933,0
1539,Comilla,1998,4,34,21.4,249,84,1.5,3.7,41933,0
1540,Comilla,1998,5,36.7,24.3,342,85,1.8,5.1,41933,0
1541,Comilla,1998,6,35.6,26.3,100,85,2.7,5.3,41933,0
1542,Comilla,1998,7,34.2,25.2,854,90,1.9,6.7,41933,1
1543,Comilla,1998,8,34.5,25.9,336,88,2.1,6.3,41933,0
1544,Comilla,1998,9,35.7,25.8,281,85,1.2,5.3,41933,0
1545,Comilla,1998,10,35.5,25,48,84,0.9,3.4,41933,0
1546,Comilla,1998,11,33.5,20.7,118,82,0.7,2.1,41933,0
1547,Comilla,1998,12,29.5,14.5,0,80,0.4,0.5,41933,0
1548,Comilla,1999,1,29,12.7,0,77,0.6,0.5,41933,0
1549,Comilla,1999,2,34,16.2,0,77,0.7,0.9,41933,0
1550,Comilla,1999,3,34.6,20.6,2,78,1.3,1.6,41933,0
1551,Comilla,1999,4,36,24.7,7,81,1.5,2.3,41933,0
1552,Comilla,1999,5,36.5,24.6,229,84,2,5,41933,0
1553,Comilla,1999,6,35.4,25.5,350,87,1.9,6.1,41933,0
1554,Comilla,1999,7,34.2,25.6,692,88,2.1,6.5,41933,1
1555,Comilla,1999,8,34.2,25.6,371,88,2,6.4,41933,1
1556,Comilla,1999,9,34,25.1,365,87,1.3,6,41933,0
1557,Comilla,1999,10,34,24.4,292,86,0.8,4.9,41933,0
1558,Comilla,1999,11,33,19,43,79,0.4,1.4,41933,0
1559,Comilla,1999,12,30.5,14.4,0,78,0.4,1.1,41933,0
1560,Comilla,2000,1,29.2,12.6,45,79,0.7,1,41933,0
1561,Comilla,2000,2,28.5,15.3,52,75,0.8,3.3,41933,0
1562,Comilla,2000,3,34,19.9,121,80,1.2,2.9,41933,0
1563,Comilla,2000,4,34,23,212,83,2,3.5,41933,0
1564,Comilla,2000,5,36.3,24.1,554,84,1.4,5.4,41933,1
1565,Comilla,2000,6,35,25.6,295,86,1.9,6.1,41933,0
1566,Comilla,2000,7,35.1,25.8,182,85,1.8,6,41933,0
1567,Comilla,2000,8,35.5,25.7,319,85,1.5,6.3,41933,0
1568,Comilla,2000,9,34.8,25.3,106,86,1.3,5.9,41933,0
1569,Comilla,2000,10,34.5,23.9,155,87,0.7,4,41933,0
1570,Comilla,2000,11,33,18,3,82,0.3,0.9,41933,0
1571,Comilla,2000,12,28.6,11.9,0,77,0.4,0.5,41933,0
1572,Comilla,2001,1,28.5,10.9,0,74,0.6,0.4,41933,0
1573,Comilla,2001,2,32.5,15.9,13,77,0.9,1.5,41933,0
1574,Comilla,2001,3,34.5,19.2,6,74,0.9,1.5,41933,0
1575,Comilla,2001,4,36,23,54,78,1.6,3.2,41933,0
1576,Comilla,2001,5,35,23.9,300,84,1.1,4.6,41933,0
1577,Comilla,2001,6,35,25.3,590,88,1.9,6.3,41933,1
1578,Comilla,2001,7,35,25.6,184,86,1.6,6.1,41933,0
1579,Comilla,2001,8,35,26.1,312,84,1.2,5.6,41933,0
1580,Comilla,2001,9,35.6,25.5,258,86,0.9,5.2,41933,0
1581,Comilla,2001,10,34.2,24.2,161,86,0.5,4.8,41933,0
1582,Comilla,2001,11,32.2,19.8,72,86,0.3,2.5,41933,0
1583,Comilla,2001,12,28.4,12.9,0,82,0.3,0.9,41933,0
1584,Comilla,2002,1,28.5,13.5,29,79,0.6,1.7,41933,0
1585,Comilla,2002,2,32.5,15.2,0,72,0.7,0.7,41933,0
1586,Comilla,2002,3,34.2,19,72,76,0.9,2.1,41933,0
1587,Comilla,2002,4,34.2,22.2,91,81,1.8,4,41933,0
1588,Comilla,2002,5,35.8,23.6,344,84,1.8,5.2,41933,0
1589,Comilla,2002,6,34.5,25.5,316,86,2,5.9,41933,0
1590,Comilla,2002,7,33.8,25.6,766,89,1.9,7.2,41933,1
1591,Comilla,2002,8,35,25.5,223,86,1.7,6,41933,0
1592,Comilla,2002,9,36.5,25.1,129,84,0.9,4.9,41933,0
1593,Comilla,2002,10,35.1,22.9,83,83,0.4,3.4,41933,0
1594,Comilla,2002,11,32.8,18.8,83,82,0.6,3.2,41933,0
1595,Comilla,2002,12,29.8,14,0,81,0.5,1.1,41933,0
1596,Comilla,2003,1,29.4,11,2,81,1.2,1.6,41933,0
1597,Comilla,2003,2,31,15.8,50,74,0.8,1.4,41933,0
1598,Comilla,2003,3,32.5,18.2,128,78,1.1,2.5,41933,0
1599,Comilla,2003,4,35,23.1,132,82,1.7,3.4,41933,0
1600,Comilla,2003,5,36,23.9,141,81,1.9,4.7,41933,0
1601,Comilla,2003,6,37,24.9,673,88,2.4,6.3,41933,1
1602,Comilla,2003,7,35.2,25.8,290,84,2.2,5.7,41933,0
1603,Comilla,2003,8,35.6,25.6,131,83,1.6,5.5,41933,0
1604,Comilla,2003,9,34.4,25.1,97,86,1.1,5.7,41933,0
1605,Comilla,2003,10,34.6,24,129,86,0.7,4.2,41933,0
1606,Comilla,2003,11,31.8,16.3,3,79,0.3,0.3,41933,0
1607,Comilla,2003,12,30.3,13.9,49,82,0.5,2.2,41933,0
1608,Comilla,2004,1,27.8,12.9,0,83,1,2.4,41933,0
1609,Comilla,2004,2,30.7,14.8,4,75,0.9,0.8,41933,0
1610,Comilla,2004,3,33.5,20.9,6,80,2.2,2.8,41933,0
1611,Comilla,2004,4,35,22.4,175,84,2.6,5,41933,0
1612,Comilla,2004,5,37.2,25.1,186,78,2.1,4.1,41933,0
1613,Comilla,2004,6,36,25,654,86,2,6.1,41933,1
1614,Comilla,2004,7,35,25.5,311,86,2.7,6.6,41933,0
1615,Comilla,2004,8,35,25.4,183,84,2.2,6.1,41933,0
1616,Comilla,2004,9,34,25.1,686,87,1.6,6.3,41933,1
1617,Comilla,2004,10,35.4,23.1,218,80,1.3,3.2,41933,0
1618,Comilla,2004,11,31.6,17.2,1,78,0.6,0.9,41933,0
1619,Comilla,2004,12,30.2,14.5,0,78,0.5,1.1,41933,0
1620,Comilla,2005,1,28.6,12.4,6,78,0.9,1.9,41933,0
1621,Comilla,2005,2,32.3,16.4,2,77,1.4,1.7,41933,0
1622,Comilla,2005,3,32.8,21.1,249,83,1.9,3.7,41933,0
1623,Comilla,2005,4,36.4,22.7,157,80,1.6,3.6,41933,0
1624,Comilla,2005,5,35.4,23.5,193,80,1.8,4.4,41933,0
1625,Comilla,2005,6,35.8,26.1,259,85,1.9,5.5,41933,0
1626,Comilla,2005,7,34.8,25.5,403,86,1.9,6,41933,1
1627,Comilla,2005,8,34.8,25.5,410,88,1.9,6.4,41933,1
1628,Comilla,2005,9,34.8,25.4,395,86,1,5.9,41933,1
1629,Comilla,2005,10,34.4,24.2,349,85,0.8,4.8,41933,0
1630,Comilla,2005,11,32.2,18.1,0,80,0.5,1.6,41933,0
1631,Comilla,2005,12,30.8,14,1,77,0.8,1.3,41933,0
1632,Comilla,2006,1,28.8,12.2,0,79,1.1,0.5,41933,0
1633,Comilla,2006,2,32.4,18.5,0,80,1.8,1.5,41933,0
1634,Comilla,2006,3,35.2,20.1,0,73,1.1,2,41933,0
1635,Comilla,2006,4,37.3,23,117,79,1.7,3.3,41933,0
1636,Comilla,2006,5,36.7,24.4,607,80,1.7,4.5,41933,1
1637,Comilla,2006,6,35.8,25.6,402,86,1.9,6.3,41933,1
1638,Comilla,2006,7,35.4,25.8,151,86,1.6,5.9,41933,0
1639,Comilla,2006,8,34.8,25.6,226,84,1.2,5.5,41933,0
1640,Comilla,2006,9,34.8,25.2,300,85,1,5.1,41933,0
1641,Comilla,2006,10,34.2,24.2,94,84,0.6,4.2,41933,0
1642,Comilla,2006,11,32.4,19.1,1,81,0.5,2.6,41933,0
1643,Comilla,2006,12,29.8,13.3,0,79,0.5,0.4,41933,0
1644,Comilla,2007,1,27.7,11.1,0,78,0.6,0.9,41933,0
1645,Comilla,2007,2,30,16,20,77,0.8,2.2,41933,0
1646,Comilla,2007,3,34.5,18.1,21,72,0.9,1.2,41933,0
1647,Comilla,2007,4,34.5,22.7,179,82,1.5,3.5,41933,0
1648,Comilla,2007,5,36.4,24.9,153,83,1.2,4,41933,0
1649,Comilla,2007,6,35.6,25.3,548,87,1.5,5.9,41933,1
1650,Comilla,2007,7,34.6,25.4,654,88,1.5,6.7,41933,1
1651,Comilla,2007,8,35.6,26.1,221,85,1.1,6,41933,0
1652,Comilla,2007,9,34.8,25.5,339,86,0.8,6.4,41933,0
1653,Comilla,2007,10,35.4,23.3,280,83,0.8,4.3,41933,0
1654,Comilla,2007,11,31.5,20,82,82,0.7,2.3,41933,0
1655,Comilla,2007,12,28.2,14.4,0,80,0.3,1,41933,0
1656,Comilla,2008,1,28,13.2,30,80,0.5,1.8,41933,0
1657,Comilla,2008,2,30.4,14.1,11,73,0.7,1.2,41933,0
1658,Comilla,2008,3,32.4,20.5,26,82,0.9,3.5,41933,0
1659,Comilla,2008,4,36.6,22.9,34,78,1.3,2.7,41933,0
1660,Comilla,2008,5,36.7,23.9,282,80,1.3,4.4,41933,0
1661,Comilla,2008,6,35.5,25.2,330,87,1.7,6.2,41933,0
1662,Comilla,2008,7,34.4,25.6,457,87,2.2,6.6,41933,1
1663,Comilla,2008,8,36.2,25.5,375,87,1.5,6.4,41933,1
1664,Comilla,2008,9,35.4,25.3,247,83,1.1,5.7,41933,0
1665,Comilla,2008,10,34.4,23.2,265,84,1,3.6,41933,0
1666,Comilla,2008,11,32.5,18.4,0,78,0.4,1.5,41933,0
1667,Comilla,2008,12,30.3,15.9,0,83,0.4,1.3,41933,0
1668,Comilla,2009,1,28.2,13.6,0,79,2.1,0.2,41933,0
1669,Comilla,2009,2,31,15.6,0,74,2.7,0.6,41933,0
1670,Comilla,2009,3,34,20.4,3,76,2.5,2.2,41933,0
1671,Comilla,2009,4,36.8,24.2,48,79,3,3.2,41933,0
1672,Comilla,2009,5,37,24.3,295,80,2.8,4.6,41933,0
1673,Comilla,2009,6,36.3,25.9,235,83,2.4,5.6,41933,0
1674,Comilla,2009,7,35.5,25.5,573,86,2.4,6.2,41933,1
1675,Comilla,2009,8,35,25.9,427,86,2.1,6.2,41933,1
1676,Comilla,2009,9,36.4,25.6,145,83,2,5.6,41933,0
1677,Comilla,2009,10,36.5,23,98,82,1.7,3.2,41933,0
1678,Comilla,2009,11,34,19,0,77,1.7,2,41933,0
1679,Comilla,2009,12,29.5,13.4,0,80,1.6,0.4,41933,0
1680,Comilla,2010,1,30.2,11,0,78,1.9,0.6,41933,0
1681,Comilla,2010,2,32.3,14.7,13,71,2.1,1.4,41933,0
1682,Comilla,2010,3,35.6,22,30,77,2.9,2.4,41933,0
1683,Comilla,2010,4,35.2,25.2,23,81,3.9,4.4,41933,0
1684,Comilla,2010,5,36.6,24.7,343,81,2.6,5.4,41933,0
1685,Comilla,2010,6,34.2,26.1,417,87,2.7,6.5,41933,1
1686,Comilla,2010,7,35.2,26.3,94,84,2,5.7,41933,0
1687,Comilla,2010,8,35.6,26.3,125,84,1.7,5.7,41933,0
1688,Comilla,2010,9,36,25.6,241,86,1.7,5.6,41933,0
1689,Comilla,2010,10,36.2,24.7,277,83,1.6,3.8,41933,0
1690,Comilla,2010,11,33,20,0,79,1.3,1.1,41933,0
1691,Comilla,2010,12,30.3,13.8,15,77,1.6,1.4,41933,0
1692,Comilla,2011,1,28.2,11.3,0,76,1.8,0.8,41933,0
1693,Comilla,2011,2,30,15.8,0,69,1.9,1.2,41933,0
1694,Comilla,2011,3,33.1,19.7,28,74,2.7,2.6,41933,0
1695,Comilla,2011,4,34,22.1,76,78,1.9,3.5,41933,0
1696,Comilla,2011,5,35.8,24.1,351,83,2,4.7,41933,0
1697,Comilla,2011,6,35.7,25.9,346,86,2.1,6.2,41933,1
1698,Comilla,2011,7,35,25.9,273,85,1.9,5.7,41933,0
1699,Comilla,2011,8,35.4,25.6,501,85,2,6.4,41933,1
1700,Comilla,2011,9,35.8,25.7,233,85,1.9,5.4,41933,0
1701,Comilla,2011,10,34.4,23.9,76,81,1.9,2.7,41933,0
1702,Comilla,2011,11,32.1,18.1,0,77,1.4,0.6,41933,0
1703,Comilla,2011,12,31.2,14.5,0,81,1.8,1.2,41933,0
1704,Comilla,2012,1,28,12.9,16,78,1.8,2,41933,0
1705,Comilla,2012,2,31,14.6,1,70,2,0.8,41933,0
1706,Comilla,2012,3,34,21.7,13,76,2.2,2.2,41933,0
1707,Comilla,2012,4,35.5,22.7,195,82,1.9,3.7,41933,0
1708,Comilla,2012,5,35.5,25,209,80,2.1,4,41933,0
1709,Comilla,2012,6,35.8,25.8,442,85,2.3,5.9,41933,1
1710,Comilla,2012,7,34.1,25.9,282,85,2.3,6.5,41933,0
1711,Comilla,2012,8,34.5,25.9,373,84,1.9,5.9,41933,1
1712,Comilla,2012,9,35.5,25.9,178,85,1.9,5.4,41933,0
1713,Comilla,2012,10,34.5,23.4,115,82,2,2.9,41933,0
1714,Comilla,2012,11,31.8,18.6,102,78,1.5,2.4,41933,0
1715,Comilla,2012,12,28.2,13.4,3,83,1.6,1.2,41933,0
1716,Comilla,2013,1,28.6,10.9,0,74,1.6,0.7,41933,0
1717,Comilla,2013,2,31.4,15.8,3,69,2.2,1.4,41933,0
1718,Comilla,2013,3,34,20.5,30,76,1.9,1.9,41933,0
1719,Comilla,2013,4,34.8,23.4,28,78,2.4,2.9,41933,0
1720,Comilla,2013,5,34.8,24.2,467,85,3,6.4,41933,1
1721,Comilla,2013,6,35.6,26.5,214,82,2.5,5.5,41933,0
1722,Comilla,2013,7,35.6,26.1,276,84,2.6,5.4,41933,0
1723,Comilla,2013,8,35,25.9,243,85,2.5,6,41933,0
1724,Comilla,2013,9,35.4,25.7,255,85,2.2,5.6,41933,0
1725,Comilla,2013,10,34.6,24.1,124,85,2,4.9,41933,0
1726,Comilla,2013,11,33.2,17.8,0,78,1.8,0.5,41933,0
1727,Comilla,2013,12,30.8,14.2,3,81,1.7,1,41933,0
1728,Cox's Bazar,1990,1,29.5,15.7,0,78,1.9,0.8,41992,0
1729,Cox's Bazar,1990,2,32,18.5,69,77,1.6,3.3,41992,0
1730,Cox's Bazar,1990,3,31.2,20.1,174,78,2,4,41992,0
1731,Cox's Bazar,1990,4,33.2,23.4,135,79,3.2,3.9,41992,0
1732,Cox's Bazar,1990,5,34.5,25.5,233,80,2,5,41992,0
1733,Cox's Bazar,1990,6,34.4,25.7,1201,87,2.9,6.6,41992,1
1734,Cox's Bazar,1990,7,32.4,25.4,1211,91,3.2,7.5,41992,1
1735,Cox's Bazar,1990,8,33.1,25.4,277,85,2.6,6.1,41992,0
1736,Cox's Bazar,1990,9,32.8,25.2,272,85,2.4,6,41992,0
1737,Cox's Bazar,1990,10,33,24.2,294,81,2.1,3.8,41992,0
1738,Cox's Bazar,1990,11,33,22.4,255,80,1.1,3.4,41992,0
1739,Cox's Bazar,1990,12,30,17,19,77,1.1,1.5,41992,0
1740,Cox's Bazar,1991,1,29.4,15.6,4,72,2,1.6,41992,0
1741,Cox's Bazar,1991,2,32.5,18.1,0,73,1.7,0.8,41992,0
1742,Cox's Bazar,1991,3,36,22.6,22,76,1.4,1.7,41992,0
1743,Cox's Bazar,1991,4,36.7,24.4,175,78,1.7,3.6,41992,0
1744,Cox's Bazar,1991,5,33,25.5,182,82,3.4,5.3,41992,0
1745,Cox's Bazar,1991,6,33,25.2,1165,89,2.7,6.9,41992,1
1746,Cox's Bazar,1991,7,33.3,25.4,800,88,3.2,7,41992,1
1747,Cox's Bazar,1991,8,33.5,25.4,770,89,2.8,7.1,41992,1
1748,Cox's Bazar,1991,9,33.5,25.1,497,87,1.7,6.2,41992,1
1749,Cox's Bazar,1991,10,33.5,24.2,211,83,1.4,4.8,41992,0
1750,Cox's Bazar,1991,11,31.2,20.3,88,77,1.4,2.7,41992,0
1751,Cox's Bazar,1991,12,29.5,16.1,13,73,1.3,1.7,41992,0
1752,Cox's Bazar,1992,1,29.5,14.5,1,75,0.9,1.1,41992,0
1753,Cox's Bazar,1992,2,28.6,17.3,34,76,1.6,2.8,41992,0
1754,Cox's Bazar,1992,3,36,22.1,0,82,1.8,2.4,41992,0
1755,Cox's Bazar,1992,4,35,25.2,1,78,2.3,3.7,41992,0
1756,Cox's Bazar,1992,5,34.3,25,141,78,2.6,4.6,41992,0
1757,Cox's Bazar,1992,6,36,25.7,767,83,2.7,5.6,41992,1
1758,Cox's Bazar,1992,7,34,25.1,824,88,2.8,7,41992,1
1759,Cox's Bazar,1992,8,33.5,25.2,451,86,2.8,6.6,41992,1
1760,Cox's Bazar,1992,9,34.5,25.1,328,85,2,6.1,41992,0
1761,Cox's Bazar,1992,10,35.4,24.1,237,83,1.2,4.6,41992,0
1762,Cox's Bazar,1992,11,32.8,21.4,103,78,1.3,3.8,41992,0
1763,Cox's Bazar,1992,12,29,15.6,6,75,1.6,0.8,41992,0
1764,Cox's Bazar,1993,1,29,14.9,34,71,2,1,41992,0
1765,Cox's Bazar,1993,2,31,17.8,86,75,3,1.5,41992,0
1766,Cox's Bazar,1993,3,32.5,20,115,74,3.2,2.3,41992,0
1767,Cox's Bazar,1993,4,36.8,23.1,96,77,2.1,2.4,41992,0
1768,Cox's Bazar,1993,5,33.6,24.2,508,81,3.1,5.1,41992,1
1769,Cox's Bazar,1993,6,33,25,835,89,3.4,6.5,41992,1
1770,Cox's Bazar,1993,7,33.5,25.5,672,87,3.7,6.4,41992,1
1771,Cox's Bazar,1993,8,32.2,25.4,736,88,3.3,6.7,41992,1
1772,Cox's Bazar,1993,9,32.5,25,248,86,2.1,5.7,41992,0
1773,Cox's Bazar,1993,10,35.5,24.5,165,82,1.3,3.8,41992,0
1774,Cox's Bazar,1993,11,31.8,20.1,39,76,1.2,1.1,41992,0
1775,Cox's Bazar,1993,12,29.5,16.7,0,73,1.1,0.8,41992,0
1776,Cox's Bazar,1994,1,30.5,15.9,5,68,1.7,0.6,41992,0
1777,Cox's Bazar,1994,2,32.5,17.3,72,63,2.7,0.7,41992,0
1778,Cox's Bazar,1994,3,34,21.4,239,75,2.4,2.4,41992,0
1779,Cox's Bazar,1994,4,36.5,23.9,237,80,1.9,3,41992,0
1780,Cox's Bazar,1994,5,34,26.1,309,81,2,4,41992,0
1781,Cox's Bazar,1994,6,34.5,25.8,1022,87,3,7,41992,1
1782,Cox's Bazar,1994,7,32.5,25.2,767,89,3.1,7,41992,1
1783,Cox's Bazar,1994,8,32,25.3,520,86,3.1,6.7,41992,1
1784,Cox's Bazar,1994,9,34,25.3,265,82,2,4.8,41992,0
1785,Cox's Bazar,1994,10,34,24,88,79,0.8,2.9,41992,0
1786,Cox's Bazar,1994,11,33,20.9,32,73,0.9,2.2,41992,0
1787,Cox's Bazar,1994,12,29.5,15.8,0,66,1.3,0.5,41992,0
1788,Cox's Bazar,1995,1,30,15.1,0,64,2.5,1.1,41992,0
1789,Cox's Bazar,1995,2,31,17.2,3,71,1.3,0.9,41992,0
1790,Cox's Bazar,1995,3,36,21.2,10,68,2.4,1.1,41992,0
1791,Cox's Bazar,1995,4,35.5,24.7,24,76,2.2,3.1,41992,0
1792,Cox's Bazar,1995,5,35.5,26.9,414,78,3.4,4.8,41992,0
1793,Cox's Bazar,1995,6,33.6,25.7,706,86,3.6,6.8,41992,1
1794,Cox's Bazar,1995,7,32.5,25.3,1039,87,3.5,7,41992,1
1795,Cox's Bazar,1995,8,33,25.6,629,86,2.9,6.5,41992,1
1796,Cox's Bazar,1995,9,34,25.3,463,86,2.4,6,41992,1
1797,Cox's Bazar,1995,10,34.4,25.2,46,80,1.2,4.2,41992,0
1798,Cox's Bazar,1995,11,34.5,22.6,409,82,1.6,4.9,41992,1
1799,Cox's Bazar,1995,12,29.5,16.8,0,71,1.4,0.3,41992,0
1800,Cox's Bazar,1996,1,28.2,15.8,0,70,1.8,0.1,41992,0
1801,Cox's Bazar,1996,2,31.8,17.7,83,71,1.8,0.9,41992,0
1802,Cox's Bazar,1996,3,32.7,22.5,2,81,2.6,3.5,41992,0
1803,Cox's Bazar,1996,4,34.2,24.1,77,78,1.7,3.2,41992,0
1804,Cox's Bazar,1996,5,34.5,25.3,279,81,3.1,4.8,41992,0
1805,Cox's Bazar,1996,6,34.6,25.1,671,85,3,5.8,41992,1
1806,Cox's Bazar,1996,7,34,25.5,946,87,2.7,6.5,41992,1
1807,Cox's Bazar,1996,8,33,24.9,702,89,2.2,6.6,41992,1
1808,Cox's Bazar,1996,9,35.5,25,528,86,1.4,5.9,41992,1
1809,Cox's Bazar,1996,10,34.5,24.5,446,83,1.5,4.5,41992,1
1810,Cox's Bazar,1996,11,32.5,20.8,8,79,1,2.1,41992,0
1811,Cox's Bazar,1996,12,31.8,17.5,0,75,1,1.3,41992,0
1812,Cox's Bazar,1997,1,29,14.8,2,69,1.3,0.8,41992,0
1813,Cox's Bazar,1997,2,31.5,16.1,20,72,1.1,1,41992,0
1814,Cox's Bazar,1997,3,33.3,21.5,40,79,1.6,2.6,41992,0
1815,Cox's Bazar,1997,4,34.5,21.8,28,77,1.3,3.2,41992,0
1816,Cox's Bazar,1997,5,35.5,24.9,283,79,2.8,4.6,41992,0
1817,Cox's Bazar,1997,6,33.6,24.9,390,86,2.8,6.1,41992,0
1818,Cox's Bazar,1997,7,32.5,24.9,1277,91,2.7,7,41992,1
1819,Cox's Bazar,1997,8,35.6,25.5,613,87,2.5,6,41992,1
1820,Cox's Bazar,1997,9,34,24.8,640,87,1.6,5.7,41992,1
1821,Cox's Bazar,1997,10,33.5,23.7,173,79,1.1,2,41992,0
1822,Cox's Bazar,1997,11,34.5,21.3,37,76,1,1.9,41992,0
1823,Cox's Bazar,1997,12,32,17.3,33,74,1.7,1.8,41992,0
1824,Cox's Bazar,1998,1,31.3,15.6,15,78,1.6,1,41992,0
1825,Cox's Bazar,1998,2,31.8,18,19,76,1.1,1.3,41992,0
1826,Cox's Bazar,1998,3,35,20.2,16,70,1.7,1.7,41992,0
1827,Cox's Bazar,1998,4,36,23.9,157,79,1,2,41992,0
1828,Cox's Bazar,1998,5,37.5,26,381,81,2.5,3.9,41992,0
1829,Cox's Bazar,1998,6,36.2,26.9,365,85,3.2,5.5,41992,0
1830,Cox's Bazar,1998,7,34.7,25.7,1257,90,3.4,6.5,41992,1
1831,Cox's Bazar,1998,8,34.5,25.7,1105,90,2.8,6.8,41992,1
1832,Cox's Bazar,1998,9,35.7,25.5,328,85,1.7,5.1,41992,0
1833,Cox's Bazar,1998,10,36.3,25.5,184,82,1.1,2.6,41992,0
1834,Cox's Bazar,1998,11,34.8,23.6,87,78,1.4,1.8,41992,0
1835,Cox's Bazar,1998,12,32,17.6,0,74,0.7,0.1,41992,0
1836,Cox's Bazar,1999,1,31.3,16.1,0,72,1,0.4,41992,0
1837,Cox's Bazar,1999,2,35.5,19.1,0,69,1.3,0.7,41992,0
1838,Cox's Bazar,1999,3,36,21.9,0,77,1.6,1.1,41992,0
1839,Cox's Bazar,1999,4,36.5,25.3,8,77,1.2,2.1,41992,0
1840,Cox's Bazar,1999,5,36.3,25.1,578,84,2.2,4.8,41992,1
1841,Cox's Bazar,1999,6,35.7,25.6,853,89,2.7,6.3,41992,1
1842,Cox's Bazar,1999,7,33.5,25.3,919,90,1.9,6.7,41992,1
1843,Cox's Bazar,1999,8,33.5,25,1134,91,1.9,7.1,41992,1
1844,Cox's Bazar,1999,9,34,24.9,391,89,1.2,5.6,41992,0
1845,Cox's Bazar,1999,10,35,24.7,277,86,0.8,4.3,41992,0
1846,Cox's Bazar,1999,11,33.4,20.6,1,77,0.6,0.6,41992,0
1847,Cox's Bazar,1999,12,33,17.5,124,77,0.5,1.4,41992,0
1848,Cox's Bazar,2000,1,31.7,15.8,1,74,1,0.5,41992,0
1849,Cox's Bazar,2000,2,31.5,17.6,2,67,1.6,1.9,41992,0
1850,Cox's Bazar,2000,3,35.8,21.2,96,76,1.6,2.3,41992,0
1851,Cox's Bazar,2000,4,34.8,24,65,79,2,2.7,41992,0
1852,Cox's Bazar,2000,5,35.7,23.7,589,86,1.6,4.9,41992,1
1853,Cox's Bazar,2000,6,35.2,25.1,841,88,2.1,6.5,41992,1
1854,Cox's Bazar,2000,7,34.8,24.4,1300,90,2.1,6.4,41992,1
1855,Cox's Bazar,2000,8,34.6,25.1,870,89,1.8,6.1,41992,1
1856,Cox's Bazar,2000,9,34.6,25,503,88,1.2,5.9,41992,1
1857,Cox's Bazar,2000,10,36,24.6,424,85,0.9,4.4,41992,1
1858,Cox's Bazar,2000,11,33.5,20.5,16,77,0.5,1.1,41992,0
1859,Cox's Bazar,2000,12,30.6,16.2,0,73,0.5,0.4,41992,0
1860,Cox's Bazar,2001,1,30.5,14.2,0,70,0.8,0.1,41992,0
1861,Cox's Bazar,2001,2,32.5,17.4,26,75,0.6,0.7,41992,0
1862,Cox's Bazar,2001,3,36.2,21,0,72,1.1,0.6,41992,0
1863,Cox's Bazar,2001,4,36.7,24.3,6,76,1.2,2.2,41992,0
1864,Cox's Bazar,2001,5,35.5,24,379,83,1.3,4.2,41992,0
1865,Cox's Bazar,2001,6,33.7,23.9,1373,92,2.6,7,41992,1
1866,Cox's Bazar,2001,7,33.8,25.3,903,90,2.9,6.7,41992,1
1867,Cox's Bazar,2001,8,34.1,25.7,534,89,1.9,6.1,41992,1
1868,Cox's Bazar,2001,9,36,25.3,426,88,1.1,5.1,41992,1
1869,Cox's Bazar,2001,10,35.3,25.1,236,88,0.5,3.9,41992,0
1870,Cox's Bazar,2001,11,33.5,22,131,84,0.4,2.9,41992,0
1871,Cox's Bazar,2001,12,29.6,16.7,0,76,0.5,1,41992,0
1872,Cox's Bazar,2002,1,30.5,16.8,26,77,0.6,1.4,41992,0
1873,Cox's Bazar,2002,2,34.8,17.5,0,69,1.3,0.2,41992,0
1874,Cox's Bazar,2002,3,36.2,21.6,43,74,1.1,1.1,41992,0
1875,Cox's Bazar,2002,4,34.2,23.9,92,83,1.2,2.2,41992,0
1876,Cox's Bazar,2002,5,34.6,25.1,494,85,1.9,4.8,41992,1
1877,Cox's Bazar,2002,6,34.5,25.8,503,89,1.8,5.7,41992,1
1878,Cox's Bazar,2002,7,33.4,25.7,1236,92,1.4,7.1,41992,1
1879,Cox's Bazar,2002,8,34.8,25.5,658,89,1.8,6.2,41992,1
1880,Cox's Bazar,2002,9,35,25.4,316,85,1.1,4.8,41992,0
1881,Cox's Bazar,2002,10,34.5,24.4,330,84,0.7,3.1,41992,0
1882,Cox's Bazar,2002,11,33.6,21.7,219,83,0.8,3.2,41992,0
1883,Cox's Bazar,2002,12,31.4,16.9,1,78,0.8,0.8,41992,0
1884,Cox's Bazar,2003,1,30,15.1,0,78,0.9,1.1,41992,0
1885,Cox's Bazar,2003,2,32.4,18.2,4,72,1.2,1,41992,0
1886,Cox's Bazar,2003,3,33.5,20.3,68,76,1.1,1.3,41992,0
1887,Cox's Bazar,2003,4,36.6,25.2,10,79,1.4,2.5,41992,0
1888,Cox's Bazar,2003,5,35.8,25.7,574,84,1.6,3.9,41992,1
1889,Cox's Bazar,2003,6,35.2,24.9,1349,91,2.5,6.8,41992,1
1890,Cox's Bazar,2003,7,34.1,25.6,896,88,2.4,5.8,41992,1
1891,Cox's Bazar,2003,8,34.2,25.5,655,88,1.8,5.9,41992,1
1892,Cox's Bazar,2003,9,34.4,25.3,347,88,1,5.3,41992,0
1893,Cox's Bazar,2003,10,35.3,24.9,207,85,0.6,3.9,41992,0
1894,Cox's Bazar,2003,11,34,19.8,0,76,0.5,0.2,41992,0
1895,Cox's Bazar,2003,12,31.5,17.8,3,78,0.7,1.4,41992,0
1896,Cox's Bazar,2004,1,36,16.3,0,80,0.9,1,41992,0
1897,Cox's Bazar,2004,2,32.3,16.8,0,73,1.1,0.5,41992,0
1898,Cox's Bazar,2004,3,35.6,22.1,1,77,1.5,2.2,41992,0
1899,Cox's Bazar,2004,4,34,24.4,204,82,2.3,3.8,41992,0
1900,Cox's Bazar,2004,5,37.3,26,250,80,1.4,3.9,41992,0
1901,Cox's Bazar,2004,6,36,25.7,705,86,1.4,6.1,41992,1
1902,Cox's Bazar,2004,7,34,25.3,751,89,1.7,6.7,41992,1
1903,Cox's Bazar,2004,8,34.8,25.4,686,89,2,6.2,41992,1
1904,Cox's Bazar,2004,9,36.6,25.4,438,87,1.2,5.4,41992,1
1905,Cox's Bazar,2004,10,34.7,24.6,247,84,0.8,3.2,41992,0
1906,Cox's Bazar,2004,11,33.4,19.7,0,76,0.4,0.2,41992,0
1907,Cox's Bazar,2004,12,32.2,17.4,0,72,0.2,0.2,41992,0
1908,Cox's Bazar,2005,1,29.5,15.9,6,71,1.3,0.5,41992,0
1909,Cox's Bazar,2005,2,32.5,19.2,0,72,1.7,0.5,41992,0
1910,Cox's Bazar,2005,3,33.2,22.3,27,79,2.3,1.9,41992,0
1911,Cox's Bazar,2005,4,37.5,24.8,113,77,1.9,1.9,41992,0
1912,Cox's Bazar,2005,5,35,25.9,178,76,2.3,2.6,41992,0
1913,Cox's Bazar,2005,6,35.4,26.5,848,85,2.7,5.3,41992,1
1914,Cox's Bazar,2005,7,33,25.5,608,88,2.5,6,41992,1
1915,Cox's Bazar,2005,8,32.6,25.4,957,91,2.5,7.2,41992,1
1916,Cox's Bazar,2005,9,34.6,25.4,342,87,1.7,5.9,41992,0
1917,Cox's Bazar,2005,10,34.4,25.1,257,82,1,3.9,41992,0
1918,Cox's Bazar,2005,11,32.5,20.8,23,77,0.8,1.4,41992,0
1919,Cox's Bazar,2005,12,31.5,19.4,25,78,1,2.6,41992,0
1920,Cox's Bazar,2006,1,30.5,15.9,0,73,1,0.6,41992,0
1921,Cox's Bazar,2006,2,32.3,19,0,76,0.7,0.7,41992,0
1922,Cox's Bazar,2006,3,37.4,22.3,0,69,1.1,1.1,41992,0
1923,Cox's Bazar,2006,4,35,25.1,114,73,1.3,2.3,41992,0
1924,Cox's Bazar,2006,5,34.8,25.2,800,81,1.3,4.8,41992,1
1925,Cox's Bazar,2006,6,33.5,25.7,662,87,1.5,6.4,41992,1
1926,Cox's Bazar,2006,7,32.8,25.5,802,90,2,6.9,41992,1
1927,Cox's Bazar,2006,8,33,25.3,385,87,1.7,6.3,41992,0
1928,Cox's Bazar,2006,9,33.5,25.1,678,86,1.4,5.5,41992,1
1929,Cox's Bazar,2006,10,33.6,25,78,82,0.6,3.5,41992,0
1930,Cox's Bazar,2006,11,34,21.8,10,75,0.7,2,41992,0
1931,Cox's Bazar,2006,12,31,16.6,0,74,0.6,0.3,41992,0
1932,Cox's Bazar,2007,1,29.4,14.6,0,73,0.7,0.2,41992,0
1933,Cox's Bazar,2007,2,32.2,17.9,65,73,0.9,1.8,41992,0
1934,Cox's Bazar,2007,3,35.2,20.3,0,67,1.1,0.4,41992,0
1935,Cox's Bazar,2007,4,34.8,23.5,100,77,1.3,3.6,41992,0
1936,Cox's Bazar,2007,5,35.8,25.7,373,80,1.3,4.6,41992,0
1937,Cox's Bazar,2007,6,34.5,26,640,84,1.6,6.1,41992,1
1938,Cox's Bazar,2007,7,34.2,25.2,1274,90,1.9,6.9,41992,1
1939,Cox's Bazar,2007,8,33.5,25.4,526,86,1.9,6.8,41992,1
1940,Cox's Bazar,2007,9,33.7,24.9,409,87,1.8,6.8,41992,1
1941,Cox's Bazar,2007,10,34.8,24,492,83,0.9,4.3,41992,1
1942,Cox's Bazar,2007,11,33.7,22.6,127,81,0.9,2.5,41992,0
1943,Cox's Bazar,2007,12,30.5,17.5,0,72,1,1.5,41992,0
1944,Cox's Bazar,2008,1,30,16,15,73,0.8,1.1,41992,0
1945,Cox's Bazar,2008,2,31.4,16.5,50,67,1.1,1,41992,0
1946,Cox's Bazar,2008,3,35.6,21.8,4,79,0.5,2,41992,0
1947,Cox's Bazar,2008,4,35,24.6,0,72,1,2.3,41992,0
1948,Cox's Bazar,2008,5,35.9,25,244,77,1,4.7,41992,0
1949,Cox's Bazar,2008,6,34.2,25.2,1318,86,1.7,6.4,41992,1
1950,Cox's Bazar,2008,7,32.6,24.8,1275,90,1.2,7.1,41992,1
1951,Cox's Bazar,2008,8,33.5,25,664,88,1.4,6.6,41992,1
1952,Cox's Bazar,2008,9,34,25.2,387,87,0.8,5.9,41992,0
1953,Cox's Bazar,2008,10,35.1,24.8,184,81,0.9,3,41992,0
1954,Cox's Bazar,2008,11,33,20.8,3,75,0.4,1.5,41992,0
1955,Cox's Bazar,2008,12,31.3,18,0,76,0.3,0.8,41992,0
1956,Cox's Bazar,2009,1,31.8,15.9,0,70,3,0.1,41992,0
1957,Cox's Bazar,2009,2,33.3,17.9,0,67,4.8,0.3,41992,0
1958,Cox's Bazar,2009,3,36,21.9,0,73,3.9,1.9,41992,0
1959,Cox's Bazar,2009,4,34.8,25.3,130,77,6,3.2,41992,0
1960,Cox's Bazar,2009,5,36.5,25.3,241,76,4.6,3.9,41992,0
1961,Cox's Bazar,2009,6,35,25.6,324,82,5.1,5.6,41992,0
1962,Cox's Bazar,2009,7,32.8,25.5,971,90,4.8,6.7,41992,1
1963,Cox's Bazar,2009,8,34,25.3,944,89,3.9,6.9,41992,1
1964,Cox's Bazar,2009,9,35,25.2,485,85,3.7,5.9,41992,1
1965,Cox's Bazar,2009,10,34.6,24.6,130,80,3.1,3.1,41992,0
1966,Cox's Bazar,2009,11,34.5,21.7,58,73,2.2,2.1,41992,0
1967,Cox's Bazar,2009,12,30.5,16.6,0,72,2.8,0.8,41992,0
1968,Cox's Bazar,2010,1,30,15.3,0,72,4,0.5,41992,0
1969,Cox's Bazar,2010,2,34,17.5,0,65,4.3,1.2,41992,0
1970,Cox's Bazar,2010,3,37,23.3,15,75,4.5,2,41992,0
1971,Cox's Bazar,2010,4,35,26.3,12,75,5.5,3.2,41992,0
1972,Cox's Bazar,2010,5,36,26.1,717,78,4.1,4.3,41992,1
1973,Cox's Bazar,2010,6,34,26,982,86,4.6,6.2,41992,1
1974,Cox's Bazar,2010,7,34,25.8,496,85,4.1,6.3,41992,1
1975,Cox's Bazar,2010,8,33.7,25.7,501,84,3.3,6,41992,1
1976,Cox's Bazar,2010,9,33.5,25.3,257,85,3.1,5.5,41992,0
1977,Cox's Bazar,2010,10,36,25.4,375,84,2.5,4.5,41992,0
1978,Cox's Bazar,2010,11,33.5,21.7,15,77,2.6,1.2,41992,0
1979,Cox's Bazar,2010,12,33,17.5,68,74,2.9,1,41992,0
1980,Cox's Bazar,2011,1,31,14.9,11,67,3.7,0.8,41992,0
1981,Cox's Bazar,2011,2,32.5,17.8,0,68,3.8,0.9,41992,0
1982,Cox's Bazar,2011,3,35,20.9,4,70,4.3,1.4,41992,0
1983,Cox's Bazar,2011,4,34.7,24.1,123,78,3.4,2.9,41992,0
1984,Cox's Bazar,2011,5,34.5,24.7,296,81,4.2,4.8,41992,0
1985,Cox's Bazar,2011,6,34,25.4,926,87,3.7,6.5,41992,1
1986,Cox's Bazar,2011,7,33.5,25.5,877,86,3.8,6.2,41992,1
1987,Cox's Bazar,2011,8,33.8,25.1,1226,88,3.6,6.8,41992,1
1988,Cox's Bazar,2011,9,33.5,24.9,692,88,2.9,5.9,41992,1
1989,Cox's Bazar,2011,10,34.3,23.9,280,82,2.1,3.1,41992,0
1990,Cox's Bazar,2011,11,32.5,19.5,0,74,1.9,0.1,41992,0
1991,Cox's Bazar,2011,12,32.2,17,5,77,1.5,1.5,41992,0
1992,Cox's Bazar,2012,1,31.2,15.8,0,67,2.8,0.9,41992,0
1993,Cox's Bazar,2012,2,34,17.1,0,63,3,0.4,41992,0
1994,Cox's Bazar,2012,3,34.5,21.4,109,77,2.9,1.9,41992,0
1995,Cox's Bazar,2012,4,35,24.3,148,77,4,3.1,41992,0
1996,Cox's Bazar,2012,5,35.5,25.8,254,79,3.8,3.7,41992,0
1997,Cox's Bazar,2012,6,34.8,25.4,1102,86,4.9,6.3,41992,1
1998,Cox's Bazar,2012,7,33.5,25.1,1130,90,4.5,7.2,41992,1
1999,Cox's Bazar,2012,8,33.6,24.9,801,87,4.1,6.3,41992,1
2000,Cox's Bazar,2012,9,33.8,25.4,302,85,3.7,5.8,41992,0
2001,Cox's Bazar,2012,10,34.3,24.4,263,83,3.8,3.3,41992,0
2002,Cox's Bazar,2012,11,33.6,21.5,14,76,3.7,3.1,41992,0
2003,Cox's Bazar,2012,12,30.4,15.5,0,77,3.9,0.5,41992,0
2004,Cox's Bazar,2013,1,32,13.9,0,71,4.6,0.4,41992,0
2005,Cox's Bazar,2013,2,33.8,18.2,0,67,4.5,1,41992,0
2006,Cox's Bazar,2013,3,35,21.4,0,75,3.5,0.8,41992,0
2007,Cox's Bazar,2013,4,35,24.5,54,77,3.4,2.3,41992,0
2008,Cox's Bazar,2013,5,34.5,24.7,700,86,4.3,6,41992,1
2009,Cox's Bazar,2013,6,35,25.8,876,86,2.9,6.5,41992,1
2010,Cox's Bazar,2013,7,34,25.1,772,86,2.9,7,41992,1
2011,Cox's Bazar,2013,8,33.5,25.5,1000,86,2.9,6.6,41992,1
2012,Cox's Bazar,2013,9,34.2,25.6,237,86,2.6,6.4,41992,0
2013,Cox's Bazar,2013,10,34.2,24.5,420,84,1.7,5.4,41992,1
2014,Cox's Bazar,2013,11,32.6,21.3,0,73,1.1,1.6,41992,0
2015,Cox's Bazar,2013,12,31,17.1,0,73,1.3,1,41992,0
2016,Dhaka,1990,1,28.2,14.3,0,77,0.5,0.5,41923,0
2017,Dhaka,1990,2,30.4,17.3,36,69,0.6,2.5,41923,0
2018,Dhaka,1990,3,34.6,19.7,151,73,1.2,3.8,41923,0
2019,Dhaka,1990,4,34.5,22.7,154,77,2.8,4.4,41923,0
2020,Dhaka,1990,5,35.4,25,202,79,1.4,5.1,41923,0
2021,Dhaka,1990,6,34.2,26.7,229,84,2.1,6.1,41923,0
2022,Dhaka,1990,7,32.7,26,567,87,1.8,6.7,41923,0
2023,Dhaka,1990,8,35.3,26.9,227,83,1.4,5.7,41923,0
2024,Dhaka,1990,9,34.8,26.3,247,84,1.6,6,41923,0
2025,Dhaka,1990,10,34,23.6,181,78,1,4.1,41923,0
2026,Dhaka,1990,11,32.8,21.6,103,75,0.6,2.8,41923,0
2027,Dhaka,1990,12,28.6,16,6,71,0.6,1.6,41923,0
2028,Dhaka,1991,1,28,13.8,27,69,0.5,1.9,41923,0
2029,Dhaka,1991,2,33,17.5,8,63,0.8,1.3,41923,0
2030,Dhaka,1991,3,36.8,21.9,46,61,0.9,2.2,41923,0
2031,Dhaka,1991,4,37.8,24.4,53,71,1.7,3.6,41923,0
2032,Dhaka,1991,5,34.2,23.3,529,78,2.7,6.1,41923,0
2033,Dhaka,1991,6,34,25.9,320,84,1.7,6.4,41923,0
2034,Dhaka,1991,7,35,26.7,318,85,2,6.4,41923,0
2035,Dhaka,1991,8,36.2,26.4,345,84,1.8,6.3,41923,0
2036,Dhaka,1991,9,34.5,25.7,692,84,1.3,6.2,41923,0
2037,Dhaka,1991,10,35,24.5,392,80,0.5,4.5,41923,0
2038,Dhaka,1991,11,30.2,19.1,14,74,0.3,1.8,41923,0
2039,Dhaka,1991,12,29.3,15,106,73,0.7,2.2,41923,0
2040,Dhaka,1992,1,27.4,13.5,1,69,0.6,0.8,41923,0
2041,Dhaka,1992,2,28,16,47,63,1,2,41923,0
2042,Dhaka,1992,3,36.6,22.1,0,61,2.2,1.4,41923,0
2043,Dhaka,1992,4,39.2,25,25,71,2.4,2.6,41923,0
2044,Dhaka,1992,5,36.2,24.2,153,78,1.9,4.2,41923,0
2045,Dhaka,1992,6,35.8,26.5,132,84,1.6,4.6,41923,0
2046,Dhaka,1992,7,33.8,25.9,386,85,1.8,6.6,41923,0
2047,Dhaka,1992,8,35.2,26.4,182,84,1.6,6,41923,0
2048,Dhaka,1992,9,35,26.1,148,84,1.3,5.2,41923,0
2049,Dhaka,1992,10,34.6,23.8,83,80,0.6,3.1,41923,0
2050,Dhaka,1992,11,33.5,18.6,2,74,0.5,2.6,41923,0
2051,Dhaka,1992,12,27.8,12.4,0,73,0.5,0.5,41923,0
2052,Dhaka,1993,1,28.6,12,5,73,0.5,1.2,41923,0
2053,Dhaka,1993,2,32,16.7,53,69,0.8,1.8,41923,0
2054,Dhaka,1993,3,34.6,18.7,87,62,1.2,1.8,41923,0
2055,Dhaka,1993,4,37,22.7,113,70,1.5,4,41923,0
2056,Dhaka,1993,5,35,23.5,556,80,1.5,5.2,41923,0
2057,Dhaka,1993,6,34.3,25.7,486,82,1.9,6.4,41923,0
2058,Dhaka,1993,7,33.2,26.2,418,84,1.6,6.3,41923,0
2059,Dhaka,1993,8,33.3,26.4,439,85,1.3,6.6,41923,0
2060,Dhaka,1993,9,35.3,25.6,374,83,1,5.8,41923,0
2061,Dhaka,1993,10,33.6,23.8,217,82,0.3,3.7,41923,0
2062,Dhaka,1993,11,30.8,19.2,19,79,0.3,1.4,41923,0
2063,Dhaka,1993,12,29.1,13.7,0,75,0.3,1.4,41923,0
2064,Dhaka,1994,1,29.1,13.1,13,69,0.6,1,41923,0
2065,Dhaka,1994,2,31,14.1,54,67,0.6,1.3,41923,0
2066,Dhaka,1994,3,35.2,21,115,65,1.7,2.8,41923,0
2067,Dhaka,1994,4,37.6,22.8,201,70,1.3,3.4,41923,0
2068,Dhaka,1994,5,36.1,25.3,254,76,1.6,4.1,41923,0
2069,Dhaka,1994,6,34.8,26.4,266,81,1.8,6.1,41923,0
2070,Dhaka,1994,7,34,26.7,153,79,1.9,6.2,41923,0
2071,Dhaka,1994,8,34.1,26.4,246,81,1.3,6,41923,0
2072,Dhaka,1994,9,35,25.8,169,78,0.8,4.5,41923,0
2073,Dhaka,1994,10,34.5,23.3,55,74,0.4,3,41923,0
2074,Dhaka,1994,11,33,18.8,14,71,0.3,3.1,41923,0
2075,Dhaka,1994,12,29.8,12.5,0,65,0.2,0.6,41923,0
2076,Dhaka,1995,1,29.2,11.3,8,64,0.5,1.6,41923,0
2077,Dhaka,1995,2,30.8,15.7,31,66,0.6,2.3,41923,0
2078,Dhaka,1995,3,38.8,19.3,0,58,0.7,2,41923,0
2079,Dhaka,1995,4,39,24.6,88,64,1.3,3,41923,0
2080,Dhaka,1995,5,38,26.3,264,75,1.6,5,41923,0
2081,Dhaka,1995,6,36.6,26.9,237,81,1.4,5.9,41923,0
2082,Dhaka,1995,7,33.5,26.3,354,82,1.3,6.2,41923,0
2083,Dhaka,1995,8,34.7,26.5,360,82,1.3,5.9,41923,0
2084,Dhaka,1995,9,35.6,26.3,205,82,1,5.9,41923,0
2085,Dhaka,1995,10,34.6,24,91,78,0.4,3.5,41923,0
2086,Dhaka,1995,11,34.2,19.9,112,74,0.5,2.9,41923,0
2087,Dhaka,1995,12,28.6,13.3,1,70,0.3,0.6,41923,0
2088,Dhaka,1996,1,29.2,12.1,0,73,0.4,0.7,41923,0
2089,Dhaka,1996,2,32,15.2,21,67,0.7,1.1,41923,0
2090,Dhaka,1996,3,37.6,22.2,54,67,1.1,2.4,41923,0
2091,Dhaka,1996,4,38.4,24,199,70,1.1,3.3,41923,0
2092,Dhaka,1996,5,36.5,25.7,208,78,1.2,4.8,41923,0
2093,Dhaka,1996,6,35.5,25.4,343,83,0.9,5.4,41923,0
2094,Dhaka,1996,7,34.1,26.7,257,84,0.9,5.9,41923,0
2095,Dhaka,1996,8,35.5,26.2,361,85,0.8,5.9,41923,0
2096,Dhaka,1996,9,37.5,26.2,244,83,0.4,4.7,41923,0
2097,Dhaka,1996,10,35.4,22.9,357,79,0.4,2.9,41923,0
2098,Dhaka,1996,11,33.7,18.2,0,76,0.1,1,41923,0
2099,Dhaka,1996,12,30.3,14,0,72,0.3,1.4,41923,0
2100,Dhaka,1997,1,27.6,11.5,2,70,0.3,1.6,41923,0
2101,Dhaka,1997,2,31.3,14.5,7,64,0.4,1.5,41923,0
2102,Dhaka,1997,3,35.6,21.1,136,66,0.6,2.1,41923,0
2103,Dhaka,1997,4,34.7,21.2,133,75,0.7,3.7,41923,0
2104,Dhaka,1997,5,36.2,24.6,151,77,0.8,3.5,41923,0
2105,Dhaka,1997,6,35.5,25.8,249,82,1,5.8,41923,0
2106,Dhaka,1997,7,34.4,26.4,549,86,0.7,6.2,41923,0
2107,Dhaka,1997,8,37.5,26.6,230,84,0.6,6,41923,0
2108,Dhaka,1997,9,34,25.5,402,86,0.5,5.9,41923,0
2109,Dhaka,1997,10,34,22.2,39,78,0.1,2.4,41923,0
2110,Dhaka,1997,11,33.7,18.9,1,75,0.2,2.3,41923,0
2111,Dhaka,1997,12,29,14.5,22,80,0.2,2.6,41923,0
2112,Dhaka,1998,1,27.3,12.7,49,77,0.3,3.2,41923,0
2113,Dhaka,1998,2,30.8,16.1,4,68,0.3,2.4,41923,0
2114,Dhaka,1998,3,34.8,18.3,83,64,0.4,2.7,41923,0
2115,Dhaka,1998,4,35.7,22.9,178,75,0.6,3.7,41923,0
2116,Dhaka,1998,5,37.5,25.3,405,78,0.8,5.1,41923,0
2117,Dhaka,1998,6,35.8,28.1,91,81,1.3,5.5,41923,0
2118,Dhaka,1998,7,34.1,26.4,521,87,0.9,6.8,41923,0
2119,Dhaka,1998,8,34.6,26.8,552,86,0.5,6.3,41923,0
2120,Dhaka,1998,9,36.2,26.3,246,85,0.4,5,41923,0
2121,Dhaka,1998,10,35.7,25.4,100,82,0.3,3.8,41923,0
2122,Dhaka,1998,11,33.6,20.6,83,78,0.3,2.6,41923,0
2123,Dhaka,1998,12,30.3,14.8,0,77,0.2,0.4,41923,0
2124,Dhaka,1999,1,29.4,12.7,0,72,0.3,0.6,41923,0
2125,Dhaka,1999,2,34.2,16.5,0,65,0.4,0.9,41923,0
2126,Dhaka,1999,3,37.6,21,0,57,0.6,1.3,41923,0
2127,Dhaka,1999,4,37.6,26,21,69,0.9,3,41923,0
2128,Dhaka,1999,5,37.5,25.1,428,79,0.9,5.2,41923,0
2129,Dhaka,1999,6,36.6,26.5,348,83,0.8,6.1,41923,0
2130,Dhaka,1999,7,35.6,26.2,553,86,0.6,6.7,41923,0
2131,Dhaka,1999,8,34,26.4,282,84,0.6,6.7,41923,0
2132,Dhaka,1999,9,34.6,25.9,361,84,0.4,5.9,41923,0
2133,Dhaka,1999,10,34.6,24.5,368,83,0.3,5.1,41923,0
2134,Dhaka,1999,11,32.4,19,13,76,0.1,1.6,41923,0
2135,Dhaka,1999,12,29.7,14.9,0,71,0.3,0.8,41923,0
2136,Dhaka,2000,1,28.7,14,13,72,0.5,0.9,41923,0
2137,Dhaka,2000,2,28.2,16.2,44,61,0.6,3.2,41923,0
2138,Dhaka,2000,3,34,20.7,172,63,0.8,2.8,41923,0
2139,Dhaka,2000,4,35.1,23.5,189,73,1.5,3.9,41923,0
2140,Dhaka,2000,5,36.6,24.1,471,78,0.9,5.5,41923,0
2141,Dhaka,2000,6,35.2,25.5,192,80,1,6.1,41923,0
2142,Dhaka,2000,7,35.2,26.5,200,80,1,6.2,41923,0
2143,Dhaka,2000,8,35,26.4,426,81,1,6.3,41923,0
2144,Dhaka,2000,9,34.4,25.8,214,81,0.7,5.7,41923,0
2145,Dhaka,2000,10,34.9,24.4,272,82,0.6,3.8,41923,0
2146,Dhaka,2000,11,32.5,20.2,0,73,0.2,1.2,41923,0
2147,Dhaka,2000,12,27.3,15.1,0,69,0.3,0.9,41923,0
2148,Dhaka,2001,1,28,13,0,63,0.6,0.6,41923,0
2149,Dhaka,2001,2,31.4,16.9,1,62,0.5,1.4,41923,0
2150,Dhaka,2001,3,35.8,20.7,33,56,0.8,2,41923,0
2151,Dhaka,2001,4,37.5,24.7,46,67,1.6,3.5,41923,0
2152,Dhaka,2001,5,35,24.2,402,79,1.2,4.9,41923,0
2153,Dhaka,2001,6,33.8,25.5,392,84,1.4,6.5,41923,0
2154,Dhaka,2001,7,34,25.9,202,82,1.8,6.5,41923,0
2155,Dhaka,2001,8,34,25.2,205,82,0.9,6.3,41923,0
2156,Dhaka,2001,9,34.2,24.3,209,83,0.8,5.8,41923,0
2157,Dhaka,2001,10,34.8,22.8,177,81,0.4,4.9,41923,0
2158,Dhaka,2001,11,32,19.3,18,78,0.3,3.1,41923,0
2159,Dhaka,2001,12,28.4,14.9,0,75,0.4,1,41923,0
2160,Dhaka,2002,1,28.2,14.6,24,68,0.5,1.7,41923,0
2161,Dhaka,2002,2,33.5,16.7,4,58,0.7,1,41923,0
2162,Dhaka,2002,3,35.5,20.3,51,58,1,2.6,41923,0
2163,Dhaka,2002,4,34.3,22.4,111,73,1.8,4.6,41923,0
2164,Dhaka,2002,5,35.4,23.9,272,79,1.2,5.8,41923,0
2165,Dhaka,2002,6,34.4,25.8,373,84,1.3,6.7,41923,0
2166,Dhaka,2002,7,35.2,25.2,446,85,1.1,7,41923,0
2167,Dhaka,2002,8,34.1,25.3,272,82,1,6.6,41923,0
2168,Dhaka,2002,9,35,25.3,144,79,0.8,5.7,41923,0
2169,Dhaka,2002,10,34.2,23,52,75,0.4,4.1,41923,0
2170,Dhaka,2002,11,32,19.8,40,74,0.5,3.1,41923,0
2171,Dhaka,2002,12,29.5,16,0,74,0.5,1.1,41923,0
2172,Dhaka,2003,1,27.5,11.7,0,75,1.1,1.8,41923,0
2173,Dhaka,2003,2,31.6,16.9,25,66,0.9,1.9,41923,0
2174,Dhaka,2003,3,34,19.4,96,65,1.3,2.6,41923,0
2175,Dhaka,2003,4,36.2,24.1,123,71,2.2,4.4,41923,0
2176,Dhaka,2003,5,36.3,24.4,140,73,1.9,5,41923,0
2177,Dhaka,2003,6,36.7,25.8,473,82,2,6.6,41923,0
2178,Dhaka,2003,7,35.3,26.4,191,80,1.9,6.2,41923,0
2179,Dhaka,2003,8,35.1,26.6,202,79,1.6,5.9,41923,0
2180,Dhaka,2003,9,34.2,24.9,264,83,1,5.9,41923,0
2181,Dhaka,2003,10,34,25,134,81,0.7,5.2,41923,0
2182,Dhaka,2003,11,32.1,19.4,0,67,0.3,0.8,41923,0
2183,Dhaka,2003,12,29.2,16.4,45,73,0.5,2.3,41923,0
2184,Dhaka,2004,1,27.5,14,0,74,0.8,2.3,41923,0
2185,Dhaka,2004,2,32.8,16,0,61,0.8,1.1,41923,0
2186,Dhaka,2004,3,35.7,22.4,9,63,1.6,3,41923,0
2187,Dhaka,2004,4,35.2,23.9,167,73,2,5.2,41923,0
2188,Dhaka,2004,5,38.1,26.3,162,68,1.9,4.7,41923,0
2189,Dhaka,2004,6,35.2,25,476,82,1.4,6.1,41923,0
2190,Dhaka,2004,7,34.5,25.4,295,82,1.8,6.6,41923,0
2191,Dhaka,2004,8,34.6,26.5,191,79,1.7,6.3,41923,0
2192,Dhaka,2004,9,34,25.5,839,86,1.3,6.3,41923,0
2193,Dhaka,2004,10,34.5,23.3,208,75,0.9,3.3,41923,0
2194,Dhaka,2004,11,31.1,18.6,0,70,0.3,1.2,41923,0
2195,Dhaka,2004,12,29.4,16.2,0,71,0.3,1.2,41923,0
2196,Dhaka,2005,1,28.5,14.2,1,69,0.9,1.9,41923,0
2197,Dhaka,2005,2,32.1,18.3,3,61,1.1,1.7,41923,0
2198,Dhaka,2005,3,35.6,22.4,155,67,1.5,3.5,41923,0
2199,Dhaka,2005,4,37,24.1,91,67,1.5,3.9,41923,0
2200,Dhaka,2005,5,36.4,24.2,291,74,1.9,4.6,41923,0
2201,Dhaka,2005,6,36.6,26.8,259,80,1.5,5.4,41923,0
2202,Dhaka,2005,7,33.7,25.8,542,82,1.5,6.5,41923,0
2203,Dhaka,2005,8,34,26.7,361,83,1.1,6.7,41923,0
2204,Dhaka,2005,9,35.1,26,514,82,0.8,5.9,41923,0
2205,Dhaka,2005,10,34.6,24.4,417,81,0.8,5,41923,0
2206,Dhaka,2005,11,31.4,19.8,3,73,0.4,1.5,41923,0
2207,Dhaka,2005,12,29,15.7,0,67,0.6,1.3,41923,0
2208,Dhaka,2006,1,28.2,13.5,0,69,0.7,0.6,41923,0
2209,Dhaka,2006,2,35.9,19.4,0,66,0.9,1.1,41923,0
2210,Dhaka,2006,3,38.5,21.9,0,54,0.9,2,41923,0
2211,Dhaka,2006,4,37.1,23.8,181,68,1.4,4.3,41923,0
2212,Dhaka,2006,5,36.8,25,185,73,1.1,4.9,41923,0
2213,Dhaka,2006,6,35,26.1,326,82,0.6,6.6,41923,0
2214,Dhaka,2006,7,35.6,26.7,331,80,0.8,6.7,41923,0
2215,Dhaka,2006,8,35.2,26.5,167,78,1.5,6.1,41923,0
2216,Dhaka,2006,9,35.7,25.8,663,81,1,5.6,41923,0
2217,Dhaka,2006,10,34.7,24.7,61,77,0.3,3.7,41923,0
2218,Dhaka,2006,11,32.6,19.9,5,69,0.4,2.5,41923,0
2219,Dhaka,2006,12,30.1,15.8,0,70,0.4,0.5,41923,0
2220,Dhaka,2007,1,28.8,12.5,0,68,0.5,0.6,41923,0
2221,Dhaka,2007,2,30.8,16.8,30,69,0.6,2.3,41923,0
2222,Dhaka,2007,3,36.7,19.6,11,55,1,1.4,41923,0
2223,Dhaka,2007,4,35.9,23.7,163,70,1.4,4.3,41923,0
2224,Dhaka,2007,5,37.5,25.9,185,71,1,4.4,41923,0
2225,Dhaka,2007,6,35.9,25.5,628,81,1.2,6.3,41923,0
2226,Dhaka,2007,7,34.8,25.8,753,85,1,6.9,41923,0
2227,Dhaka,2007,8,35.9,26.4,505,81,0.9,6.1,41923,0
2228,Dhaka,2007,9,34.9,26.5,179,81,1,6.3,41923,0
2229,Dhaka,2007,10,35.6,23.8,320,79,0.7,4.3,41923,0
2230,Dhaka,2007,11,31.8,19.9,111,78,0.7,2.3,41923,0
2231,Dhaka,2007,12,28.2,15,0,70,0.6,1,41923,0
2232,Dhaka,2008,1,29,14.5,23,70,0.9,2.1,41923,0
2233,Dhaka,2008,2,30.6,15.2,56,62,0.8,1.8,41923,0
2234,Dhaka,2008,3,34.6,22,45,68,1.1,3.8,41923,0
2235,Dhaka,2008,4,36.9,24.5,91,65,1.3,2.8,41923,0
2236,Dhaka,2008,5,36.7,24.9,205,71,1.3,4.6,41923,0
2237,Dhaka,2008,6,35.4,26.3,577,81,1.5,6.4,41923,0
2238,Dhaka,2008,7,34,26.3,563,84,1.3,6.9,41923,0
2239,Dhaka,2008,8,36,26.5,319,82,0.8,6.3,41923,0
2240,Dhaka,2008,9,34.8,26.2,279,81,0.7,5.7,41923,0
2241,Dhaka,2008,10,34.8,23.8,227,78,0.8,4,41923,0
2242,Dhaka,2008,11,32.3,19,0,70,0.3,1.3,41923,0
2243,Dhaka,2008,12,29,16.9,0,80,0.4,1.6,41923,0
2244,Dhaka,2009,1,28.1,14.8,1,72,1.9,0.5,41923,0
2245,Dhaka,2009,2,33.9,17.3,1,55,2.5,0.7,41923,0
2246,Dhaka,2009,3,36,21.4,43,53,2.4,2.2,41923,0
2247,Dhaka,2009,4,39.6,25.9,14,66,3.1,3.1,41923,0
2248,Dhaka,2009,5,37.8,25.2,168,72,2.4,4.8,41923,0
2249,Dhaka,2009,6,36.5,26.7,170,75,1.6,5.8,41923,0
2250,Dhaka,2009,7,35.7,26.7,676,80,1.7,6.6,41923,0
2251,Dhaka,2009,8,34.3,26.3,482,82,1.4,6.6,41923,0
2252,Dhaka,2009,9,35.3,26.3,298,81,1.1,5.6,41923,0
2253,Dhaka,2009,10,35.8,24.2,74,73,0.9,3.3,41923,0
2254,Dhaka,2009,11,33.9,20.2,4,67,0.8,2.2,41923,0
2255,Dhaka,2009,12,29,15.4,0,70,1,0.7,41923,0
2256,Dhaka,2010,1,29,12.8,0,72,2.7,0.5,41923,0
2257,Dhaka,2010,2,31.2,16.2,48,57,2.9,1.5,41923,0
2258,Dhaka,2010,3,37.3,23.3,22,59,3.1,2.6,41923,0
2259,Dhaka,2010,4,37.9,26.4,37,67,4.1,4.7,41923,0
2260,Dhaka,2010,5,36.9,25.9,177,72,3.2,5.5,41923,0
2261,Dhaka,2010,6,35.8,26.7,308,79,2.9,6.4,41923,0
2262,Dhaka,2010,7,35.1,27.4,167,77,2.7,6.1,41923,0
2263,Dhaka,2010,8,35.1,27.1,340,79,2.1,5.9,41923,0
2264,Dhaka,2010,9,34,26.6,169,80,2.6,5.8,41923,0
2265,Dhaka,2010,10,35.7,25.1,174,75,2,3.8,41923,0
2266,Dhaka,2010,11,33.2,20.9,0,69,2.1,1.5,41923,0
2267,Dhaka,2010,12,29.7,15.5,81,66,2.2,1.6,41923,0
2268,Dhaka,2011,1,27.8,12.2,0,69,2.2,0.5,41923,0
2269,Dhaka,2011,2,31,16.9,0,55,2.4,0.8,41923,0
2270,Dhaka,2011,3,34.5,21.5,20,58,2.8,2.7,41923,0
2271,Dhaka,2011,4,35.8,23.2,123,65,2.5,3.4,41923,0
2272,Dhaka,2011,5,35.3,24.6,235,76,2.7,4.8,41923,0
2273,Dhaka,2011,6,36,26.3,314,81,2.8,6.3,41923,0
2274,Dhaka,2011,7,35.4,26.7,356,79,2.2,6.1,41923,0
2275,Dhaka,2011,8,35,26.5,409,83,2,6.6,41923,0
2276,Dhaka,2011,9,36.2,26.4,207,77,2.2,5.7,41923,0
2277,Dhaka,2011,10,34.5,24.7,112,74,1.4,2.8,41923,0
2278,Dhaka,2011,11,32.4,19.2,0,68,1.3,0.9,41923,0
2279,Dhaka,2011,12,30,15,0,73,1.9,1.6,41923,0
2280,Dhaka,2012,1,28.5,14.5,10,66,2.2,2.2,41923,0
2281,Dhaka,2012,2,33,16,1,52,2.7,0.6,41923,0
2282,Dhaka,2012,3,37.3,22.1,37,58,2.6,1.5,41923,0
2283,Dhaka,2012,4,37.1,23.7,269,70,2.5,4,41923,1
2284,Dhaka,2012,5,36.2,25.8,137,70,2.3,4.2,41923,0
2285,Dhaka,2012,6,36.7,26.9,175,78,2.6,6.2,41923,1
2286,Dhaka,2012,7,34.3,26.7,226,80,2.6,6.5,41923,1
2287,Dhaka,2012,8,34.5,26.6,282,79,1.8,6.3,41923,1
2288,Dhaka,2012,9,36.5,26.8,81,79,1.8,5.9,41923,0
2289,Dhaka,2012,10,34.4,24.3,38,72,1.7,3.6,41923,0
2290,Dhaka,2012,11,32.4,19.1,68,68,2,2.5,41923,0
2291,Dhaka,2012,12,28.5,14.5,5,77,1.4,1.1,41923,0
2292,Dhaka,2013,1,28.1,12.3,0,65,1.6,0.4,41923,0
2293,Dhaka,2013,2,32.4,17.5,8,56,2.2,1.2,41923,0
2294,Dhaka,2013,3,36,22.1,26,55,2.4,2,41923,0
2295,Dhaka,2013,4,37,24.4,32,64,2.7,3.5,41923,0
2296,Dhaka,2013,5,37.1,24.8,378,79,3,6.6,41923,1
2297,Dhaka,2013,6,36.4,27.2,325,77,2.4,5.7,41923,1
2298,Dhaka,2013,7,34.6,27,302,78,2.5,6.3,41923,1
2299,Dhaka,2013,8,35,26.2,212,81,2.5,6.3,41923,1
2300,Dhaka,2013,9,35.7,26.3,172,81,1.8,5.8,41923,1
2301,Dhaka,2013,10,35.2,24.4,131,79,1.8,4.9,41923,0
2302,Dhaka,2013,11,32.1,18.5,0,67,1.7,0.9,41923,0
2303,Dhaka,2013,12,30.5,15.6,4,73,1.6,1.2,41923,0
2304,Dinajpur,1990,1,29.1,11.3,0,81,0.8,0.4,41863,0
2305,Dinajpur,1990,2,28.7,13.7,6,72,0.9,2.4,41863,0
2306,Dinajpur,1990,3,34,16.5,41,68,1.2,2.3,41863,0
2307,Dinajpur,1990,4,35.6,20.8,159,76,1.4,3.6,41863,0
2308,Dinajpur,1990,5,35,23.7,245,81,1.2,4.2,41863,1
2309,Dinajpur,1990,6,36.4,25.7,355,84,1.4,5.7,41863,1
2310,Dinajpur,1990,7,33,25.9,479,86,1.4,6.3,41863,1
2311,Dinajpur,1990,8,36.2,26.2,251,84,1,5,41863,1
2312,Dinajpur,1990,9,36,25.2,352,86,1.3,5.4,41863,1
2313,Dinajpur,1990,10,33.3,20.9,193,85,1.3,3.6,41863,0
2314,Dinajpur,1990,11,32.2,16.9,0,77,0.8,1.1,41863,0
2315,Dinajpur,1990,12,27.8,11.7,0,77,0.7,0.6,41863,0
2316,Dinajpur,1991,1,28,10,27,77,0.9,1.2,41863,0
2317,Dinajpur,1991,2,31.3,13.5,4,69,1,1,41863,0
2318,Dinajpur,1991,3,37.2,17.2,1,60,1.1,1.3,41863,0
2319,Dinajpur,1991,4,38,20.8,18,63,1.2,2.6,41863,0
2320,Dinajpur,1991,5,37,22.7,400,84,1.3,6.1,41863,1
2321,Dinajpur,1991,6,34.6,25.2,376,85,1.1,5.9,41863,1
2322,Dinajpur,1991,7,36,26.3,184,86,1.2,5.6,41863,1
2323,Dinajpur,1991,8,36.1,26.2,282,85,1.1,5.7,41863,1
2324,Dinajpur,1991,9,34,25.1,647,90,0.8,5.7,41863,1
2325,Dinajpur,1991,10,34.3,22,29,83,0.7,2.5,41863,0
2326,Dinajpur,1991,11,31,15.1,0,77,0.5,0.7,41863,0
2327,Dinajpur,1991,12,27.8,11.8,44,81,1,1.7,41863,0
2328,Dinajpur,1992,1,27.1,10.5,6,83,0.7,0.8,41863,0
2329,Dinajpur,1992,2,27.2,10.9,6,74,0.9,0.9,41863,0
2330,Dinajpur,1992,3,37.3,17.2,1,56,1.9,1.1,41863,0
2331,Dinajpur,1992,4,41,21.3,5,59,1.8,1.8,41863,0
2332,Dinajpur,1992,5,36,22.2,87,76,1.3,3.7,41863,0
2333,Dinajpur,1992,6,38.7,25.2,212,80,1.2,4.9,41863,1
2334,Dinajpur,1992,7,35,25,535,86,1.5,6.7,41863,1
2335,Dinajpur,1992,8,35.6,25.7,228,83,1.1,5.4,41863,1
2336,Dinajpur,1992,9,34.8,24.7,483,85,0.9,4.1,41863,1
2337,Dinajpur,1992,10,33.4,21.5,76,84,0.6,2.3,41863,0
2338,Dinajpur,1992,11,31.5,15.3,6,79,0.6,0.9,41863,0
2339,Dinajpur,1992,12,26.6,10.8,4,80,0.4,0.7,41863,0
2340,Dinajpur,1993,1,27.2,9.4,42,84,0.7,1.8,41863,0
2341,Dinajpur,1993,2,31,13.5,0,72,0.8,1.7,41863,0
2342,Dinajpur,1993,3,33.5,16,29,64,1.3,1.6,41863,0
2343,Dinajpur,1993,4,37,20,82,68,1.2,2.7,41863,0
2344,Dinajpur,1993,5,35,22.7,308,81,1.2,5,41863,1
2345,Dinajpur,1993,6,35.5,25,495,85,1.3,5.7,41863,1
2346,Dinajpur,1993,7,34.7,26.6,218,83,1.2,5.8,41863,1
2347,Dinajpur,1993,8,34,26.1,565,88,1,6.2,41863,1
2348,Dinajpur,1993,9,35,25.1,361,86,1,5.9,41863,1
2349,Dinajpur,1993,10,33.5,22.6,64,84,0.6,2.6,41863,0
2350,Dinajpur,1993,11,30.1,17.5,15,81,0.3,1.2,41863,0
2351,Dinajpur,1993,12,29.5,12.8,0,78,0.5,1.1,41863,0
2352,Dinajpur,1994,1,27.2,12.3,23,75,0.7,1.2,41863,0
2353,Dinajpur,1994,2,30,12.5,22,72,0.7,1.3,41863,0
2354,Dinajpur,1994,3,35.5,17.3,0,65,1.1,1.3,41863,0
2355,Dinajpur,1994,4,38.2,21.2,50,61,1.2,2.5,41863,0
2356,Dinajpur,1994,5,41.2,24.1,146,73,1.1,3.7,41863,0
2357,Dinajpur,1994,6,35.9,25.6,294,83,1.1,5.8,41863,1
2358,Dinajpur,1994,7,35.4,26.2,148,80,0.9,4.9,41863,0
2359,Dinajpur,1994,8,36.5,26.5,122,80,0.8,5,41863,0
2360,Dinajpur,1994,9,35,25,248,81,0.7,4.4,41863,1
2361,Dinajpur,1994,10,34.2,21.3,89,79,0.5,2.1,41863,0
2362,Dinajpur,1994,11,31.8,15.7,0,74,0.4,1.5,41863,0
2363,Dinajpur,1994,12,28.5,10.5,0,71,0.5,0.6,41863,0
2364,Dinajpur,1995,1,26.8,8.8,3,69,0.8,1.3,41863,0
2365,Dinajpur,1995,2,29,11.8,12,66,0.6,1.4,41863,0
2366,Dinajpur,1995,3,37,16.8,10,58,1.1,1.7,41863,0
2367,Dinajpur,1995,4,40.6,21.4,0,54,1,1.4,41863,0
2368,Dinajpur,1995,5,41,25.2,54,69,0.9,3.9,41863,0
2369,Dinajpur,1995,6,37.6,26,287,83,0.7,6.3,41863,1
2370,Dinajpur,1995,7,34.5,25.4,472,86,0.7,6.2,41863,1
2371,Dinajpur,1995,8,35.2,25.5,593,85,0.6,5.3,41863,1
2372,Dinajpur,1995,9,35.5,24.6,1026,85,0.7,5.8,41863,1
2373,Dinajpur,1995,10,33.5,22.3,77,81,0.3,2.7,41863,0
2374,Dinajpur,1995,11,31.8,17.2,74,77,0.4,2,41863,0
2375,Dinajpur,1995,12,28,12.3,5,75,0.2,0.7,41863,0
2376,Dinajpur,1996,1,26,10.7,16,81,0.5,1.5,41863,0
2377,Dinajpur,1996,2,29,13.4,4,73,0.7,0.9,41863,0
2378,Dinajpur,1996,3,36,18.1,0,62,1,0.9,41863,0
2379,Dinajpur,1996,4,39.5,20.5,29,61,0.8,1.7,41863,0
2380,Dinajpur,1996,5,39.5,23.4,76,78,1,4.2,41863,0
2381,Dinajpur,1996,6,36,25,320,84,0.7,5.4,41863,1
2382,Dinajpur,1996,7,35.4,26.3,428,87,0.7,6.1,41863,1
2383,Dinajpur,1996,8,35.5,26.4,353,86,0.6,5.6,41863,1
2384,Dinajpur,1996,9,35.5,25.7,286,87,0.3,4.2,41863,1
2385,Dinajpur,1996,10,34,22.1,75,85,0.4,2.3,41863,0
2386,Dinajpur,1996,11,32.6,15.9,0,82,0.2,0.3,41863,0
2387,Dinajpur,1996,12,28,11.1,0,81,0.3,0.3,41863,0
2388,Dinajpur,1997,1,26.4,9.6,21,80,0.3,0.9,41863,0
2389,Dinajpur,1997,2,28.2,11.4,11,75,0.4,1.2,41863,0
2390,Dinajpur,1997,3,34.5,17.7,3,65,0.6,1.1,41863,0
2391,Dinajpur,1997,4,35.2,20.2,64,74,0.5,2.9,41863,0
2392,Dinajpur,1997,5,38,23.3,90,73,0.7,3,41863,0
2393,Dinajpur,1997,6,39,25.2,501,81,0.9,4.7,41863,1
2394,Dinajpur,1997,7,35.6,26.3,461,87,0.9,5.7,41863,1
2395,Dinajpur,1997,8,36.6,26.4,330,86,0.7,5.4,41863,1
2396,Dinajpur,1997,9,33.7,25.3,289,88,0.5,5,41863,1
2397,Dinajpur,1997,10,33.4,20.9,3,82,0.3,1.6,41863,0
2398,Dinajpur,1997,11,32,17.3,0,80,0.3,1.7,41863,0
2399,Dinajpur,1997,12,28.4,12.9,36,86,0.4,2.6,41863,0
2400,Dinajpur,1998,1,25.5,9.8,2,85,0.5,2.6,41863,0
2401,Dinajpur,1998,2,29.7,13.3,17,72,0.5,1,41863,0
2402,Dinajpur,1998,3,32.6,16.3,24,72,0.7,2.1,41863,0
2403,Dinajpur,1998,4,37,21,148,78,0.6,2.8,41863,0
2404,Dinajpur,1998,5,37.8,24.5,152,79,0.6,3.6,41863,0
2405,Dinajpur,1998,6,39.8,26.9,237,84,0.7,5.3,41863,1
2406,Dinajpur,1998,7,34.8,26.3,566,89,0.7,6.7,41863,1
2407,Dinajpur,1998,8,34,26.5,548,89,0.5,6.4,41863,1
2408,Dinajpur,1998,9,35.5,25.7,317,87,0.4,4.5,41863,0
2409,Dinajpur,1998,10,34.8,24.3,380,87,0.4,4,41863,0
2410,Dinajpur,1998,11,32,19,0,82,0.4,1.9,41863,0
2411,Dinajpur,1998,12,29.4,13.2,0,81,0.3,0.2,41863,0
2412,Dinajpur,1999,1,28,10.5,0,79,0.9,0.8,41863,0
2413,Dinajpur,1999,2,32.7,14.9,0,74,0.8,0.7,41863,0
2414,Dinajpur,1999,3,36,17.8,0,61,0.9,0.5,41863,0
2415,Dinajpur,1999,4,39,23.4,68,78,0.7,2.9,41863,0
2416,Dinajpur,1999,5,36.8,23.8,367,84,0.8,4.8,41863,1
2417,Dinajpur,1999,6,37.8,26.2,283,86,0.7,5.6,41863,1
2418,Dinajpur,1999,7,35.4,26.2,403,87,0.6,6.5,41863,1
2419,Dinajpur,1999,8,35.7,25.8,587,89,0.6,6.2,41863,1
2420,Dinajpur,1999,9,34,25.2,589,88,0.6,5.1,41863,1
2421,Dinajpur,1999,10,33.5,23.4,234,87,0.5,3.7,41863,1
2422,Dinajpur,1999,11,31.8,17.6,5,81,0.2,0.9,41863,0
2423,Dinajpur,1999,12,29.2,13.3,0,80,0.3,0.2,41863,0
2424,Dinajpur,2000,1,26.5,10.8,0,83,0.6,0.5,41863,0
2425,Dinajpur,2000,2,27,12,30,75,0.6,1.5,41863,0
2426,Dinajpur,2000,3,35,16.6,1,68,0.6,1.5,41863,0
2427,Dinajpur,2000,4,37.2,21,147,76,0.8,3.3,41863,1
2428,Dinajpur,2000,5,37.5,23.7,317,86,0.7,5,41863,1
2429,Dinajpur,2000,6,36.8,25.9,399,86,0.7,6.3,41863,1
2430,Dinajpur,2000,7,35,26.4,188,85,0.8,5.9,41863,1
2431,Dinajpur,2000,8,35.5,26.5,195,85,0.6,6.1,41863,1
2432,Dinajpur,2000,9,35,25.1,196,87,0.5,5.3,41863,1
2433,Dinajpur,2000,10,35,22.9,25,81,0.4,1.9,41863,0
2434,Dinajpur,2000,11,31.8,17.6,0,83,0.3,0.9,41863,0
2435,Dinajpur,2000,12,27.5,11.5,0,78,0.2,0.4,41863,0
2436,Dinajpur,2001,1,26.4,9.7,0,78,0.6,1.3,41863,0
2437,Dinajpur,2001,2,30.5,12.7,0,75,0.4,0.6,41863,0
2438,Dinajpur,2001,3,35.2,17.2,0,63,0.5,1.2,41863,0
2439,Dinajpur,2001,4,38.8,21.3,5,65,0.7,2.6,41863,0
2440,Dinajpur,2001,5,36.4,23.3,222,79,0.7,4.2,41863,1
2441,Dinajpur,2001,6,35.5,25.4,573,86,0.9,5.7,41863,1
2442,Dinajpur,2001,7,36.8,26.5,158,86,0.7,5.7,41863,1
2443,Dinajpur,2001,8,36.5,26.7,318,83,0.5,5.2,41863,1
2444,Dinajpur,2001,9,35.5,25.6,462,87,0.5,5.6,41863,1
2445,Dinajpur,2001,10,34,23.4,382,85,0.4,3.7,41863,1
2446,Dinajpur,2001,11,31.5,18.6,53,82,0.4,2,41863,0
2447,Dinajpur,2001,12,27.2,12.6,53,85,0.4,0.2,41863,0
2448,Dinajpur,2002,1,26,11.9,8,80,0.4,1.8,41863,0
2449,Dinajpur,2002,2,31.5,13.7,18,72,0.6,0.9,41863,0
2450,Dinajpur,2002,3,35.4,17.9,13,68,0.7,1.8,41863,0
2451,Dinajpur,2002,4,35.3,21.3,162,78,0.9,4.5,41863,1
2452,Dinajpur,2002,5,36,23.7,104,80,0.7,4.9,41863,1
2453,Dinajpur,2002,6,34.4,25,658,86,0.9,6.3,41863,1
2454,Dinajpur,2002,7,35.8,25.7,797,89,0.6,6.8,41863,1
2455,Dinajpur,2002,8,35.5,26.2,246,85,0.8,5.8,41863,1
2456,Dinajpur,2002,9,36,25.3,481,84,0.6,4.7,41863,1
2457,Dinajpur,2002,10,34,22,56,82,0.3,2.2,41863,0
2458,Dinajpur,2002,11,32.8,17.5,6,80,0.4,1.5,41863,0
2459,Dinajpur,2002,12,30.5,13.2,0,84,0.4,0.5,41863,0
2460,Dinajpur,2003,1,26.5,8.2,11,87,0.7,1.1,41863,0
2461,Dinajpur,2003,2,28.4,13.8,34,80,0.5,1.6,41863,0
2462,Dinajpur,2003,3,32.5,17.1,53,75,0.7,2.5,41863,0
2463,Dinajpur,2003,4,36.4,21.3,105,80,0.8,4,41863,0
2464,Dinajpur,2003,5,36.8,23.3,147,78,0.8,4.2,41863,1
2465,Dinajpur,2003,6,37,25.1,337,85,0.7,5.9,41863,1
2466,Dinajpur,2003,7,37.4,26.3,532,83,0.7,5.7,41863,1
2467,Dinajpur,2003,8,36,26.8,197,84,0.6,5.1,41863,1
2468,Dinajpur,2003,9,35,25.8,230,86,0.7,5.3,41863,1
2469,Dinajpur,2003,10,33,23.1,380,86,0.5,4.5,41863,1
2470,Dinajpur,2003,11,31,17.1,0,81,0.3,0.8,41863,0
2471,Dinajpur,2003,12,27.6,12.9,31,82,0.3,1.3,41863,0
2472,Dinajpur,2004,1,25.6,10.6,7,87,0.5,2.2,41863,0
2473,Dinajpur,2004,2,31.6,12.9,0,77,0.4,0.9,41863,0
2474,Dinajpur,2004,3,37,19.6,12,70,0.7,1.8,41863,0
2475,Dinajpur,2004,4,33.8,21,163,81,0.9,5.1,41863,1
2476,Dinajpur,2004,5,40,23.8,278,79,0.7,3.9,41863,1
2477,Dinajpur,2004,6,36.2,25.2,517,84,0.7,6.3,41863,1
2478,Dinajpur,2004,7,34,25.5,602,87,0.7,6.5,41863,1
2479,Dinajpur,2004,8,35.4,26.5,128,83,0.7,5.3,41863,0
2480,Dinajpur,2004,9,34,25.3,253,86,0.6,5.8,41863,1
2481,Dinajpur,2004,10,33.2,21.4,330,84,0.4,3.3,41863,1
2482,Dinajpur,2004,11,31,15.7,0,77,0.3,0.5,41863,0
2483,Dinajpur,2004,12,28.8,12.8,3,81,0.3,1.1,41863,0
2484,Dinajpur,2005,1,26.3,10.9,9,81,0.3,2,41863,0
2485,Dinajpur,2005,2,31.4,14.6,15,72,0.6,1.6,41863,0
2486,Dinajpur,2005,3,33.6,19.3,37,75,0.5,2.8,41863,0
2487,Dinajpur,2005,4,35.5,21.7,89,77,0.6,3.2,41863,0
2488,Dinajpur,2005,5,37,23.1,255,81,0.7,4.8,41863,1
2489,Dinajpur,2005,6,40,25.3,474,82,0.8,5.4,41863,1
2490,Dinajpur,2005,7,35,26.1,507,85,0.6,6.2,41863,1
2491,Dinajpur,2005,8,35.5,26.5,597,87,0.5,6.9,41863,1
2492,Dinajpur,2005,9,35.8,26.4,222,83,0.4,4.8,41863,1
2493,Dinajpur,2005,10,33.2,22.3,770,86,0.5,4.4,41863,1
2494,Dinajpur,2005,11,31,16.3,0,82,0.3,0.6,41863,0
2495,Dinajpur,2005,12,27.8,12.2,0,78,0.3,0.6,41863,0
2496,Dinajpur,2006,1,28,11,0,83,0.4,1.9,41863,0
2497,Dinajpur,2006,2,33.5,16.5,0,76,0.4,0.6,41863,0
2498,Dinajpur,2006,3,35.8,17.7,1,60,0.5,1.1,41863,0
2499,Dinajpur,2006,4,38.5,21.4,67,76,0.6,3.6,41863,0
2500,Dinajpur,2006,5,36.8,23.9,259,79,0.6,4.6,41863,1
2501,Dinajpur,2006,6,37,25.3,222,83,0.7,6.3,41863,1
2502,Dinajpur,2006,7,36,26.6,218,82,0.7,6.2,41863,1
2503,Dinajpur,2006,8,36.7,26.6,126,82,0.8,5.4,41863,0
2504,Dinajpur,2006,9,35.4,25,340,85,1,5.6,41863,1
2505,Dinajpur,2006,10,34.2,22.7,21,81,0.5,2.4,41863,0
2506,Dinajpur,2006,11,31,17.5,23,79,0.5,2.7,41863,0
2507,Dinajpur,2006,12,28,13.2,8,79,0.4,0.3,41863,0
2508,Dinajpur,2007,1,28.5,9.9,0,78,0.4,0.2,41863,0
2509,Dinajpur,2007,2,29,14.4,30,79,0.5,2.9,41863,0
2510,Dinajpur,2007,3,35.5,17.1,2,65,0.7,1.1,41863,0
2511,Dinajpur,2007,4,35.7,22.1,33,75,0.9,3.4,41863,0
2512,Dinajpur,2007,5,41,24.5,121,73,0.8,3.2,41863,0
2513,Dinajpur,2007,6,40.7,25.3,474,83,1.2,6.2,41863,1
2514,Dinajpur,2007,7,35,26.1,401,87,1,6.8,41863,1
2515,Dinajpur,2007,8,36.5,26.7,233,84,0.8,5.9,41863,1
2516,Dinajpur,2007,9,34.8,25.7,234,86,0.8,6,41863,1
2517,Dinajpur,2007,10,35,23.1,51,83,0.5,3,41863,0
2518,Dinajpur,2007,11,31.8,17.7,0,76,0.4,1.3,41863,0
2519,Dinajpur,2007,12,27.5,11.9,0,78,0.4,0.5,41863,0
2520,Dinajpur,2008,1,27,11.8,33,80,0.7,2,41863,0
2521,Dinajpur,2008,2,29.6,12.3,1,74,0.6,1.5,41863,0
2522,Dinajpur,2008,3,35.2,18.9,19,73,0.7,2.2,41863,0
2523,Dinajpur,2008,4,37,21.8,27,74,0.9,3,41863,0
2524,Dinajpur,2008,5,36,23.4,220,77,0.9,4.3,41863,1
2525,Dinajpur,2008,6,35.6,25.6,363,85,0.9,6.1,41863,1
2526,Dinajpur,2008,7,35.2,26.1,437,85,0.6,6.5,41863,1
2527,Dinajpur,2008,8,35.7,26.1,385,87,0.7,6.1,41863,1
2528,Dinajpur,2008,9,35,25.7,242,85,0.6,4.8,41863,1
2529,Dinajpur,2008,10,33.6,22.5,45,84,0.4,3.5,41863,0
2530,Dinajpur,2008,11,32,16.5,0,79,0.3,1,41863,0
2531,Dinajpur,2008,12,28.8,15.3,0,86,0.3,2.6,41863,0
2532,Dinajpur,2009,1,26.8,12.5,0,84,1.4,1.6,41863,0
2533,Dinajpur,2009,2,31.2,14,0,67,1.8,0.4,41863,0
2534,Dinajpur,2009,3,34.5,17.6,10,64,1.6,1.7,41863,0
2535,Dinajpur,2009,4,38,22,41,72,1.9,2.8,41863,0
2536,Dinajpur,2009,5,38,23.6,369,79,2.1,4.3,41863,1
2537,Dinajpur,2009,6,37.5,25.9,457,79,1.7,4.9,41863,1
2538,Dinajpur,2009,7,36.2,26.5,281,82,1.9,5.9,41863,1
2539,Dinajpur,2009,8,34.6,26.3,471,86,1.7,6.6,41863,1
2540,Dinajpur,2009,9,35.6,26.2,128,82,1.4,4.7,41863,0
2541,Dinajpur,2009,10,34.7,22.4,267,81,1.4,2.9,41863,1
2542,Dinajpur,2009,11,32.8,17.1,1,78,1.4,1.8,41863,0
2543,Dinajpur,2009,12,27.6,12.3,0,84,1.2,0.6,41863,0
2544,Dinajpur,2010,1,27.6,10.1,0,84,2.1,2.5,41863,0
2545,Dinajpur,2010,2,31,13.1,0,66,1.8,1.1,41863,0
2546,Dinajpur,2010,3,37.2,19.2,0,62,1.8,1.4,41863,0
2547,Dinajpur,2010,4,39,23.5,84,75,2,4.1,41863,0
2548,Dinajpur,2010,5,39.5,24.2,206,77,2,5,41863,1
2549,Dinajpur,2010,6,38.2,25.3,515,83,1.8,6.3,41863,1
2550,Dinajpur,2010,7,35.2,26.7,356,83,1.8,6.2,41863,1
2551,Dinajpur,2010,8,36,26.8,290,84,1.7,5.7,41863,1
2552,Dinajpur,2010,9,34.2,25.9,107,84,1.6,5.2,41863,0
2553,Dinajpur,2010,10,34.4,23.1,82,82,1.8,3.6,41863,0
2554,Dinajpur,2010,11,32.5,18.2,1,78,1.4,1.3,41863,0
2555,Dinajpur,2010,12,27.8,11.9,0,75,1.3,1.1,41863,0
2556,Dinajpur,2011,1,26,9.2,0,81,1.6,0.6,41863,0
2557,Dinajpur,2011,2,30.2,13.8,28,72,1.4,1,41863,0
2558,Dinajpur,2011,3,35.6,17.8,27,68,1.7,1.6,41863,0
2559,Dinajpur,2011,4,37,21.4,61,74,1.6,2.8,41863,0
2560,Dinajpur,2011,5,35.5,23.3,250,80,1.7,4.5,41863,1
2561,Dinajpur,2011,6,35.5,25.5,348,82,1.9,5.6,41863,1
2562,Dinajpur,2011,7,35.2,26.3,285,83,1.7,6.4,41863,1
2563,Dinajpur,2011,8,35.6,26.1,381,84,1.7,5.6,41863,1
2564,Dinajpur,2011,9,36,26.1,261,84,1.7,5,41863,1
2565,Dinajpur,2011,10,35,23.4,0,80,1.4,1.5,41863,0
2566,Dinajpur,2011,11,31,16.5,3,77,1.4,1,41863,0
2567,Dinajpur,2011,12,30,12.1,0,82,1.6,1.1,41863,0
2568,Dinajpur,2012,1,26,10.7,5,79,1.6,2.2,41863,0
2569,Dinajpur,2012,2,30.5,13.1,5,67,1.9,0.6,41863,0
2570,Dinajpur,2012,3,36,17.2,3,62,1.6,0.5,41863,0
2571,Dinajpur,2012,4,38.5,21.7,57,68,1.9,3,41863,0
2572,Dinajpur,2012,5,40.3,24.3,79,73,1.8,3.8,41863,0
2573,Dinajpur,2012,6,36.2,25.7,380,82,1.8,6.5,41863,1
2574,Dinajpur,2012,7,34.7,26.7,435,83,1.7,6.6,41863,1
2575,Dinajpur,2012,8,35.6,27,106,81,1.8,5.7,41863,0
2576,Dinajpur,2012,9,37,25.8,349,84,1.7,5.6,41863,1
2577,Dinajpur,2012,10,33,21.6,91,81,1.5,2.6,41863,0
2578,Dinajpur,2012,11,30.6,15,1,75,1.1,1.4,41863,0
2579,Dinajpur,2012,12,27.5,11.7,0,85,1.1,1.3,41863,0
2580,Dinajpur,2013,1,27.2,8.5,0,78,1.5,0.8,41863,0
2581,Dinajpur,2013,2,31.5,13.9,10,70,1.6,1.9,41863,0
2582,Dinajpur,2013,3,36,18,0,64,1.7,0.8,41863,0
2583,Dinajpur,2013,4,39.5,21.3,99,69,1.9,3.3,41863,0
2584,Dinajpur,2013,5,37.8,23.9,133,81,2,6,41863,1
2585,Dinajpur,2013,6,37.2,26.4,370,81,1.6,5.7,41863,1
2586,Dinajpur,2013,7,35,26.9,255,82,1.8,6.2,41863,1
2587,Dinajpur,2013,8,35.7,26.1,469,85,1.8,6.3,41863,1
2588,Dinajpur,2013,9,36.2,26,182,82,1.7,4.9,41863,1
2589,Dinajpur,2013,10,33.8,22.3,309,85,1.7,4.7,41863,1
2590,Dinajpur,2013,11,30.6,15.1,0,78,1.8,1.2,41863,0
2591,Dinajpur,2013,12,29,12.3,0,81,1.8,0.7,41863,0
2592,Faridpur,1990,1,29.5,13,0,80,0.9,0.3,41929,0
2593,Faridpur,1990,2,30.3,16.3,36,75,1.1,2.3,41929,0
2594,Faridpur,1990,3,34.7,19,227,77,1.7,3.6,41929,0
2595,Faridpur,1990,4,35,22.3,156,80,3.2,3.4,41929,0
2596,Faridpur,1990,5,35.5,24,315,83,2.1,4.8,41929,0
2597,Faridpur,1990,6,34.4,26.3,289,87,2.8,5.9,41929,0
2598,Faridpur,1990,7,33.8,25.6,405,89,2.3,6.4,41929,1
2599,Faridpur,1990,8,34.4,26,145,84,2.6,5.4,41929,0
2600,Faridpur,1990,9,34.4,25.2,192,85,2.4,5.3,41929,0
2601,Faridpur,1990,10,33,23,168,81,1.6,3.8,41929,0
2602,Faridpur,1990,11,32.5,20.4,48,78,1.2,2.4,41929,0
2603,Faridpur,1990,12,29,14.2,4,78,0.8,1.1,41929,0
2604,Faridpur,1991,1,28.2,12.4,27,77,1,1.3,41929,0
2605,Faridpur,1991,2,34,16,58,73,0.9,0.9,41929,0
2606,Faridpur,1991,3,37.2,20.7,59,71,1.5,1.7,41929,0
2607,Faridpur,1991,4,39,23.3,103,74,2.3,3,41929,0
2608,Faridpur,1991,5,35.5,23.2,265,84,3.6,5.4,41929,0
2609,Faridpur,1991,6,34.5,25.3,337,88,2.3,5.9,41929,0
2610,Faridpur,1991,7,34.4,26.1,306,88,2.8,5.9,41929,0
2611,Faridpur,1991,8,34.4,25.8,186,86,2.5,5.8,41929,0
2612,Faridpur,1991,9,33.8,25.2,360,88,1.7,6,41929,1
2613,Faridpur,1991,10,35,24,350,85,1.1,3.7,41929,0
2614,Faridpur,1991,11,31.3,17.8,1,79,0.7,1.4,41929,0
2615,Faridpur,1991,12,28.3,13.1,104,81,0.9,1.9,41929,0
2616,Faridpur,1992,1,27.8,11.3,4,82,0.9,0.4,41929,0
2617,Faridpur,1992,2,28.6,13.9,61,76,1.4,1.4,41929,0
2618,Faridpur,1992,3,37.4,19.8,0,63,2.4,1.2,41929,0
2619,Faridpur,1992,4,39.6,23.5,5,65,2.5,2.2,41929,0
2620,Faridpur,1992,5,39,22.9,216,77,2.2,3.5,41929,0
2621,Faridpur,1992,6,36.1,24.8,238,83,1.9,5,41929,0
2622,Faridpur,1992,7,33.6,24.4,387,87,2.1,6.3,41929,1
2623,Faridpur,1992,8,34.7,25,209,86,1.8,5.5,41929,0
2624,Faridpur,1992,9,34.4,24.6,95,85,1.6,4.3,41929,0
2625,Faridpur,1992,10,34.5,22.3,121,83,0.7,2.7,41929,0
2626,Faridpur,1992,11,33.4,17.2,0,77,0.7,2,41929,0
2627,Faridpur,1992,12,28.6,11.3,0,77,0.7,0.3,41929,0
2628,Faridpur,1993,1,28,11.4,0,78,0.9,1.1,41929,0
2629,Faridpur,1993,2,33,16.1,57,74,1.5,1.3,41929,0
2630,Faridpur,1993,3,35.5,17.7,45,66,1.5,1.6,41929,0
2631,Faridpur,1993,4,37.4,21.6,179,73,2,3.4,41929,0
2632,Faridpur,1993,5,35,22.8,143,83,2.4,5.1,41929,0
2633,Faridpur,1993,6,34.5,24.4,502,86,2.7,6.2,41929,1
2634,Faridpur,1993,7,33.5,24.8,223,87,2.3,6.1,41929,0
2635,Faridpur,1993,8,32.7,24.5,352,88,1.9,6.3,41929,1
2636,Faridpur,1993,9,34.8,24.5,338,86,1.4,5.5,41929,0
2637,Faridpur,1993,10,33.5,23.9,320,84,0.6,2.9,41929,0
2638,Faridpur,1993,11,31,19.7,0,80,0.3,0.9,41929,0
2639,Faridpur,1993,12,28.6,14.7,0,77,0.4,0.9,41929,0
2640,Faridpur,1994,1,28.6,12.8,11,73,0.7,0.9,41929,0
2641,Faridpur,1994,2,30.8,13.8,31,73,0.6,1.1,41929,0
2642,Faridpur,1994,3,36.6,20.6,44,69,1.8,1.7,41929,0
2643,Faridpur,1994,4,38.3,22.4,134,71,1.6,3.1,41929,0
2644,Faridpur,1994,5,36.9,24.7,197,78,1.9,3.5,41929,0
2645,Faridpur,1994,6,34.8,25.4,258,86,2.2,5.6,41929,0
2646,Faridpur,1994,7,33.7,26.1,246,84,1.9,5.7,41929,0
2647,Faridpur,1994,8,33.6,26,248,83,1.4,5.6,41929,0
2648,Faridpur,1994,9,34,25.4,107,78,1.1,4,41929,0
2649,Faridpur,1994,10,34,23.5,66,75,0.6,2.5,41929,0
2650,Faridpur,1994,11,32,19.2,2,73,0.5,2.6,41929,0
2651,Faridpur,1994,12,29.2,13,0,69,0.5,0.5,41929,0
2652,Faridpur,1995,1,29,11.4,7,71,1,1.6,41929,0
2653,Faridpur,1995,2,30.6,14.7,8,71,1,1.8,41929,0
2654,Faridpur,1995,3,38.8,18.6,0,60,1.1,1.8,41929,0
2655,Faridpur,1995,4,40.6,24.3,45,63,2.1,2.6,41929,0
2656,Faridpur,1995,5,38,26,281,77,3.8,4.4,41929,0
2657,Faridpur,1995,6,35.6,26.4,395,84,2.5,5.8,41929,1
2658,Faridpur,1995,7,33.3,25.7,507,87,2.7,6.3,41929,1
2659,Faridpur,1995,8,33.5,26.3,366,86,1.9,5.9,41929,0
2660,Faridpur,1995,9,34.6,26.1,256,85,1.9,6,41929,0
2661,Faridpur,1995,10,34,24.6,42,80,0.7,3.3,41929,0
2662,Faridpur,1995,11,32.8,19.7,97,77,1.1,2.5,41929,0
2663,Faridpur,1995,12,27.5,14,2,72,0.7,0.4,41929,0
2664,Faridpur,1996,1,28.2,12.7,2,78,1.1,0.8,41929,0
2665,Faridpur,1996,2,32.2,15.4,15,74,1.2,1.2,41929,0
2666,Faridpur,1996,3,36,21.4,28,70,2.2,1.8,41929,0
2667,Faridpur,1996,4,40.3,23.1,182,68,2.4,2.3,41929,0
2668,Faridpur,1996,5,38.6,25.2,283,80,3,2.9,41929,0
2669,Faridpur,1996,6,34.9,25.5,316,86,2.1,3,41929,0
2670,Faridpur,1996,7,33.6,26,210,88,2.7,3.2,41929,0
2671,Faridpur,1996,8,34.3,25.7,447,89,2.1,2.8,41929,1
2672,Faridpur,1996,9,36,26.4,115,84,1.3,4.6,41929,0
2673,Faridpur,1996,10,34.6,23.6,212,81,1.1,2.5,41929,0
2674,Faridpur,1996,11,33,19,0,79,0.7,0.8,41929,0
2675,Faridpur,1996,12,29.4,14.2,0,75,1,1.1,41929,0
2676,Faridpur,1997,1,27.3,11.5,11,75,0.8,1.2,41929,0
2677,Faridpur,1997,2,30.7,14.2,26,71,1.1,1.3,41929,0
2678,Faridpur,1997,3,34.6,20.2,20,71,1.3,2.1,41929,0
2679,Faridpur,1997,4,36.4,21,186,75,1.6,3.5,41929,0
2680,Faridpur,1997,5,38,24.2,137,77,2.2,4,41929,0
2681,Faridpur,1997,6,35.4,24.8,266,85,2.3,5.3,41929,0
2682,Faridpur,1997,7,34.2,25.7,337,88,2,5.9,41929,0
2683,Faridpur,1997,8,35.7,26.1,294,86,2,5.8,41929,0
2684,Faridpur,1997,9,34.2,25.4,162,88,1.3,5.4,41929,0
2685,Faridpur,1997,10,33,22.7,68,80,0.7,1.8,41929,0
2686,Faridpur,1997,11,33.2,19.8,53,80,0.7,1.9,41929,0
2687,Faridpur,1997,12,28.1,14.6,18,83,1,2.2,41929,0
2688,Faridpur,1998,1,26.2,12.1,49,84,1.2,2.7,41929,0
2689,Faridpur,1998,2,30.6,15.9,22,77,1.1,1.8,41929,0
2690,Faridpur,1998,3,35.2,17.6,69,73,1.3,2.4,41929,0
2691,Faridpur,1998,4,37.2,22.7,122,78,2.5,3.5,41929,0
2692,Faridpur,1998,5,38,24.9,205,81,2.4,4.6,41929,0
2693,Faridpur,1998,6,36.5,27.2,202,86,3.2,4.7,41929,0
2694,Faridpur,1998,7,34,26,357,89,2.4,6.5,41929,1
2695,Faridpur,1998,8,34,26.6,341,87,2.2,5.8,41929,0
2696,Faridpur,1998,9,36,26.4,283,85,1.4,5.1,41929,0
2697,Faridpur,1998,10,36.5,25.5,74,83,0.9,3.3,41929,0
2698,Faridpur,1998,11,32.4,21.3,95,80,1,2.4,41929,0
2699,Faridpur,1998,12,29.1,15.5,0,78,0.8,0.2,41929,0
2700,Faridpur,1999,1,28.5,12.6,0,76,1,0.4,41929,0
2701,Faridpur,1999,2,34.4,16,0,70,1,0.6,41929,0
2702,Faridpur,1999,3,37.5,20.2,0,64,1.4,0.7,41929,0
2703,Faridpur,1999,4,38.5,25.3,59,75,2.6,2.4,41929,0
2704,Faridpur,1999,5,38,24.7,208,81,2.5,4.1,41929,0
2705,Faridpur,1999,6,36.7,25.8,335,86,2.3,5.3,41929,0
2706,Faridpur,1999,7,34.2,25.7,421,89,1.9,6.3,41929,1
2707,Faridpur,1999,8,32.8,25.8,452,87,1.7,6,41929,1
2708,Faridpur,1999,9,33.6,25.7,204,87,1.4,5.7,41929,0
2709,Faridpur,1999,10,33.6,24.7,422,85,0.9,4.5,41929,1
2710,Faridpur,1999,11,31.6,19.8,4,77,0.6,1.1,41929,0
2711,Faridpur,1999,12,29.2,15,0,78,0.5,0.4,41929,0
2712,Faridpur,2000,1,28.6,12.3,35,79,0.9,0.9,41929,0
2713,Faridpur,2000,2,28.9,15,57,72,0.8,3.1,41929,0
2714,Faridpur,2000,3,34.5,19.3,31,70,1.2,1.9,41929,0
2715,Faridpur,2000,4,37.5,23.5,169,77,2.8,3.1,41929,0
2716,Faridpur,2000,5,37.3,24.4,398,81,1.6,4.9,41929,1
2717,Faridpur,2000,6,35.5,26.2,137,85,1.7,5.5,41929,0
2718,Faridpur,2000,7,35,26.1,153,86,1.6,5.5,41929,0
2719,Faridpur,2000,8,35,26.3,345,86,1.4,5.7,41929,0
2720,Faridpur,2000,9,34.7,25.7,399,87,1.1,5.2,41929,1
2721,Faridpur,2000,10,34.7,24.5,255,85,0.9,3.3,41929,0
2722,Faridpur,2000,11,32.4,19.9,0,78,0.4,0.8,41929,0
2723,Faridpur,2000,12,29.5,14,0,76,0.5,0.4,41929,0
2724,Faridpur,2001,1,27.7,10.9,0,74,0.8,0.4,41929,0
2725,Faridpur,2001,2,31,15.2,3,72,0.8,1,41929,0
2726,Faridpur,2001,3,36.5,19.2,21,64,1,1.7,41929,0
2727,Faridpur,2001,4,38.5,23.7,124,71,1.9,3,41929,0
2728,Faridpur,2001,5,35.7,24.1,286,82,1.1,4.3,41929,0
2729,Faridpur,2001,6,33.6,25.6,325,88,1.5,5.8,41929,0
2730,Faridpur,2001,7,33.5,26.2,239,87,1.4,5.8,41929,0
2731,Faridpur,2001,8,34.1,26.8,222,84,1,5.3,41929,0
2732,Faridpur,2001,9,34.5,26,206,85,0.7,4.4,41929,0
2733,Faridpur,2001,10,34.5,24.7,165,85,0.7,3.8,41929,0
2734,Faridpur,2001,11,32.4,20.8,43,83,0.4,2.4,41929,0
2735,Faridpur,2001,12,28.7,13.8,0,82,0.6,0.9,41929,0
2736,Faridpur,2002,1,27.5,13.7,19,78,0.4,1.3,41929,0
2737,Faridpur,2002,2,32.8,15.1,0,71,0.6,0.8,41929,0
2738,Faridpur,2002,3,36,19.6,56,70,1,1.9,41929,0
2739,Faridpur,2002,4,35.3,23,91,76,2,3.7,41929,0
2740,Faridpur,2002,5,36.5,24.4,286,82,1.5,4.9,41929,0
2741,Faridpur,2002,6,35,25.8,395,87,1.6,6.1,41929,1
2742,Faridpur,2002,7,35.5,26,586,88,1.3,6.6,41929,1
2743,Faridpur,2002,8,33.8,26.1,420,87,1.1,6.2,41929,1
2744,Faridpur,2002,9,35.4,25.8,158,85,0.9,5,41929,0
2745,Faridpur,2002,10,34.5,23.9,38,81,0.5,2.8,41929,0
2746,Faridpur,2002,11,32.1,19.8,130,81,0.6,2.6,41929,0
2747,Faridpur,2002,12,29.7,15,0,81,0.5,0.8,41929,0
2748,Faridpur,2003,1,27.4,10.7,0,82,0.8,1.6,41929,0
2749,Faridpur,2003,2,32,15.9,113,75,0.7,1.5,41929,0
2750,Faridpur,2003,3,34.4,18.9,110,73,0.9,2.2,41929,0
2751,Faridpur,2003,4,36.7,24.3,109,77,1.5,3,41929,0
2752,Faridpur,2003,5,39.3,25.3,89,77,1.4,3,41929,0
2753,Faridpur,2003,6,37,25.8,294,86,1.4,5.9,41929,0
2754,Faridpur,2003,7,34.6,26.3,276,85,1.1,5.6,41929,0
2755,Faridpur,2003,8,34.7,26.6,120,84,0.9,5,41929,0
2756,Faridpur,2003,9,33.8,26.1,81,87,0.6,5.2,41929,0
2757,Faridpur,2003,10,34.6,24.8,182,86,0.4,4.8,41929,0
2758,Faridpur,2003,11,32,18.3,0,76,0.2,0.3,41929,0
2759,Faridpur,2003,12,27.8,14.6,26,80,0.3,1.7,41929,0
2760,Faridpur,2004,1,26.9,12.5,3,81,0.5,2.4,41929,0
2761,Faridpur,2004,2,33.8,14.9,0,70,0.5,0.9,41929,0
2762,Faridpur,2004,3,36.2,21.2,6,68,1.8,2.1,41929,0
2763,Faridpur,2004,4,36.6,24.2,52,76,1.8,3.9,41929,0
2764,Faridpur,2004,5,39.4,25.6,208,73,1.5,3.6,41929,0
2765,Faridpur,2004,6,35,25.3,420,86,1.2,5.5,41929,1
2766,Faridpur,2004,7,34,26.4,235,85,1.6,6.2,41929,0
2767,Faridpur,2004,8,34,26.6,155,84,1.5,5.5,41929,0
2768,Faridpur,2004,9,34.4,25.8,764,88,1.3,6.1,41929,1
2769,Faridpur,2004,10,33.5,23.5,156,83,0.5,2.9,41929,0
2770,Faridpur,2004,11,30.8,18,0,78,0.2,0.5,41929,0
2771,Faridpur,2004,12,29.4,15.7,2,78,0.3,1,41929,0
2772,Faridpur,2005,1,27.6,12.9,8,78,0.7,2.1,41929,0
2773,Faridpur,2005,2,32.5,17.1,7,71,0.8,1.5,41929,0
2774,Faridpur,2005,3,36.8,21.7,136,71,1.4,3.2,41929,0
2775,Faridpur,2005,4,38.4,24.2,13,71,1.6,3.1,41929,0
2776,Faridpur,2005,5,37.7,24.8,68,77,1.5,3.8,41929,0
2777,Faridpur,2005,6,37,26.5,233,83,1.4,5.1,41929,0
2778,Faridpur,2005,7,33.2,26.1,384,87,0.9,6.1,41929,1
2779,Faridpur,2005,8,34.7,26.6,276,88,0.7,6.2,41929,0
2780,Faridpur,2005,9,35.2,26.3,167,85,0.6,5.5,41929,0
2781,Faridpur,2005,10,34.5,24.2,357,86,0.4,4.7,41929,1
2782,Faridpur,2005,11,31.8,18.8,0,80,0.6,1.5,41929,0
2783,Faridpur,2005,12,28.6,14.5,1,77,0.9,1.3,41929,0
2784,Faridpur,2006,1,28.4,12,0,77,0.8,1.1,41929,0
2785,Faridpur,2006,2,36,18.1,0,74,1.1,0.7,41929,0
2786,Faridpur,2006,3,39.3,20.1,0,63,1.1,1.8,41929,0
2787,Faridpur,2006,4,38.5,23.7,128,74,1.9,3.4,41929,0
2788,Faridpur,2006,5,37,24.9,218,78,1.5,4.4,41929,0
2789,Faridpur,2006,6,36.4,26.4,229,86,1.4,5.8,41929,0
2790,Faridpur,2006,7,35.4,26.6,340,86,2.1,6.1,41929,1
2791,Faridpur,2006,8,35.4,26.2,192,84,2.1,6,41929,0
2792,Faridpur,2006,9,35.8,26,486,86,1.5,5.3,41929,1
2793,Faridpur,2006,10,35,24.6,55,82,0.5,3.1,41929,0
2794,Faridpur,2006,11,32.2,19.4,1,78,0.5,2.5,41929,0
2795,Faridpur,2006,12,28.9,14.2,0,78,0.4,0.2,41929,0
2796,Faridpur,2007,1,29.6,10.9,0,77,0.5,0.6,41929,0
2797,Faridpur,2007,2,30.8,15.8,59,79,0.5,2.3,41929,0
2798,Faridpur,2007,3,36.6,18.2,4,64,0.7,1.1,41929,0
2799,Faridpur,2007,4,37.2,23.8,60,73,1.7,3.4,41929,0
2800,Faridpur,2007,5,38,25.3,93,75,1.1,3.3,41929,0
2801,Faridpur,2007,6,36.7,25.5,528,85,1.3,5.9,41929,1
2802,Faridpur,2007,7,34.6,25.9,676,87,1.2,6.4,41929,1
2803,Faridpur,2007,8,35.5,26.9,216,81,1,5.3,41929,0
2804,Faridpur,2007,9,34.8,26.4,130,83,0.9,5.5,41929,0
2805,Faridpur,2007,10,35,24.2,180,81,0.5,3.3,41929,0
2806,Faridpur,2007,11,31.6,19.9,94,80,0.5,1.6,41929,0
2807,Faridpur,2007,12,28.8,13.9,0,77,0.3,0.7,41929,0
2808,Faridpur,2008,1,29.2,13.3,42,78,0.4,1.8,41929,0
2809,Faridpur,2008,2,29.7,13.7,45,74,0.4,1.4,41929,0
2810,Faridpur,2008,3,36.3,21.5,31,74,0.7,3,41929,0
2811,Faridpur,2008,4,38.4,23.8,31,72,1.1,2,41929,0
2812,Faridpur,2008,5,37.6,24.6,58,75,0.9,3.3,41929,0
2813,Faridpur,2008,6,35.7,25.8,236,85,1,5.5,41929,0
2814,Faridpur,2008,7,33.4,26,430,87,0.8,6.2,41929,1
2815,Faridpur,2008,8,34.7,26.3,175,86,0.5,5.6,41929,0
2816,Faridpur,2008,9,34.5,26.1,223,83,0.6,4.9,41929,0
2817,Faridpur,2008,10,34.2,23.3,172,82,0.4,3,41929,0
2818,Faridpur,2008,11,32.3,18.4,0,77,0.1,0.8,41929,0
2819,Faridpur,2008,12,29.6,15.9,0,83,0.1,1.9,41929,0
2820,Faridpur,2009,1,28.4,13.6,0,80,1.1,0.5,41929,0
2821,Faridpur,2009,2,33.8,15.1,0,68,2.1,0.3,41929,0
2822,Faridpur,2009,3,36.8,20,15,63,2.4,2,41929,0
2823,Faridpur,2009,4,41.2,25,93,68,3,2.2,41929,0
2824,Faridpur,2009,5,40.4,24.7,317,76,3,3.7,41929,0
2825,Faridpur,2009,6,36.8,26,251,80,2.3,3.9,41929,0
2826,Faridpur,2009,7,34.8,26.3,501,86,2.4,5.6,41929,1
2827,Faridpur,2009,8,34.4,26.4,558,86,2.2,5.9,41929,1
2828,Faridpur,2009,9,35.2,26.4,186,84,2,4.8,41929,0
2829,Faridpur,2009,10,35.4,23.8,232,79,1.3,2.5,41929,0
2830,Faridpur,2009,11,33.7,19.4,0,76,1.5,1.8,41929,0
2831,Faridpur,2009,12,28.8,13.5,0,79,1,0.6,41929,0
2832,Faridpur,2010,1,28.5,11.2,0,79,2.1,1.3,41929,0
2833,Faridpur,2010,2,32.5,15,0,69,1.8,0.7,41929,0
2834,Faridpur,2010,3,38,22.3,0,66,2.7,1.2,41929,0
2835,Faridpur,2010,4,39.9,26.1,131,72,4.2,2.8,41929,0
2836,Faridpur,2010,5,36.8,25.2,202,77,2.8,4.2,41929,0
2837,Faridpur,2010,6,36.6,26.1,642,85,2.7,5.4,41929,1
2838,Faridpur,2010,7,34.9,26.7,288,84,2.5,5,41929,0
2839,Faridpur,2010,8,36.5,26.8,263,83,2.2,5.1,41929,0
2840,Faridpur,2010,9,34.3,26.2,259,85,2.1,4.8,41929,0
2841,Faridpur,2010,10,36.2,24.8,163,81,2,3.2,41929,0
2842,Faridpur,2010,11,33.2,20.4,2,78,1.6,1.2,41929,0
2843,Faridpur,2010,12,29.1,13.9,1,78,1.7,1.3,41929,0
2844,Faridpur,2011,1,27.9,10.6,0,78,2,0.9,41929,0
2845,Faridpur,2011,2,31.4,15.1,0,68,2,0.6,41929,0
2846,Faridpur,2011,3,34.6,19.9,17,67,3.2,2.1,41929,0
2847,Faridpur,2011,4,36.2,22.2,109,72,2.2,2.8,41929,0
2848,Faridpur,2011,5,36.4,24.3,163,79,2.4,3.6,41929,0
2849,Faridpur,2011,6,37.6,26.1,383,85,3.1,5.4,41929,1
2850,Faridpur,2011,7,35.4,26.4,253,84,2.2,5.3,41929,0
2851,Faridpur,2011,8,36,26.4,469,86,2.5,6.1,41929,1
2852,Faridpur,2011,9,36.7,26.3,113,84,2.3,5,41929,0
2853,Faridpur,2011,10,35.4,24.7,2,78,1.8,2.1,41929,0
2854,Faridpur,2011,11,32,18.4,0,77,1.9,0.4,41929,0
2855,Faridpur,2011,12,30.6,14.1,0,82,1.7,1,41929,0
2856,Faridpur,2012,1,28.2,13.2,30,77,2,1.9,41929,0
2857,Faridpur,2012,2,33.5,14.1,1,67,2,0.6,41929,0
2858,Faridpur,2012,3,38.6,20.5,4,64,2.4,0.9,41929,0
2859,Faridpur,2012,4,37.8,23.2,168,72,2.6,2.7,41929,0
2860,Faridpur,2012,5,36.6,25.3,109,77,2.4,2.9,41929,0
2861,Faridpur,2012,6,36.4,26.5,128,82,2.6,5,41929,0
2862,Faridpur,2012,7,34.2,26.5,252,86,2.4,5.6,41929,0
2863,Faridpur,2012,8,34.8,26.6,221,85,2.1,5.2,41929,0
2864,Faridpur,2012,9,36.4,26.4,165,85,2.4,4.5,41929,0
2865,Faridpur,2012,10,34.5,23.6,83,80,1.8,2.9,41929,0
2866,Faridpur,2012,11,32.2,18.3,111,78,1.7,2.1,41929,0
2867,Faridpur,2012,12,28.8,13.3,7,83,1.8,1.1,41929,0
2868,Faridpur,2013,1,28,10.4,0,77,1.9,0.5,41929,0
2869,Faridpur,2013,2,32.3,15.1,12,70,2.2,1.5,41929,0
2870,Faridpur,2013,3,36.8,20.3,12,65,2,1.1,41929,0
2871,Faridpur,2013,4,39.6,23.7,55,68,2.6,2.4,41929,0
2872,Faridpur,2013,5,37.3,24.6,380,84,2.9,5.9,41929,1
2873,Faridpur,2013,6,35.8,26.7,291,82,2.1,4.8,41929,0
2874,Faridpur,2013,7,35.3,26.7,198,84,2.4,5.2,41929,0
2875,Faridpur,2013,8,34.9,26.3,264,86,2.2,5.9,41929,0
2876,Faridpur,2013,9,35.7,26.3,225,85,1.8,4.8,41929,0
2877,Faridpur,2013,10,34.8,24.3,202,85,1.6,4.4,41929,0
2878,Faridpur,2013,11,32,17.6,0,76,1.6,0.7,41929,0
2879,Faridpur,2013,12,29.6,14.5,0,80,1.7,0.9,41929,0
2880,Feni,1990,1,30.6,13.1,0,79,0.5,0.8,41943,0
2881,Feni,1990,2,31.4,17.2,31,78,0.6,3.2,41943,0
2882,Feni,1990,3,35,18.7,287,79,0.8,4.2,41943,0
2883,Feni,1990,4,33.3,21.7,213,81,2.2,4.6,41943,0
2884,Feni,1990,5,35.6,24.8,485,80,0.8,4.9,41943,1
2885,Feni,1990,6,34.1,25.6,545,84,1.7,6.4,41943,1
2886,Feni,1990,7,33.1,25.2,972,87,1.8,7,41943,1
2887,Feni,1990,8,35.6,25.6,543,84,1.1,5.8,41943,1
2888,Feni,1990,9,33.3,25.1,271,85,1.2,5.8,41943,0
2889,Feni,1990,10,34.1,22.5,393,83,0.8,4.2,41943,1
2890,Feni,1990,11,33.1,20.5,178,81,0.5,3,41943,0
2891,Feni,1990,12,29.8,14.7,62,78,0.4,1.2,41943,0
2892,Feni,1991,1,28.8,12.5,4,76,0.4,1.6,41943,0
2893,Feni,1991,2,32.6,17.2,77,77,0.7,1.1,41943,0
2894,Feni,1991,3,35.9,21.1,59,73,0.7,2,41943,0
2895,Feni,1991,4,35.8,23.4,213,77,1.9,4,41943,0
2896,Feni,1991,5,32.8,22.5,651,84,2.6,6.3,41943,1
2897,Feni,1991,6,33.7,24.1,770,87,1.8,6.8,41943,1
2898,Feni,1991,7,35.1,24.3,753,86,2.1,6.8,41943,1
2899,Feni,1991,8,36.4,24.1,494,85,2.1,6.5,41943,1
2900,Feni,1991,9,34.6,23.9,739,87,1.2,6.4,41943,1
2901,Feni,1991,10,35,22.6,420,84,0.7,4.4,41943,1
2902,Feni,1991,11,30.5,17.5,41,79,0.4,1.9,41943,0
2903,Feni,1991,12,30,13.6,10,77,0.4,1.6,41943,0
2904,Feni,1992,1,29.2,12.1,0,78,0.3,0.5,41943,0
2905,Feni,1992,2,27.8,15.6,90,76,0.8,2.2,41943,0
2906,Feni,1992,3,34.6,23.1,0,80,2,3.4,41943,0
2907,Feni,1992,4,36.8,24.5,0,76,2.5,3.8,41943,0
2908,Feni,1992,5,35.7,23.5,229,79,1.8,4.4,41943,0
2909,Feni,1992,6,36.3,25.6,299,82,1.6,5.5,41943,0
2910,Feni,1992,7,35.1,24.7,384,85,2.2,7,41943,1
2911,Feni,1992,8,35.1,24.9,221,83,1.7,6,41943,0
2912,Feni,1992,9,34.3,24.8,317,85,1.2,5.8,41943,0
2913,Feni,1992,10,34.6,23.4,190,84,0.7,3.7,41943,0
2914,Feni,1992,11,33.5,19.1,17,80,0.5,3,41943,0
2915,Feni,1992,12,28,13.1,1,77,0.7,0.8,41943,0
2916,Feni,1993,1,29.7,12.3,0,74,0.6,0.7,41943,0
2917,Feni,1993,2,30.2,16.6,146,73,1.6,2.1,41943,0
2918,Feni,1993,3,33.5,19,183,73,1.4,2.4,41943,0
2919,Feni,1993,4,35.1,22.2,383,80,1.6,3.5,41943,0
2920,Feni,1993,5,34.9,22.9,525,82,2.4,5.1,41943,1
2921,Feni,1993,6,33.7,24.7,656,85,3.3,6.3,41943,1
2922,Feni,1993,7,34.1,24.8,616,85,2.6,6.4,41943,1
2923,Feni,1993,8,33.5,24.6,784,86,2.8,6.3,41943,1
2924,Feni,1993,9,34.8,24.1,358,85,1.8,5.9,41943,0
2925,Feni,1993,10,34.2,22.7,249,85,0.7,3.4,41943,0
2926,Feni,1993,11,31.6,18.7,12,80,0.5,1.2,41943,0
2927,Feni,1993,12,29.8,14.2,0,76,0.6,1.1,41943,0
2928,Feni,1994,1,29.6,13,2,69,0.9,0.7,41943,0
2929,Feni,1994,2,31.2,14.5,3,67,1.2,1.2,41943,0
2930,Feni,1994,3,33.7,21,56,75,2.1,3.2,41943,0
2931,Feni,1994,4,37.2,22.9,354,76,1.1,3.1,41943,0
2932,Feni,1994,5,35.5,24.9,178,78,1.8,4,41943,0
2933,Feni,1994,6,35,25.3,534,85,2.3,6.1,41943,1
2934,Feni,1994,7,33.4,24.6,228,83,2.3,5.9,41943,0
2935,Feni,1994,8,34.8,24.4,357,84,2.1,5.8,41943,1
2936,Feni,1994,9,34.8,24.3,230,82,1.4,4.1,41943,0
2937,Feni,1994,10,36.5,23.2,55,79,0.7,2.7,41943,0
2938,Feni,1994,11,33.3,18.9,6,74,0.6,2.9,41943,0
2939,Feni,1994,12,30.2,12.9,0,67,0.5,0.6,41943,0
2940,Feni,1995,1,31.2,11.4,1,67,1,1.5,41943,0
2941,Feni,1995,2,30.4,15.7,61,72,1.1,2.3,41943,0
2942,Feni,1995,3,37.8,19.5,54,66,1.2,1.8,41943,0
2943,Feni,1995,4,36.4,23.9,87,76,1.7,3.5,41943,0
2944,Feni,1995,5,35.7,26.2,424,80,2.6,4.5,41943,1
2945,Feni,1995,6,35.1,25.4,639,85,2.5,6.3,41943,1
2946,Feni,1995,7,33.5,24.7,620,86,2.7,6.5,41943,1
2947,Feni,1995,8,35.5,24.8,549,84,1.9,6,41943,1
2948,Feni,1995,9,35.1,25.1,319,83,1.9,5.7,41943,0
2949,Feni,1995,10,34.6,24.3,33,82,0.8,3.3,41943,0
2950,Feni,1995,11,33.5,20.8,222,81,0.9,3.7,41943,0
2951,Feni,1995,12,29.8,14.5,0,71,0.4,0.5,41943,0
2952,Feni,1996,1,29.8,12.9,3,76,0.8,0.5,41943,0
2953,Feni,1996,2,31.6,15.5,10,73,1,1.5,41943,0
2954,Feni,1996,3,34.8,22.3,267,82,1.9,3.3,41943,0
2955,Feni,1996,4,36.1,23.5,109,80,1.5,3.4,41943,0
2956,Feni,1996,5,36.4,24.7,247,80,2,5.1,41943,0
2957,Feni,1996,6,35.6,25.2,506,84,1.8,5.9,41943,1
2958,Feni,1996,7,34.1,25.7,541,86,1.9,6.4,41943,1
2959,Feni,1996,8,33.8,25.3,628,88,1.6,6.8,41943,1
2960,Feni,1996,9,36.2,25.7,202,86,0.8,5.2,41943,0
2961,Feni,1996,10,35.1,23,298,84,1,2.9,41943,0
2962,Feni,1996,11,33.1,18.6,0,81,0.5,1.9,41943,0
2963,Feni,1996,12,30.2,15.1,5,78,0.5,1.8,41943,0
2964,Feni,1997,1,27.8,11.9,0,75,0.8,1.3,41943,0
2965,Feni,1997,2,30.6,14.8,24,74,1,1.6,41943,0
2966,Feni,1997,3,33.9,21.3,115,80,1,2.9,41943,0
2967,Feni,1997,4,34.4,21,92,80,0.8,3.6,41943,0
2968,Feni,1997,5,35.6,24.5,237,82,1,4.3,41943,0
2969,Feni,1997,6,34.5,25.4,323,85,1.6,6.5,41943,0
2970,Feni,1997,7,34.4,25.3,794,89,1.3,7,41943,1
2971,Feni,1997,8,36.2,25.5,708,87,1,6.5,41943,1
2972,Feni,1997,9,33.8,24.9,465,87,1.1,6,41943,1
2973,Feni,1997,10,33.8,22.2,30,82,0.5,2.2,41943,0
2974,Feni,1997,11,32.9,19.5,2,79,0.6,1.9,41943,0
2975,Feni,1997,12,29.3,14.8,17,82,0.7,2.2,41943,0
2976,Feni,1998,1,29.4,13.1,35,83,0.7,2.7,41943,0
2977,Feni,1998,2,32.4,16.1,17,77,0.6,2.4,41943,0
2978,Feni,1998,3,33.6,18.7,150,74,0.7,2.8,41943,0
2979,Feni,1998,4,34,22.8,407,81,1,4.6,41943,1
2980,Feni,1998,5,36.6,25,423,83,1.4,5.3,41943,1
2981,Feni,1998,6,36.2,26.7,248,85,1.8,6.1,41943,0
2982,Feni,1998,7,33.6,25.5,931,90,1.9,7,41943,1
2983,Feni,1998,8,34.4,25.5,858,89,1.8,6.7,41943,1
2984,Feni,1998,9,35.5,26,348,84,1,5.3,41943,0
2985,Feni,1998,10,36,24.9,91,84,0.5,3.6,41943,0
2986,Feni,1998,11,34.2,21.2,197,82,0.4,2,41943,0
2987,Feni,1998,12,30.2,15.5,0,80,0.2,0.3,41943,0
2988,Feni,1999,1,29.5,13.1,0,78,0.3,0.4,41943,0
2989,Feni,1999,2,33.9,16.2,0,73,0.4,0.9,41943,0
2990,Feni,1999,3,35.3,21.3,41,74,1,1.6,41943,0
2991,Feni,1999,4,35.8,25.2,4,76,1,2.8,41943,0
2992,Feni,1999,5,35.4,24.7,409,84,1.7,5.4,41943,1
2993,Feni,1999,6,36.1,25.5,837,87,1.3,6.7,41943,1
2994,Feni,1999,7,35.1,25.2,972,87,1.5,6.7,41943,1
2995,Feni,1999,8,34.6,25.4,571,87,1.4,6.7,41943,1
2996,Feni,1999,9,33.6,25.1,250,87,1,6,41943,0
2997,Feni,1999,10,34.4,24.2,232,86,0.6,4.8,41943,0
2998,Feni,1999,11,33.1,18.7,57,78,0.2,0.9,41943,0
2999,Feni,1999,12,30,15.5,32,78,0.2,1,41943,0
3000,Feni,2000,1,29.2,13.1,34,78,0.4,0.8,41943,0
3001,Feni,2000,2,28.9,15.4,10,69,0.5,2.7,41943,0
3002,Feni,2000,3,33.5,21,195,76,1,3,41943,0
3003,Feni,2000,4,34.2,23.3,178,79,1.6,3.6,41943,0
3004,Feni,2000,5,36.2,24.2,520,82,1.2,5.8,41943,1
3005,Feni,2000,6,35.7,25.5,594,83,1.5,6.4,41943,1
3006,Feni,2000,7,35.2,25.6,718,85,1.9,6.7,41943,1
3007,Feni,2000,8,36,25.4,756,84,1.5,6.4,41943,1
3008,Feni,2000,9,34.2,25.2,376,84,1.2,5.9,41943,0
3009,Feni,2000,10,34.6,24.2,210,84,0.5,3.6,41943,0
3010,Feni,2000,11,33,18.7,60,80,0.2,0.7,41943,0
3011,Feni,2000,12,29,13.8,0,77,0.1,0.1,41943,0
3012,Feni,2001,1,28.6,11.4,34,72,0.2,0.1,41943,0
3013,Feni,2001,2,33.2,16.6,10,73,0.5,1.5,41943,0
3014,Feni,2001,3,36,19.9,195,67,0.4,1.2,41943,0
3015,Feni,2001,4,37.8,24,178,72,1.1,3.3,41943,0
3016,Feni,2001,5,36,24.1,520,81,0.6,5.4,41943,1
3017,Feni,2001,6,34,25.3,594,89,1.5,7.1,41943,1
3018,Feni,2001,7,34.1,25.4,718,86,1.7,6.5,41943,1
3019,Feni,2001,8,35,25.9,756,83,1.2,6.3,41943,1
3020,Feni,2001,9,35,25.4,376,85,1,5.6,41943,0
3021,Feni,2001,10,34.7,24.2,210,86,0.4,4.4,41943,0
3022,Feni,2001,11,33,20.3,60,85,0.2,2.6,41943,0
3023,Feni,2001,12,29,14,0,82,0.1,0.4,41943,0
3024,Feni,2002,1,29.3,13.9,4,78,0.2,1.7,41943,0
3025,Feni,2002,2,37,15.1,0,71,0.4,0.6,41943,0
3026,Feni,2002,3,35.2,19.5,95,73,0.5,2.2,41943,0
3027,Feni,2002,4,34,22.7,94,79,1.4,4.4,41943,0
3028,Feni,2002,5,35.2,23.6,455,83,1.5,5.8,41943,1
3029,Feni,2002,6,34.6,25.4,460,84,1.3,6.2,41943,1
3030,Feni,2002,7,34,25.5,790,89,1.3,7.3,41943,1
3031,Feni,2002,8,35.2,25.4,439,86,1.1,6.6,41943,1
3032,Feni,2002,9,35.4,25.2,218,83,0.7,5.4,41943,0
3033,Feni,2002,10,34.6,23.3,20,82,0.3,3.1,41943,0
3034,Feni,2002,11,36,20,85,79,0.3,3.3,41943,0
3035,Feni,2002,12,30.1,15.4,0,78,0.1,0.7,41943,0
3036,Feni,2003,1,29.7,11.9,0,78,0.3,1.4,41943,0
3037,Feni,2003,2,32,16.2,2,70,0.2,1.2,41943,0
3038,Feni,2003,3,33.6,18.6,92,74,0.6,2.1,41943,0
3039,Feni,2003,4,35.2,24.3,48,77,1.3,4.2,41943,0
3040,Feni,2003,5,36.2,24.7,93,79,1.3,5.9,41943,0
3041,Feni,2003,6,35.8,25,1046,86,1.7,7.2,41943,1
3042,Feni,2003,7,32.6,25.7,397,85,1.7,6.6,41943,1
3043,Feni,2003,8,32.5,25.9,315,83,1.5,6.2,41943,0
3044,Feni,2003,9,33.7,25.4,356,85,1,6.3,41943,0
3045,Feni,2003,10,34.8,24.5,242,87,0.3,4.3,41943,0
3046,Feni,2003,11,32.4,17.5,0,79,0,0.2,41943,0
3047,Feni,2003,12,30.1,15,60,83,0.2,1.9,41943,0
3048,Feni,2004,1,28.4,13.5,0,82,0.2,1.3,41943,0
3049,Feni,2004,2,31,14.5,0,75,0.3,0.4,41943,0
3050,Feni,2004,3,33.8,20.9,0,79,1.2,2.9,41943,0
3051,Feni,2004,4,34.5,22.9,177,82,2,5.4,41943,0
3052,Feni,2004,5,36.4,25.6,185,78,0.8,4.4,41943,0
3053,Feni,2004,6,35,25,468,85,0.7,6.4,41943,1
3054,Feni,2004,7,33.5,25.5,499,87,1.4,6.6,41943,1
3055,Feni,2004,8,34.4,25.3,104,85,1.5,6.1,41943,0
3056,Feni,2004,9,34.3,24.9,708,89,0.8,6.3,41943,1
3057,Feni,2004,10,34,23.3,254,85,0.4,2.9,41943,0
3058,Feni,2004,11,30.6,17.1,0,80,0,0.3,41943,0
3059,Feni,2004,12,30.1,15,0,79,0,0.7,41943,0
3060,Feni,2005,1,29.6,12.7,11,78,0.1,0.8,41943,0
3061,Feni,2005,2,31.1,16.6,0,75,0.4,1.3,41943,0
3062,Feni,2005,3,32.7,20.1,0,79,0.7,3.2,41943,0
3063,Feni,2005,4,35.6,22.9,188,81,0.7,4.6,41943,0
3064,Feni,2005,5,34.8,23.9,331,84,0.9,5.3,41943,0
3065,Feni,2005,6,36.5,26.4,292,88,1.3,6.2,41943,0
3066,Feni,2005,7,34,25.6,784,90,1.2,6.9,41943,1
3067,Feni,2005,8,34.1,25.5,615,87,1.1,5.7,41943,1
3068,Feni,2005,9,34.8,25.7,279,86,0.4,3.7,41943,0
3069,Feni,2005,10,34.5,24.4,346,82,0.3,0.9,41943,0
3070,Feni,2005,11,32.1,19.2,22,79,0,0.9,41943,0
3071,Feni,2005,12,30.1,14.8,0,79,0.1,0.7,41943,0
3072,Feni,2006,1,29.2,13.6,0,79,0.2,0.3,41943,0
3073,Feni,2006,2,32.1,18.2,0,79,0.4,0.9,41943,0
3074,Feni,2006,3,35.6,20.8,0,73,0.4,1.4,41943,0
3075,Feni,2006,4,36.8,23.4,52,77,0.9,3.7,41943,0
3076,Feni,2006,5,36.2,24.8,577,82,0.7,4.9,41943,1
3077,Feni,2006,6,35.5,25.9,390,86,0.9,6.6,41943,0
3078,Feni,2006,7,33.6,25.6,439,88,1.2,7,41943,1
3079,Feni,2006,8,33.4,25.6,188,84,1.2,6.3,41943,0
3080,Feni,2006,9,33.5,24.9,388,87,0.8,5.4,41943,1
3081,Feni,2006,10,34,24.3,52,85,0.3,4,41943,0
3082,Feni,2006,11,32.2,19.4,0,82,0.3,2.3,41943,0
3083,Feni,2006,12,30.5,14.2,0,79,0.2,0.2,41943,0
3084,Feni,2007,1,28.4,11.6,0,78,0.4,0.6,41943,0
3085,Feni,2007,2,30.3,16.4,73,76,0.6,2.4,41943,0
3086,Feni,2007,3,35.7,18.4,4,69,0.6,1.1,41943,0
3087,Feni,2007,4,33.8,23.1,128,81,1.2,4.1,41943,0
3088,Feni,2007,5,37.4,25.2,282,82,1.1,4.3,41943,0
3089,Feni,2007,6,35,25.6,509,87,1.3,5.9,41943,1
3090,Feni,2007,7,34,25.5,970,90,1.4,6.6,41943,1
3091,Feni,2007,8,34.2,26,402,87,1,5.7,41943,1
3092,Feni,2007,9,34.1,25.6,601,87,0.8,6.2,41943,1
3093,Feni,2007,10,35,23.5,499,84,0.5,3.8,41943,1
3094,Feni,2007,11,31.5,21,75,83,0.4,1.8,41943,0
3095,Feni,2007,12,29,15,0,80,0.2,1.1,41943,0
3096,Feni,2008,1,28.3,14,29,80,0.3,1.7,41943,0
3097,Feni,2008,2,30.6,14.8,16,74,0.4,1.5,41943,0
3098,Feni,2008,3,33.2,21.6,30,80,0.9,3.5,41943,0
3099,Feni,2008,4,37.9,23.4,16,78,0.9,2.6,41943,0
3100,Feni,2008,5,37,24.6,285,80,1.1,4.8,41943,0
3101,Feni,2008,6,33.5,25.3,505,86,1.3,6.6,41943,0
3102,Feni,2008,7,33.7,25.4,788,89,1.2,7.2,41943,0
3103,Feni,2008,8,35.5,25.4,687,88,1.2,6.7,41943,0
3104,Feni,2008,9,35.4,25.4,249,85,0.7,5.7,41943,0
3105,Feni,2008,10,34.3,23.4,269,86,0.5,3.6,41943,0
3106,Feni,2008,11,32.5,18.3,0,80,0.2,1.2,41943,0
3107,Feni,2008,12,30,16.1,0,85,0.1,1.9,41943,0
3108,Feni,2009,1,28.2,13.6,0,83,1.6,0.3,41943,0
3109,Feni,2009,2,31.4,16.2,1,67,2.4,1,41943,0
3110,Feni,2009,3,34.7,21,20,65,2.4,3.1,41943,0
3111,Feni,2009,4,36.4,24.9,36,73,2.9,3.3,41943,0
3112,Feni,2009,5,35.9,24.6,506,79,2.8,4.8,41943,1
3113,Feni,2009,6,35.4,25.8,371,80,3,5.6,41943,1
3114,Feni,2009,7,34.6,25.7,854,81,2.7,6.5,41943,1
3115,Feni,2009,8,33.5,25.6,682,85,2.3,6.6,41943,1
3116,Feni,2009,9,36,25.5,234,82,2.3,5.5,41943,0
3117,Feni,2009,10,34.4,23.3,226,81,1.2,3.4,41943,0
3118,Feni,2009,11,33.6,19.4,55,78,1.4,2.1,41943,0
3119,Feni,2009,12,30.6,13.8,0,83,1.4,0.6,41943,0
3120,Feni,2010,1,30,11.7,0,84,1.7,0.9,41943,0
3121,Feni,2010,2,31.3,15.1,36,69,1.7,1.6,41943,0
3122,Feni,2010,3,35.5,22.6,6,66,3.2,3.4,41943,0
3123,Feni,2010,4,35.5,25.7,62,78,3.6,5.2,41943,0
3124,Feni,2010,5,36.5,25.3,338,80,2.8,6,41943,0
3125,Feni,2010,6,33.9,25.6,728,85,2.7,7.1,41943,1
3126,Feni,2010,7,33.8,26.1,444,84,2.6,6.6,41943,1
3127,Feni,2010,8,34,26,348,84,2.2,6.3,41943,0
3128,Feni,2010,9,33.9,25.5,321,85,2,6.3,41943,0
3129,Feni,2010,10,35.2,24.6,383,83,1.2,4.1,41943,1
3130,Feni,2010,11,32.9,20.3,20,79,0.9,1.4,41943,0
3131,Feni,2010,12,30.1,14.6,23,76,1.2,1.3,41943,0
3132,Feni,2011,1,28.7,11.4,0,77,1.6,0.9,41943,0
3133,Feni,2011,2,31.1,15.9,10,72,2,1.1,41943,0
3134,Feni,2011,3,34.6,19.7,55,76,2.7,2.7,41943,0
3135,Feni,2011,4,34.8,22.6,58,83,2.5,4.1,41943,0
3136,Feni,2011,5,35.2,24.2,437,88,2.5,6.1,41943,1
3137,Feni,2011,6,35,25.5,599,88,2.6,6.4,41943,1
3138,Feni,2011,7,35,25.6,576,86,2.4,6.4,41943,1
3139,Feni,2011,8,36.1,25.3,832,89,2.3,6.9,41943,1
3140,Feni,2011,9,35.8,25.3,402,87,2.3,5.9,41943,1
3141,Feni,2011,10,34.7,24.2,225,82,1,3.5,41943,0
3142,Feni,2011,11,32.2,18.1,0,79,0.6,0.3,41943,0
3143,Feni,2011,12,31,14.6,0,82,1.3,1.5,41943,0
3144,Feni,2012,1,28.7,13,2,79,1.5,2,41943,0
3145,Feni,2012,2,32.6,14.6,0,70,1.8,0.4,41943,0
3146,Feni,2012,3,35,21.2,28,78,2.4,2.8,41943,0
3147,Feni,2012,4,36.3,22.7,388,82,2.9,3.6,41943,0
3148,Feni,2012,5,36.5,25.2,138,80,2.7,4.7,41943,0
3149,Feni,2012,6,35.4,25.1,723,87,3.1,6.8,41943,1
3150,Feni,2012,7,33.8,25.3,568,89,3.2,7,41943,1
3151,Feni,2012,8,34.3,25.5,390,86,2.4,6.5,41943,1
3152,Feni,2012,9,34.8,25.5,274,86,2.2,6.2,41943,0
3153,Feni,2012,10,33.8,23.2,356,85,1.1,2.8,41943,0
3154,Feni,2012,11,33.5,18.5,18,81,0.6,2.5,41943,0
3155,Feni,2012,12,28.1,13.2,0,83,1,0.6,41943,0
3156,Feni,2013,1,29.7,10.9,0,77,1.2,0.4,41943,0
3157,Feni,2013,2,32.5,15.3,3,70,2,1.6,41943,0
3158,Feni,2013,3,34.7,20.4,26,72,2.2,2.3,41943,0
3159,Feni,2013,4,35.6,23.8,17,77,2.9,3.6,41943,0
3160,Feni,2013,5,33.4,24.3,533,87,3.8,7,41943,1
3161,Feni,2013,6,36,26.2,493,84,2.7,6.1,41943,1
3162,Feni,2013,7,34.8,25.7,382,86,3.3,6.6,41943,0
3163,Feni,2013,8,33.8,25.5,468,87,3.1,6.7,41943,1
3164,Feni,2013,9,35.5,25.2,373,86,2.1,6.1,41943,0
3165,Feni,2013,10,35.1,23.8,193,87,1.3,4.8,41943,0
3166,Feni,2013,11,32.5,17.8,0,79,0.7,0.6,41943,0
3167,Feni,2013,12,30.5,14.3,0,81,0.5,0.9,41943,0
3168,Hatiya,1990,1,28.8,14.7,0,79,0.6,0.5,41963,0
3169,Hatiya,1990,2,30.2,17.9,69,80,0.7,2.1,41963,0
3170,Hatiya,1990,3,35.2,19.9,198,80,2.4,3.4,41963,0
3171,Hatiya,1990,4,32.2,23.5,209,84,4.8,3.5,41963,0
3172,Hatiya,1990,5,34.5,25.3,323,82,1.9,4.2,41963,0
3173,Hatiya,1990,6,33.1,26.5,466,88,3.3,5.9,41963,1
3174,Hatiya,1990,7,31.8,25.5,723,91,2.8,6.3,41963,1
3175,Hatiya,1990,8,33.1,26.1,444,87,2.5,5.3,41963,1
3176,Hatiya,1990,9,32.6,25.6,325,88,2.2,5.9,41963,0
3177,Hatiya,1990,10,33,24.2,86,85,2.3,4.1,41963,0
3178,Hatiya,1990,11,32.4,22.6,88,84,1.6,3.4,41963,0
3179,Hatiya,1990,12,28,17.1,78,83,1.4,1.8,41963,0
3180,Hatiya,1991,1,26,14.6,7,77,1.3,1.2,41963,0
3181,Hatiya,1991,2,31,19,3,79,1.7,0.9,41963,0
3182,Hatiya,1991,3,34.5,23,6,78,1.8,2.4,41963,0
3183,Hatiya,1991,4,34.2,24.7,230,83,3.7,3.4,41963,0
3184,Hatiya,1991,5,32.8,25.7,367,87,4.9,4.4,41963,0
3185,Hatiya,1991,6,32.4,25.8,781,91,3.2,6.5,41963,1
3186,Hatiya,1991,7,32.4,26.2,581,91,4,6.2,41963,1
3187,Hatiya,1991,8,34.5,25.9,519,92,3.3,6.1,41963,1
3188,Hatiya,1991,9,32.4,25.9,444,91,1.9,5.7,41963,1
3189,Hatiya,1991,10,33.5,25.1,373,89,1.7,4.1,41963,1
3190,Hatiya,1991,11,29.3,20.5,23,76,1.4,2.3,41963,0
3191,Hatiya,1991,12,28,16.2,28,79,1.6,1.6,41963,0
3192,Hatiya,1992,1,26.5,14,0,81,1.7,0.4,41963,0
3193,Hatiya,1992,2,27,17.8,130,80,1.9,1.9,41963,0
3194,Hatiya,1992,3,34.6,22.9,0,85,1.9,1.7,41963,0
3195,Hatiya,1992,4,34.7,25.1,0,79,2.6,2.3,41963,0
3196,Hatiya,1992,5,34.5,24.8,232,83,3,3.5,41963,0
3197,Hatiya,1992,6,34,26.4,351,86,2.9,4.5,41963,0
3198,Hatiya,1992,7,31.6,25.4,776,89,3.2,6.5,41963,1
3199,Hatiya,1992,8,32.8,25.8,501,88,2.3,5.5,41963,1
3200,Hatiya,1992,9,33.2,25.9,560,88,2.2,5.3,41963,1
3201,Hatiya,1992,10,33.2,24.8,191,84,1.2,3,41963,0
3202,Hatiya,1992,11,32,21.8,0,79,1.2,2.7,41963,0
3203,Hatiya,1992,12,26.6,16.6,22,79,0.9,0.6,41963,0
3204,Hatiya,1993,1,27,15.5,2,77,0.9,0.6,41963,0
3205,Hatiya,1993,2,29.3,18.1,29,76,2,1.5,41963,0
3206,Hatiya,1993,3,32.1,20.4,275,76,1.8,2,41963,0
3207,Hatiya,1993,4,34,23.2,64,83,1.8,3.1,41963,0
3208,Hatiya,1993,5,32.5,24.1,0,84,3.3,4.7,41963,0
3209,Hatiya,1993,6,32.6,25.5,0,90,3.6,5.9,41963,0
3210,Hatiya,1993,7,31.5,25.2,0,89,3.5,6.5,41963,0
3211,Hatiya,1993,8,31.8,24.9,0,90,3.2,6.5,41963,0
3212,Hatiya,1993,9,33.1,24.8,29,89,1.8,5.9,41963,0
3213,Hatiya,1993,10,32,24.6,85,86,0.8,3.5,41963,0
3214,Hatiya,1993,11,30.5,21,11,82,0.7,1.2,41963,0
3215,Hatiya,1993,12,28.7,17.3,0,80,1.1,1.4,41963,0
3216,Hatiya,1994,1,28,16,0,76,1.2,0.5,41963,0
3217,Hatiya,1994,2,29.5,17.2,10,73,1.5,1,41963,0
3218,Hatiya,1994,3,31.8,21.3,49,80,2.1,2.1,41963,0
3219,Hatiya,1994,4,35.2,23.1,105,80,1.4,2.7,41963,0
3220,Hatiya,1994,5,34.7,25.2,152,83,1.9,3.9,41963,0
3221,Hatiya,1994,6,33.6,25.1,644,90,1.9,6,41963,1
3222,Hatiya,1994,7,32.2,24.7,555,92,2.7,6.1,41963,1
3223,Hatiya,1994,8,31.5,24.7,426,89,2.7,6,41963,1
3224,Hatiya,1994,9,30.2,24.2,404,84,1.5,4.4,41963,1
3225,Hatiya,1994,10,30.1,23.4,202,83,0.5,3.2,41963,0
3226,Hatiya,1994,11,29.4,20.1,50,77,0.4,2.5,41963,0
3227,Hatiya,1994,12,25.8,15.5,7,68,0.4,0.7,41963,0
3228,Hatiya,1995,1,26.2,14.8,0,65,6.6,1.7,41963,0
3229,Hatiya,1995,2,29.3,17.2,8,72,2.6,2,41963,0
3230,Hatiya,1995,3,32.1,21.8,44,68,1.2,1.4,41963,0
3231,Hatiya,1995,4,32.6,24.6,106,77,2.1,2.1,41963,0
3232,Hatiya,1995,5,32.6,25.3,268,79,3.2,4.3,41963,0
3233,Hatiya,1995,6,31.9,25.7,566,85,3,5.9,41963,1
3234,Hatiya,1995,7,30.6,25.4,686,88,2.6,6.2,41963,1
3235,Hatiya,1995,8,31.1,25.5,570,86,1.8,4.7,41963,1
3236,Hatiya,1995,9,30.2,25.4,404,85,1.2,5.2,41963,1
3237,Hatiya,1995,10,30.1,24.6,202,84,0.3,2.8,41963,0
3238,Hatiya,1995,11,29.4,21.1,50,83,0.7,3.4,41963,0
3239,Hatiya,1995,12,25.8,16.2,7,72,0.1,0.1,41963,0
3240,Hatiya,1996,1,26.2,14.8,0,73,0.3,0.3,41963,0
3241,Hatiya,1996,2,29.3,17.2,8,69,0.5,1.2,41963,0
3242,Hatiya,1996,3,32.1,21.4,44,80,1.8,2.7,41963,0
3243,Hatiya,1996,4,32.6,24.1,106,79,1.6,3,41963,0
3244,Hatiya,1996,5,32.6,25,268,82,2.5,4.2,41963,0
3245,Hatiya,1996,6,31.9,25.5,566,85,2.2,5.4,41963,1
3246,Hatiya,1996,7,30.6,25.4,686,87,1.8,6.1,41963,1
3247,Hatiya,1996,8,31.1,25.5,570,89,1.3,6.3,41963,1
3248,Hatiya,1996,9,30.2,24.2,404,86,0.9,5.1,41963,1
3249,Hatiya,1996,10,30.1,23.4,202,83,0.8,2.5,41963,0
3250,Hatiya,1996,11,29.4,20.1,50,76,0.4,1.5,41963,0
3251,Hatiya,1996,12,25.8,15.5,7,75,0.5,1.5,41963,0
3252,Hatiya,1997,1,26.8,14.8,0,71,0.5,0.9,41963,0
3253,Hatiya,1997,2,29.7,17.2,8,73,0.7,1.3,41963,0
3254,Hatiya,1997,3,32.3,21.8,44,81,1.2,2.3,41963,0
3255,Hatiya,1997,4,32.5,24.6,106,80,1.3,3.6,41963,0
3256,Hatiya,1997,5,32.4,25.3,268,84,2.5,3.8,41963,0
3257,Hatiya,1997,6,32.2,25.7,566,86,3.6,6,41963,1
3258,Hatiya,1997,7,30.5,25.4,686,89,2.8,6.1,41963,1
3259,Hatiya,1997,8,31,25.5,570,87,1.6,5.2,41963,1
3260,Hatiya,1997,9,32,25.4,404,87,1.4,4.8,41963,1
3261,Hatiya,1997,10,31.7,24.6,202,77,0.5,2,41963,0
3262,Hatiya,1997,11,30.5,21.1,50,75,0.7,2.1,41963,0
3263,Hatiya,1997,12,27.1,16.2,7,75,0.9,1.8,41963,0
3264,Hatiya,1998,1,26.2,14.8,0,77,0.8,1.1,41963,0
3265,Hatiya,1998,2,29.3,17.2,8,73,0.7,1.5,41963,0
3266,Hatiya,1998,3,32.1,21.4,44,63,1.8,2.1,41963,0
3267,Hatiya,1998,4,32.6,24.1,106,72,2.6,3,41963,0
3268,Hatiya,1998,5,32.6,25,268,82,2.6,3.9,41963,0
3269,Hatiya,1998,6,31.9,25.5,566,83,3.3,4.9,41963,1
3270,Hatiya,1998,7,30.6,25.4,686,88,3.6,6.6,41963,1
3271,Hatiya,1998,8,31.1,25.5,570,88,1.7,5.2,41963,1
3272,Hatiya,1998,9,30.2,24.2,404,84,1.5,5.4,41963,1
3273,Hatiya,1998,10,30.1,23.4,202,85,0.8,3.5,41963,0
3274,Hatiya,1998,11,29.4,20.1,50,82,0.7,1.7,41963,0
3275,Hatiya,1998,12,25.8,15.5,7,76,0.6,0.2,41963,0
3276,Hatiya,1999,1,26.8,14.8,0,70,1,0.3,41963,0
3277,Hatiya,1999,2,29.7,17.2,2,70,1.2,0.8,41963,0
3278,Hatiya,1999,3,32.3,21.8,0,77,1.1,0.8,41963,0
3279,Hatiya,1999,4,32.5,24.6,11,81,1.4,1.7,41963,0
3280,Hatiya,1999,5,32.4,25.3,322,86,2.5,5.3,41963,0
3281,Hatiya,1999,6,32.2,25.7,771,88,2.7,6.2,41963,1
3282,Hatiya,1999,7,30.5,25.4,949,90,2.6,6.7,41963,1
3283,Hatiya,1999,8,31,25.5,736,91,1.9,6.4,41963,1
3284,Hatiya,1999,9,32,25.4,515,88,1.5,4.6,41963,1
3285,Hatiya,1999,10,31.7,24.6,305,88,1.4,4.9,41963,0
3286,Hatiya,1999,11,30.5,21.1,1,82,0.6,0.5,41963,0
3287,Hatiya,1999,12,27.1,16.2,34,83,0.6,1,41963,0
3288,Hatiya,2000,1,28.2,14.2,40,82,0.7,0.7,41963,0
3289,Hatiya,2000,2,31.5,16.2,6,73,1.4,2.6,41963,0
3290,Hatiya,2000,3,34,20.9,11,79,2,1.6,41963,0
3291,Hatiya,2000,4,33.2,23.8,105,80,3,2.6,41963,0
3292,Hatiya,2000,5,37.4,24,686,85,2.1,5.1,41963,1
3293,Hatiya,2000,6,34,25.4,715,88,3.1,5.9,41963,1
3294,Hatiya,2000,7,34,25.6,694,90,3.2,6.3,41963,1
3295,Hatiya,2000,8,33,25.7,415,88,2.4,6.3,41963,1
3296,Hatiya,2000,9,34.5,24.6,422,87,1.8,5.4,41963,1
3297,Hatiya,2000,10,33.3,24.4,369,88,1.5,3.5,41963,0
3298,Hatiya,2000,11,31.7,19.3,15,83,0.4,0.9,41963,0
3299,Hatiya,2000,12,28.5,14.3,0,80,0.5,0.3,41963,0
3300,Hatiya,2001,1,28.5,11.9,0,75,0.8,0.2,41963,0
3301,Hatiya,2001,2,30.3,16.7,2,78,1.2,1.2,41963,0
3302,Hatiya,2001,3,35.4,19.8,0,69,1.2,1.4,41963,0
3303,Hatiya,2001,4,37.8,24.3,17,76,1.8,3.2,41963,0
3304,Hatiya,2001,5,34,24.2,485,84,1.8,4.3,41963,1
3305,Hatiya,2001,6,32.4,25.1,1013,91,2.9,6.7,41963,1
3306,Hatiya,2001,7,31.2,25.3,789,89,3.3,6.4,41963,1
3307,Hatiya,2001,8,33,26.2,689,88,1.9,5.5,41963,1
3308,Hatiya,2001,9,33.6,25.4,597,86,1.1,4.9,41963,1
3309,Hatiya,2001,10,33.3,24.6,434,87,0.8,4,41963,1
3310,Hatiya,2001,11,31,21.1,205,86,0.4,2.9,41963,0
3311,Hatiya,2001,12,29.8,15,0,81,0.4,0.7,41963,0
3312,Hatiya,2002,1,29.5,14.3,3,80,0.5,1.7,41963,0
3313,Hatiya,2002,2,32.5,14.8,0,69,0.5,0.4,41963,0
3314,Hatiya,2002,3,35,20.1,31,75,0.8,1.6,41963,0
3315,Hatiya,2002,4,33.5,23.3,84,82,1.6,3,41963,0
3316,Hatiya,2002,5,33.2,24.6,437,84,2.4,4.7,41963,1
3317,Hatiya,2002,6,34,25.4,690,88,2.1,6.5,41963,1
3318,Hatiya,2002,7,32.5,25.9,1019,90,1.5,7.4,41963,1
3319,Hatiya,2002,8,32.5,24.9,562,89,2.2,6.2,41963,1
3320,Hatiya,2002,9,34.5,25.2,297,85,1.6,4.6,41963,0
3321,Hatiya,2002,10,33.8,23.7,118,85,0.6,2,41963,0
3322,Hatiya,2002,11,33.5,20.2,143,85,0.3,2.5,41963,0
3323,Hatiya,2002,12,30.2,15.6,0,82,0.2,0.9,41963,0
3324,Hatiya,2003,1,27.5,12.1,0,80,0.5,0.7,41963,0
3325,Hatiya,2003,2,31,16.1,0,73,0.6,1.2,41963,0
3326,Hatiya,2003,3,33,19.4,35,78,0.9,2,41963,0
3327,Hatiya,2003,4,35,24.3,127,79,1.5,2.7,41963,0
3328,Hatiya,2003,5,35,25.8,148,81,1.9,4.1,41963,0
3329,Hatiya,2003,6,34.5,25,1225,89,2.3,6.8,41963,1
3330,Hatiya,2003,7,33.6,25.9,752,86,2.9,6.3,41963,1
3331,Hatiya,2003,8,33.5,25.8,583,87,1.5,5.9,41963,1
3332,Hatiya,2003,9,33,25.7,395,86,1,5.5,41963,1
3333,Hatiya,2003,10,37.9,25.5,306,86,0.6,4.4,41963,0
3334,Hatiya,2003,11,31.7,18.8,0,77,0.1,0.1,41963,0
3335,Hatiya,2003,12,28.6,15.8,93,82,0.5,1.5,41963,0
3336,Hatiya,2004,1,28.7,14.2,0,81,0.8,1.1,41963,0
3337,Hatiya,2004,2,31.3,15.4,0,73,0.8,0.9,41963,0
3338,Hatiya,2004,3,36,21.6,7,78,1.8,2.9,41963,0
3339,Hatiya,2004,4,33.2,23.8,207,84,2.4,4.9,41963,0
3340,Hatiya,2004,5,35.8,25.7,150,82,1.6,4.2,41963,0
3341,Hatiya,2004,6,34.5,25.1,828,89,1.6,6.2,41963,1
3342,Hatiya,2004,7,32.7,25.5,839,90,2.3,6.4,41963,1
3343,Hatiya,2004,8,32,25.4,515,89,2,5.9,41963,1
3344,Hatiya,2004,9,33.5,24.9,1039,87,1.6,4.9,41963,1
3345,Hatiya,2004,10,36.6,23.5,420,83,0.8,2.7,41963,1
3346,Hatiya,2004,11,31.8,17.7,0,81,0.1,0.1,41963,0
3347,Hatiya,2004,12,30.2,15.4,0,79,0.3,0.3,41963,0
3348,Hatiya,2005,1,29.5,13.1,0,76,0.6,1.3,41963,0
3349,Hatiya,2005,2,32.9,17.3,0,76,0.7,0.6,41963,0
3350,Hatiya,2005,3,34.6,21.8,84,83,1.7,3.1,41963,0
3351,Hatiya,2005,4,35.7,24.1,145,82,1.6,2.1,41963,0
3352,Hatiya,2005,5,35.5,24.9,85,81,2,3.3,41963,0
3353,Hatiya,2005,6,35,26.9,420,85,2.7,5.7,41963,1
3354,Hatiya,2005,7,32.5,25.8,872,89,3,5.5,41963,1
3355,Hatiya,2005,8,33,25.3,1311,91,2.3,6.4,41963,1
3356,Hatiya,2005,9,34.5,25.8,275,88,1.6,5.3,41963,0
3357,Hatiya,2005,10,34.2,24.8,608,87,1,3.9,41963,1
3358,Hatiya,2005,11,30.8,19.2,5,83,0.6,1,41963,0
3359,Hatiya,2005,12,29.5,16.1,9,80,0.6,1.5,41963,0
3360,Hatiya,2006,1,28.6,14.1,0,79,0.8,0.6,41963,0
3361,Hatiya,2006,2,31.9,18.6,0,81,1.5,1,41963,0
3362,Hatiya,2006,3,36.5,21,1,71,1,1.7,41963,0
3363,Hatiya,2006,4,35.4,24.2,57,80,2,2.7,41963,0
3364,Hatiya,2006,5,36,25.1,645,90,2.2,3.8,41963,1
3365,Hatiya,2006,6,35.5,26.2,466,88,2.2,5.2,41963,1
3366,Hatiya,2006,7,32,25.7,603,92,2.7,6,41963,1
3367,Hatiya,2006,8,33.4,25.6,319,87,3.3,5.7,41963,0
3368,Hatiya,2006,9,33.7,25.5,698,87,2.4,4.7,41963,1
3369,Hatiya,2006,10,33.7,24.7,136,87,0.8,3.3,41963,0
3370,Hatiya,2006,11,32.5,20.2,16,89,0.8,2.4,41963,0
3371,Hatiya,2006,12,29.4,15.2,0,86,0.6,0.3,41963,0
3372,Hatiya,2007,1,29,12.5,1,80,0.9,0.7,41963,0
3373,Hatiya,2007,2,30.1,17.1,139,78,1.2,2.1,41963,0
3374,Hatiya,2007,3,34.8,19.2,23,72,1.1,0.9,41963,0
3375,Hatiya,2007,4,35.4,23.7,108,79,1.9,3.4,41963,0
3376,Hatiya,2007,5,36.8,25.8,257,82,2,3.9,41963,0
3377,Hatiya,2007,6,33.8,25.5,630,86,2.4,5.4,41963,1
3378,Hatiya,2007,7,32.1,25.6,968,91,2.5,6.7,41963,1
3379,Hatiya,2007,8,33.8,26,494,86,1.6,6.4,41963,1
3380,Hatiya,2007,9,34,25.7,731,87,1.8,5.8,41963,1
3381,Hatiya,2007,10,33.8,23.9,413,86,0.9,3.8,41963,1
3382,Hatiya,2007,11,32,21,191,85,0.9,2.4,41963,1
3383,Hatiya,2007,12,28.2,15.4,0,81,0.7,1.3,41963,0
3384,Hatiya,2008,1,27.9,14.1,41,81,0.6,1.5,41963,0
3385,Hatiya,2008,2,30,14.5,23,73,0.7,1,41963,0
3386,Hatiya,2008,3,33.8,21.3,35,81,0.7,3.2,41963,0
3387,Hatiya,2008,4,35.8,23.6,21,78,0.8,2.6,41963,0
3388,Hatiya,2008,5,35.5,25.1,204,83,1.8,4.6,41963,0
3389,Hatiya,2008,6,33,25.7,696,89,2,6.4,41963,1
3390,Hatiya,2008,7,31.5,25.4,1235,90,2.3,6.9,41963,1
3391,Hatiya,2008,8,33.2,25.8,512,88,1.9,6.3,41963,1
3392,Hatiya,2008,9,34.6,25.4,386,86,1.8,6,41963,1
3393,Hatiya,2008,10,34.5,23.8,377,89,0.9,3.3,41963,0
3394,Hatiya,2008,11,32.8,19.2,1,82,0.5,1.6,41963,0
3395,Hatiya,2008,12,29.6,16.2,0,85,0.5,0.9,41963,0
3396,Hatiya,2009,1,29.2,14.2,0,80,1.7,0.3,41963,0
3397,Hatiya,2009,2,32.6,16.4,1,72,2.6,0.9,41963,0
3398,Hatiya,2009,3,34.8,21.1,7,77,2.3,3.8,41963,0
3399,Hatiya,2009,4,35.8,24.8,103,82,4,3.6,41963,0
3400,Hatiya,2009,5,35.6,25.3,267,80,3.2,4.9,41963,0
3401,Hatiya,2009,6,35.4,26.7,226,83,3.3,6.3,41963,0
3402,Hatiya,2009,7,32.5,26,856,89,4.2,6.9,41963,1
3403,Hatiya,2009,8,33.6,26,888,90,1.9,6.4,41963,1
3404,Hatiya,2009,9,34.6,26,386,89,2.8,5.2,41963,1
3405,Hatiya,2009,10,33.5,24,319,86,1.9,3.5,41963,0
3406,Hatiya,2009,11,33.8,20.3,27,82,1.6,2.9,41963,0
3407,Hatiya,2009,12,29.6,14.5,0,82,1.4,1.7,41963,0
3408,Hatiya,2010,1,29.5,12.7,0,76,1.7,1.3,41963,0
3409,Hatiya,2010,2,31.8,15.6,1,73,1.6,3,41963,0
3410,Hatiya,2010,3,37.8,22.6,5,76,3.1,3.7,41963,0
3411,Hatiya,2010,4,36,26.4,18,79,4.1,5.5,41963,0
3412,Hatiya,2010,5,35.5,25.9,370,82,2.9,5.7,41963,0
3413,Hatiya,2010,6,34.2,26.1,911,90,2.8,6.7,41963,1
3414,Hatiya,2010,7,32.8,26.2,776,87,2.6,6.8,41963,1
3415,Hatiya,2010,8,34.5,26.1,371,87,1.7,6,41963,1
3416,Hatiya,2010,9,33,25.9,431,87,2.1,6.2,41963,1
3417,Hatiya,2010,10,35.2,25.4,482,85,2.2,4.8,41963,1
3418,Hatiya,2010,11,33.5,20.9,0,83,1.2,1.8,41963,0
3419,Hatiya,2010,12,31.5,15.2,3,76,1.7,2.8,41963,0
3420,Hatiya,2011,1,29.6,11.9,0,75,1.5,0.8,41963,0
3421,Hatiya,2011,2,32,15.8,0,73,1.7,1,41963,0
3422,Hatiya,2011,3,33.5,20.2,67,73,2.6,2.5,41963,0
3423,Hatiya,2011,4,34.5,23.2,61,78,2.1,4.2,41963,0
3424,Hatiya,2011,5,34.4,25.2,529,85,2.5,5.5,41963,1
3425,Hatiya,2011,6,34,26.1,635,89,3.2,6.2,41963,1
3426,Hatiya,2011,7,33.6,25.9,715,88,2.2,6.1,41963,1
3427,Hatiya,2011,8,35.4,25.8,1018,90,2.3,6.8,41963,1
3428,Hatiya,2011,9,35,25.8,659,89,2.6,5.7,41963,1
3429,Hatiya,2011,10,34,24.6,158,86,1.7,3.5,41963,0
3430,Hatiya,2011,11,32.6,18.9,0,84,1.1,0.6,41963,0
3431,Hatiya,2011,12,30.2,15.2,0,85,1.4,2.2,41963,0
3432,Hatiya,2012,1,28.6,13.5,0,79,1.6,1.9,41963,0
3433,Hatiya,2012,2,33.5,15.4,0,72,1.8,0.7,41963,0
3434,Hatiya,2012,3,34.4,21.3,8,80,2,1.9,41963,0
3435,Hatiya,2012,4,35.7,23.4,267,84,2.8,3.8,41963,0
3436,Hatiya,2012,5,35,25.8,317,84,1.9,4.2,41963,0
3437,Hatiya,2012,6,34.5,26.7,538,88,2.8,6.5,41963,1
3438,Hatiya,2012,7,32.5,26,738,89,2.7,6.7,41963,1
3439,Hatiya,2012,8,33.2,25.9,501,89,1.6,6.3,41963,1
3440,Hatiya,2012,9,34.5,26.1,377,88,2,5.7,41963,0
3441,Hatiya,2012,10,33.5,23.6,244,87,1.3,2.8,41963,0
3442,Hatiya,2012,11,33,19.3,13,82,1.2,2.9,41963,0
3443,Hatiya,2012,12,29,13.7,2,83,1.4,1.3,41963,0
3444,Hatiya,2013,1,30.3,11.7,0,76,1.5,0.4,41963,0
3445,Hatiya,2013,2,33.2,15.6,4,71,1.7,1.5,41963,0
3446,Hatiya,2013,3,34.6,20.3,0,76,1.8,1.7,41963,0
3447,Hatiya,2013,4,35,23.9,50,81,2.2,2.8,41963,0
3448,Hatiya,2013,5,33.4,24.7,842,87,4.3,6.5,41963,1
3449,Hatiya,2013,6,35.7,26.1,592,86,2.6,5.8,41963,1
3450,Hatiya,2013,7,32.4,25.7,544,88,3.2,6.3,41963,1
3451,Hatiya,2013,8,34.4,25.3,677,91,2.4,6.5,41963,1
3452,Hatiya,2013,9,36,25.5,435,89,1.6,5.7,41963,1
3453,Hatiya,2013,10,34.5,24.3,292,88,1.7,5.1,41963,0
3454,Hatiya,2013,11,32.2,19,0,82,1.1,1.5,41963,0
3455,Hatiya,2013,12,30,14.9,0,83,1.2,1.1,41963,0
3456,Ishurdi,1990,1,30,10.1,0,78,0.5,0.2,41907,0
3457,Ishurdi,1990,2,30.2,15,70,76,0.8,2.8,41907,0
3458,Ishurdi,1990,3,35,17.5,128,75,0.9,3.2,41907,0
3459,Ishurdi,1990,4,38.7,22.2,157,72,2.4,3.6,41907,0
3460,Ishurdi,1990,5,35.5,23.9,207,80,1.5,4.3,41907,0
3461,Ishurdi,1990,6,34.5,25.9,277,85,2.1,5.8,41907,0
3462,Ishurdi,1990,7,33.5,25.7,422,88,1.5,6.6,41907,1
3463,Ishurdi,1990,8,35,26,235,84,1.4,5.2,41907,0
3464,Ishurdi,1990,9,35.5,25.4,481,87,1.2,6,41907,1
3465,Ishurdi,1990,10,34.3,22,88,82,1.1,4.1,41907,0
3466,Ishurdi,1990,11,39.8,18.7,34,76,0.7,2.2,41907,0
3467,Ishurdi,1990,12,28.9,11.8,0,75,0.4,1.1,41907,0
3468,Ishurdi,1991,1,28.4,10.2,2,75,0.5,1.5,41907,0
3469,Ishurdi,1991,2,33.7,13.7,9,69,0.7,1.1,41907,0
3470,Ishurdi,1991,3,38.5,18.8,28,65,1,2,41907,0
3471,Ishurdi,1991,4,40.2,22.8,42,63,1.5,2.7,41907,0
3472,Ishurdi,1991,5,40.2,24.3,173,81,2.8,5,41907,0
3473,Ishurdi,1991,6,34.5,25.7,360,86,1.7,6,41907,0
3474,Ishurdi,1991,7,35,26.1,248,87,1.4,5.9,41907,0
3475,Ishurdi,1991,8,36,26.2,189,86,1.1,5.7,41907,0
3476,Ishurdi,1991,9,33.5,25.6,424,89,0.6,6.7,41907,1
3477,Ishurdi,1991,10,34.8,23.4,141,85,0.3,3.6,41907,0
3478,Ishurdi,1991,11,30.5,16.1,2,76,0.3,1.6,41907,0
3479,Ishurdi,1991,12,28.5,11.9,78,80,0.3,1.6,41907,0
3480,Ishurdi,1992,1,27.5,10.7,0,80,0.3,0.5,41907,0
3481,Ishurdi,1992,2,28.2,12.4,40,76,0.5,1.3,41907,0
3482,Ishurdi,1992,3,39,18.9,0,55,1.7,1.3,41907,0
3483,Ishurdi,1992,4,42.1,23.6,18,56,2.1,2,41907,0
3484,Ishurdi,1992,5,40.5,23.4,132,72,2.1,3.5,41907,0
3485,Ishurdi,1992,6,38.5,26.1,73,78,2,4.7,41907,0
3486,Ishurdi,1992,7,34.4,25.5,252,86,1.7,6.4,41907,0
3487,Ishurdi,1992,8,35.5,25.9,207,85,1.4,5.8,41907,0
3488,Ishurdi,1992,9,35.7,25,295,84,1.3,4.4,41907,0
3489,Ishurdi,1992,10,34.7,22.2,38,82,0.6,2.8,41907,0
3490,Ishurdi,1992,11,33.6,16.3,5,77,0.6,2,41907,0
3491,Ishurdi,1992,12,27.2,10.4,3,77,0.7,0.3,41907,0
3492,Ishurdi,1993,1,28.5,8.9,2,77,0.8,1.3,41907,0
3493,Ishurdi,1993,2,34.2,13.6,3,71,1,1.2,41907,0
3494,Ishurdi,1993,3,37.2,16.2,53,61,1.4,1.6,41907,0
3495,Ishurdi,1993,4,39.1,22,113,69,1.7,3.4,41907,0
3496,Ishurdi,1993,5,36.6,23.4,213,81,2,4.9,41907,0
3497,Ishurdi,1993,6,35.2,25.4,299,85,2.5,6.1,41907,0
3498,Ishurdi,1993,7,34.8,26,248,86,2.2,6.3,41907,0
3499,Ishurdi,1993,8,33.2,26.2,189,87,1.8,6.5,41907,0
3500,Ishurdi,1993,9,35,25.3,357,88,1.5,5.8,41907,1
3501,Ishurdi,1993,10,34.5,23.3,102,83,0.5,3.1,41907,0
3502,Ishurdi,1993,11,31.3,18.2,22,78,0.6,1.3,41907,0
3503,Ishurdi,1993,12,29.4,13.4,0,74,0.7,1.3,41907,0
3504,Ishurdi,1994,1,28.3,11.7,24,70,0.9,1.1,41907,0
3505,Ishurdi,1994,2,31.7,12.6,45,71,0.6,1.4,41907,0
3506,Ishurdi,1994,3,38.5,18.7,3,63,1.3,1.4,41907,0
3507,Ishurdi,1994,4,40.2,22.6,31,62,1.3,3.3,41907,0
3508,Ishurdi,1994,5,42.5,25.1,155,73,2,4.1,41907,0
3509,Ishurdi,1994,6,37.2,25.8,336,83,2.1,6.3,41907,0
3510,Ishurdi,1994,7,35,26.3,115,83,1.9,6.3,41907,0
3511,Ishurdi,1994,8,34.5,26.1,170,84,1.6,6,41907,0
3512,Ishurdi,1994,9,35.5,24.9,99,80,1.2,4.7,41907,0
3513,Ishurdi,1994,10,34.5,22.3,80,74,0.7,2.5,41907,0
3514,Ishurdi,1994,11,32,17.3,2,71,0.8,2.8,41907,0
3515,Ishurdi,1994,12,29,10.8,0,67,0.8,0.7,41907,0
3516,Ishurdi,1995,1,27.5,8.8,8,67,1.1,1.4,41907,0
3517,Ishurdi,1995,2,30,12.8,24,70,1,1.6,41907,0
3518,Ishurdi,1995,3,40.2,17,20,58,1.2,2,41907,0
3519,Ishurdi,1995,4,43,23.8,1,55,2.1,2.6,41907,0
3520,Ishurdi,1995,5,42.8,26.3,107,70,2.6,4.5,41907,0
3521,Ishurdi,1995,6,37.5,26.5,215,81,2,6.5,41907,0
3522,Ishurdi,1995,7,33.8,25.9,224,84,1.6,6.8,41907,0
3523,Ishurdi,1995,8,34.7,26.1,257,85,1.4,6.5,41907,0
3524,Ishurdi,1995,9,35,25.8,345,85,1.2,6.3,41907,1
3525,Ishurdi,1995,10,34.2,23.4,8,79,0.6,3,41907,0
3526,Ishurdi,1995,11,33.8,18,70,75,0.7,2.6,41907,0
3527,Ishurdi,1995,12,27.8,11.9,3,70,0.6,0.7,41907,0
3528,Ishurdi,1996,1,27,10.4,0,77,0.7,1.3,41907,0
3529,Ishurdi,1996,2,31,13,25,73,0.9,1,41907,0
3530,Ishurdi,1996,3,37,19.8,17,64,1.3,1.8,41907,0
3531,Ishurdi,1996,4,42.2,22.7,105,63,1.4,3.2,41907,0
3532,Ishurdi,1996,5,40.5,25.5,81,75,2.1,4.4,41907,0
3533,Ishurdi,1996,6,36,25.2,312,85,1.6,5.6,41907,0
3534,Ishurdi,1996,7,35.3,26.3,151,87,1.5,6.6,41907,0
3535,Ishurdi,1996,8,35.3,25.7,282,89,1.1,6.3,41907,0
3536,Ishurdi,1996,9,36,25.8,272,86,0.8,5,41907,0
3537,Ishurdi,1996,10,35.1,22.6,183,84,0.7,2.7,41907,0
3538,Ishurdi,1996,11,33.5,16.8,0,80,0.4,0.8,41907,0
3539,Ishurdi,1996,12,28.6,11.8,0,74,0.8,0.8,41907,0
3540,Ishurdi,1997,1,26.3,9.6,4,75,0.7,1.3,41907,0
3541,Ishurdi,1997,2,30.4,12.4,43,69,0.8,1.5,41907,0
3542,Ishurdi,1997,3,35.2,19.3,42,68,1.1,1.9,41907,0
3543,Ishurdi,1997,4,37,20.3,110,75,1.3,3.8,41907,0
3544,Ishurdi,1997,5,40.6,24.4,132,75,1.6,4,41907,0
3545,Ishurdi,1997,6,38,25.1,199,83,1.8,5.8,41907,0
3546,Ishurdi,1997,7,34.8,25.8,486,89,1.4,6.4,41907,1
3547,Ishurdi,1997,8,36.5,25.7,301,87,1.3,6.3,41907,0
3548,Ishurdi,1997,9,34,25.6,473,88,0.9,5.8,41907,1
3549,Ishurdi,1997,10,33.6,22.1,53,80,0.5,2.4,41907,0
3550,Ishurdi,1997,11,33,18.5,15,79,0.6,2,41907,0
3551,Ishurdi,1997,12,29.8,13.1,20,82,0.8,2.8,41907,0
3552,Ishurdi,1998,1,26.2,10.2,16,81,0.7,2.7,41907,0
3553,Ishurdi,1998,2,31.2,14.5,12,74,0.6,2.1,41907,0
3554,Ishurdi,1998,3,36,16.2,68,68,1.1,2.6,41907,0
3555,Ishurdi,1998,4,37.6,22.2,109,74,1.4,3.3,41907,0
3556,Ishurdi,1998,5,39.8,24.3,269,79,1.7,5.1,41907,0
3557,Ishurdi,1998,6,40,27.4,101,83,2.2,5.3,41907,0
3558,Ishurdi,1998,7,35,26.4,413,89,1.3,6.7,41907,1
3559,Ishurdi,1998,8,34.5,26.7,225,88,1.1,6.7,41907,0
3560,Ishurdi,1998,9,36,26.2,285,85,0.8,5,41907,0
3561,Ishurdi,1998,10,36,25.3,96,84,0.5,3.8,41907,0
3562,Ishurdi,1998,11,32,20.3,42,81,0.8,2.3,41907,0
3563,Ishurdi,1998,12,29.5,13.7,0,77,0.9,0.2,41907,0
3564,Ishurdi,1999,1,28.6,10.9,0,75,0.9,0.6,41907,0
3565,Ishurdi,1999,2,34.8,14.6,0,68,1,0.6,41907,0
3566,Ishurdi,1999,3,38,18.6,0,56,1.1,0.4,41907,0
3567,Ishurdi,1999,4,40.5,25.8,2,68,2,2.3,41907,0
3568,Ishurdi,1999,5,38.7,24.8,203,78,1.8,4.6,41907,0
3569,Ishurdi,1999,6,37.8,26.2,386,84,1.6,5.9,41907,0
3570,Ishurdi,1999,7,34.5,25.9,407,90,1.3,6.6,41907,1
3571,Ishurdi,1999,8,34.4,26.1,249,88,1.5,6.6,41907,0
3572,Ishurdi,1999,9,34.5,25.6,297,89,1.3,6.1,41907,0
3573,Ishurdi,1999,10,34,24.2,205,85,0.9,4.2,41907,0
3574,Ishurdi,1999,11,33,18.5,3,78,0.5,1.3,41907,0
3575,Ishurdi,1999,12,29.2,13.6,0,78,0.5,0.4,41907,0
3576,Ishurdi,2000,1,27.7,10.8,8,79,0.7,0.8,41907,0
3577,Ishurdi,2000,2,28.5,13.4,61,75,0.8,2.5,41907,0
3578,Ishurdi,2000,3,35.3,17.9,20,69,0.9,1.4,41907,0
3579,Ishurdi,2000,4,39.5,23.4,206,74,2.1,3.1,41907,0
3580,Ishurdi,2000,5,39.5,24.4,233,82,1.3,4.9,41907,0
3581,Ishurdi,2000,6,36,25.8,212,86,1.6,6.1,41907,0
3582,Ishurdi,2000,7,35.8,26.4,241,87,1.6,5.9,41907,0
3583,Ishurdi,2000,8,35.7,26.4,147,86,1,5.7,41907,0
3584,Ishurdi,2000,9,35,25.4,551,89,0.6,5.4,41907,1
3585,Ishurdi,2000,10,35,23.8,129,85,0.6,3.4,41907,0
3586,Ishurdi,2000,11,33,18.6,0,81,0.4,0.9,41907,0
3587,Ishurdi,2000,12,27.2,12.6,0,77,0.5,0.6,41907,0
3588,Ishurdi,2001,1,28.4,9.6,0,74,0.7,0.7,41907,0
3589,Ishurdi,2001,2,31.4,13.4,0,71,0.6,0.8,41907,0
3590,Ishurdi,2001,3,37.6,17.9,20,60,0.9,1.5,41907,0
3591,Ishurdi,2001,4,38.8,23.3,52,65,1.6,2.8,41907,0
3592,Ishurdi,2001,5,37,23.4,256,81,1.3,4.3,41907,0
3593,Ishurdi,2001,6,35,25.9,409,85,1.9,6.1,41907,1
3594,Ishurdi,2001,7,34.2,26.3,165,85,1.8,6,41907,0
3595,Ishurdi,2001,8,35.1,26.6,158,84,1,5.6,41907,0
3596,Ishurdi,2001,9,34.5,25.8,334,87,0.8,5.1,41907,0
3597,Ishurdi,2001,10,33.8,24.2,74,84,0.7,4.2,41907,0
3598,Ishurdi,2001,11,32.2,19.4,10,81,0.4,2.2,41907,0
3599,Ishurdi,2001,12,27.7,12.2,0,81,0.7,0.8,41907,0
3600,Ishurdi,2002,1,28.2,12.1,15,78,0.6,1.5,41907,0
3601,Ishurdi,2002,2,32.6,13.5,2,69,0.8,1,41907,0
3602,Ishurdi,2002,3,36.3,18.8,62,65,1,1.9,41907,0
3603,Ishurdi,2002,4,36.4,23,28,75,1.6,3.8,41907,0
3604,Ishurdi,2002,5,39,24.3,177,82,1.5,4.5,41907,0
3605,Ishurdi,2002,6,36,25.6,265,87,1.6,6,41907,0
3606,Ishurdi,2002,7,36.4,26.3,253,88,1.3,6.6,41907,0
3607,Ishurdi,2002,8,34.6,26.1,227,88,1.1,5.9,41907,0
3608,Ishurdi,2002,9,35.8,25.7,246,86,1.1,4.9,41907,0
3609,Ishurdi,2002,10,34.8,22.4,75,82,0.5,2.9,41907,0
3610,Ishurdi,2002,11,31.8,18.1,47,80,0.7,2.1,41907,0
3611,Ishurdi,2002,12,29,13.3,0,81,0.5,1.1,41907,0
3612,Ishurdi,2003,1,26.5,8.3,0,81,0.9,1,41907,0
3613,Ishurdi,2003,2,32,14.7,24,76,0.9,2,41907,0
3614,Ishurdi,2003,3,35.5,18.1,73,73,1.1,2.5,41907,0
3615,Ishurdi,2003,4,38.2,23.7,89,74,1.5,3.2,41907,0
3616,Ishurdi,2003,5,40,24.8,58,75,1.4,3.7,41907,0
3617,Ishurdi,2003,6,37.5,25.6,353,85,1.5,5.7,41907,0
3618,Ishurdi,2003,7,35.5,26.4,134,85,1.6,5.8,41907,0
3619,Ishurdi,2003,8,35.5,26.5,87,85,1.4,5.1,41907,0
3620,Ishurdi,2003,9,34.6,25.9,145,87,1,5.8,41907,0
3621,Ishurdi,2003,10,34.5,23.9,134,87,0.8,5,41907,0
3622,Ishurdi,2003,11,32,16.8,0,78,0.4,0.5,41907,0
3623,Ishurdi,2003,12,29,12.9,5,81,0.7,1.4,41907,0
3624,Ishurdi,2004,1,26.6,10.5,0,82,0.9,2.1,41907,0
3625,Ishurdi,2004,2,35,13.2,0,71,0.8,0.5,41907,0
3626,Ishurdi,2004,3,38.2,20.2,0,65,1.4,1.8,41907,0
3627,Ishurdi,2004,4,40.6,23.5,127,74,1.6,3.8,41907,0
3628,Ishurdi,2004,5,41.3,25.3,125,70,1.5,3.3,41907,0
3629,Ishurdi,2004,6,36.5,25.5,292,87,1.4,5.9,41907,0
3630,Ishurdi,2004,7,34.6,26,397,88,1.5,6.6,41907,1
3631,Ishurdi,2004,8,34.5,26.3,156,85,1.6,5.3,41907,0
3632,Ishurdi,2004,9,34.7,25.4,541,88,1.7,6.3,41907,1
3633,Ishurdi,2004,10,34.2,22.5,151,83,0.9,2.9,41907,0
3634,Ishurdi,2004,11,30.5,16.5,0,78,0.5,0.5,41907,0
3635,Ishurdi,2004,12,28.8,14,0,79,0.8,0.8,41907,0
3636,Ishurdi,2005,1,27,11.4,14,82,1,2.1,41907,0
3637,Ishurdi,2005,2,32.5,15.4,3,72,1.3,1.4,41907,0
3638,Ishurdi,2005,3,37,20.1,75,69,1.4,2.6,41907,0
3639,Ishurdi,2005,4,38.5,23.5,13,68,1.6,2.8,41907,0
3640,Ishurdi,2005,5,40,24.5,89,75,1.6,4.2,41907,0
3641,Ishurdi,2005,6,42,26.1,199,79,1.6,5,41907,0
3642,Ishurdi,2005,7,35,26.1,378,86,1.4,6.2,41907,1
3643,Ishurdi,2005,8,36.5,26.5,246,86,1,6.5,41907,0
3644,Ishurdi,2005,9,36,26.1,137,85,0.9,5.4,41907,0
3645,Ishurdi,2005,10,33.8,23.4,664,86,0.8,4.8,41907,1
3646,Ishurdi,2005,11,32.2,17.4,0,81,0.6,1,41907,0
3647,Ishurdi,2005,12,28.4,12.9,1,76,0.9,1.1,41907,0
3648,Ishurdi,2006,1,28,10.4,0,78,0.8,0.5,41907,0
3649,Ishurdi,2006,2,36.4,16.2,0,73,0.7,0.3,41907,0
3650,Ishurdi,2006,3,40,18.5,2,62,0.9,1.6,41907,0
3651,Ishurdi,2006,4,38.4,23.1,74,72,1.1,3.3,41907,0
3652,Ishurdi,2006,5,38.2,24.5,213,77,1.2,4.5,41907,0
3653,Ishurdi,2006,6,37.2,26.1,199,84,1.1,5.6,41907,0
3654,Ishurdi,2006,7,35.5,26.6,233,85,1.6,5.7,41907,0
3655,Ishurdi,2006,8,36.4,26.1,244,85,1.5,5.7,41907,0
3656,Ishurdi,2006,9,36.2,25.6,277,86,1.3,5.3,41907,0
3657,Ishurdi,2006,10,35.5,23.2,4,82,0.6,2.5,41907,0
3658,Ishurdi,2006,11,32,17.7,40,78,0.6,2.6,41907,0
3659,Ishurdi,2006,12,29.8,12.3,0,78,0.6,0.2,41907,0
3660,Ishurdi,2007,1,29.8,9.3,0,75,0.7,0.4,41907,0
3661,Ishurdi,2007,2,31,14.6,35,79,0.7,2.5,41907,0
3662,Ishurdi,2007,3,36.8,16.9,22,65,0.9,1.4,41907,0
3663,Ishurdi,2007,4,40,23.8,30,70,1.3,3.2,41907,0
3664,Ishurdi,2007,5,40.2,24.8,50,73,1,3.3,41907,0
3665,Ishurdi,2007,6,39.5,25.9,269,83,1.2,5.9,41907,0
3666,Ishurdi,2007,7,36.5,25.9,516,87,1.3,6.7,41907,1
3667,Ishurdi,2007,8,37.5,26.6,285,84,1,5.7,41907,0
3668,Ishurdi,2007,9,35.4,26,220,86,0.9,5.7,41907,0
3669,Ishurdi,2007,10,35.4,23.3,131,83,0.6,3.4,41907,0
3670,Ishurdi,2007,11,32.5,18.1,15,80,0.6,1.5,41907,0
3671,Ishurdi,2007,12,28.4,11.4,0,78,0.5,0.5,41907,0
3672,Ishurdi,2008,1,28.6,11.2,37,81,0.7,1.9,41907,0
3673,Ishurdi,2008,2,30.2,11.8,2,75,0.6,1.3,41907,0
3674,Ishurdi,2008,3,36.8,20.4,12,73,1,2.6,41907,0
3675,Ishurdi,2008,4,40.4,23.1,35,70,1.3,2.5,41907,0
3676,Ishurdi,2008,5,37.5,24.4,145,74,1.1,3.7,41907,0
3677,Ishurdi,2008,6,35.8,25.8,206,85,1.3,5.9,41907,0
3678,Ishurdi,2008,7,35,26.1,295,88,1,6.3,41907,0
3679,Ishurdi,2008,8,35,26.4,208,86,1.1,5.6,41907,0
3680,Ishurdi,2008,9,35.2,25.8,256,85,1.1,5.1,41907,0
3681,Ishurdi,2008,10,34.2,22.5,108,84,0.8,3,41907,0
3682,Ishurdi,2008,11,32.8,16.8,0,78,0.4,0.9,41907,0
3683,Ishurdi,2008,12,29.6,14.9,0,85,0.4,2.3,41907,0
3684,Ishurdi,2009,1,27,12.2,0,83,2,0.9,41907,0
3685,Ishurdi,2009,2,33.5,13,4,68,2.5,0.5,41907,0
3686,Ishurdi,2009,3,36.4,18.1,71,64,2.3,2.1,41907,0
3687,Ishurdi,2009,4,40.8,24.1,16,65,2.9,2,41907,0
3688,Ishurdi,2009,5,41.4,24.6,134,77,2.6,4,41907,0
3689,Ishurdi,2009,6,39.5,26.3,73,76,2.5,4.5,41907,0
3690,Ishurdi,2009,7,36.4,26.6,299,84,3,5.8,41907,0
3691,Ishurdi,2009,8,36,26.4,278,86,2.5,6.4,41907,0
3692,Ishurdi,2009,9,35.5,26,350,85,2.7,5.2,41907,1
3693,Ishurdi,2009,10,34.4,22.5,67,81,2.2,3,41907,0
3694,Ishurdi,2009,11,33.5,17.9,0,76,2,2,41907,0
3695,Ishurdi,2009,12,28.5,11.6,0,79,2.2,0.6,41907,0
3696,Ishurdi,2010,1,27.2,9.2,0,81,2.6,1.2,41907,0
3697,Ishurdi,2010,2,33,13.3,3,70,2.5,1.6,41907,0
3698,Ishurdi,2010,3,40.2,20.6,0,61,2.7,1.3,41907,0
3699,Ishurdi,2010,4,42.5,25.6,46,68,3.4,2.8,41907,0
3700,Ishurdi,2010,5,39.7,25.5,100,76,2.8,5.1,41907,0
3701,Ishurdi,2010,6,37.4,26.1,162,84,2.7,6.2,41907,0
3702,Ishurdi,2010,7,36,26.7,175,84,2.7,5.4,41907,0
3703,Ishurdi,2010,8,37.5,26.6,127,84,2.4,5.4,41907,0
3704,Ishurdi,2010,9,35.5,25.8,109,86,2.2,4.5,41907,0
3705,Ishurdi,2010,10,36.4,23.5,105,83,2,3.4,41907,0
3706,Ishurdi,2010,11,33.2,18.5,3,78,1.9,1.4,41907,0
3707,Ishurdi,2010,12,28.8,12,63,79,2,1.5,41907,0
3708,Ishurdi,2011,1,26.8,8.4,4,80,2.3,0.6,41907,0
3709,Ishurdi,2011,2,32.5,12.6,1,72,2.3,0.9,41907,0
3710,Ishurdi,2011,3,38,18.7,30,66,2.9,2,41907,0
3711,Ishurdi,2011,4,37.5,22.1,96,71,2.4,3.6,41907,0
3712,Ishurdi,2011,5,36.3,24.1,155,78,2.4,4.7,41907,0
3713,Ishurdi,2011,6,37.5,26.2,253,82,2.5,6,41907,0
3714,Ishurdi,2011,7,35.8,26.3,289,83,2,5.7,41907,0
3715,Ishurdi,2011,8,35.5,26.1,645,87,2,6.3,41907,1
3716,Ishurdi,2011,9,36.4,26.1,261,85,2.2,5.6,41907,0
3717,Ishurdi,2011,10,35,23.3,2,81,1.8,1.8,41907,0
3718,Ishurdi,2011,11,31.2,16.8,0,80,1.8,0.6,41907,0
3719,Ishurdi,2011,12,30,12.3,0,84,2.1,1.4,41907,0
3720,Ishurdi,2012,1,27.5,11.6,12,79,2.2,2.4,41907,0
3721,Ishurdi,2012,2,32.5,12.4,0,67,2.7,0.6,41907,0
3722,Ishurdi,2012,3,38.8,17.8,5,60,2.2,0.7,41907,0
3723,Ishurdi,2012,4,40.2,23.1,51,68,2.5,3.1,41907,0
3724,Ishurdi,2012,5,41.8,25.7,69,72,2.5,3.1,41907,0
3725,Ishurdi,2012,6,40.8,26.8,177,82,2.5,5.7,41907,0
3726,Ishurdi,2012,7,35.7,26.5,215,88,2.2,6.5,41907,0
3727,Ishurdi,2012,8,35.6,26.7,97,87,2,5.8,41907,0
3728,Ishurdi,2012,9,36.8,26.2,178,87,1.9,5.7,41907,0
3729,Ishurdi,2012,10,34.5,21.7,157,83,1.5,2.6,41907,0
3730,Ishurdi,2012,11,30.8,16.2,86,80,1.7,2.1,41907,0
3731,Ishurdi,2012,12,27.6,11.8,15,87,1.3,1.4,41907,0
3732,Ishurdi,2013,1,27,8.6,1,82,2,0.6,41907,0
3733,Ishurdi,2013,2,31.6,13.1,14,75,2.2,1.4,41907,0
3734,Ishurdi,2013,3,37.2,18.3,0,63,1.9,1.1,41907,0
3735,Ishurdi,2013,4,40,23.1,69,63,2.2,3.1,41907,0
3736,Ishurdi,2013,5,38,24.9,182,82,2.7,6.2,41907,0
3737,Ishurdi,2013,6,36.8,26.7,264,83,1.9,5.9,41907,0
3738,Ishurdi,2013,7,35.5,26.8,130,83,2.4,5.4,41907,0
3739,Ishurdi,2013,8,36.2,26.2,218,86,2.1,6.2,41907,0
3740,Ishurdi,2013,9,35.6,26,121,85,2,5.4,41907,0
3741,Ishurdi,2013,10,34.2,23.6,130,86,2.1,4.6,41907,0
3742,Ishurdi,2013,11,32,15.6,0,78,2.3,0.9,41907,0
3743,Ishurdi,2013,12,29.4,12.2,0,81,2.1,0.5,41907,0
3744,Jessore,1990,1,30.5,11.3,0,78,0.6,0.4,41936,0
3745,Jessore,1990,2,32,15.7,54,75,0.7,3,41936,0
3746,Jessore,1990,3,35.7,18.7,173,77,1.8,3.6,41936,0
3747,Jessore,1990,4,37,23.1,25,76,4.6,3.8,41936,0
3748,Jessore,1990,5,36.6,24.7,162,80,2.6,5.2,41936,0
3749,Jessore,1990,6,35.2,26.5,335,85,3.3,6.2,41936,0
3750,Jessore,1990,7,34,26.1,369,88,2.2,6.8,41936,0
3751,Jessore,1990,8,35,26,137,85,2.7,6,41936,0
3752,Jessore,1990,9,35.5,25.6,196,88,2.3,6.2,41936,0
3753,Jessore,1990,10,34.4,22,99,84,1.4,4.2,41936,0
3754,Jessore,1990,11,33.2,18.5,126,80,0.7,2.9,41936,0
3755,Jessore,1990,12,30.2,11.8,10,79,0.6,1.3,41936,0
3756,Jessore,1991,1,29.3,10.8,24,78,0.5,1.6,41936,0
3757,Jessore,1991,2,35.2,15.3,10,74,0.8,1.2,41936,0
3758,Jessore,1991,3,38.5,20.6,31,72,1.2,2.3,41936,0
3759,Jessore,1991,4,38.2,23.5,54,71,2.7,3.2,41936,0
3760,Jessore,1991,5,38.4,25.8,186,77,5.5,5.6,41936,0
3761,Jessore,1991,6,36,25.8,407,86,2.5,6.3,41936,1
3762,Jessore,1991,7,36,26.2,220,86,3,6.4,41936,0
3763,Jessore,1991,8,36,26.1,543,87,2.2,6.3,41936,1
3764,Jessore,1991,9,35,25.6,216,88,1.3,6.4,41936,0
3765,Jessore,1991,10,35,23.1,285,86,0.6,4.3,41936,0
3766,Jessore,1991,11,31.6,16.3,0,78,0.3,2.1,41936,0
3767,Jessore,1991,12,28.6,12.4,76,81,0.4,2,41936,0
3768,Jessore,1992,1,28.3,11.3,27,82,0.4,0.8,41936,0
3769,Jessore,1992,2,30.5,14.7,77,76,0.7,2.1,41936,0
3770,Jessore,1992,3,37.2,20.5,0,68,1.5,1.9,41936,0
3771,Jessore,1992,4,41.8,24,1,65,2.7,2.6,41936,0
3772,Jessore,1992,5,39.6,23.9,223,77,3.3,4,41936,0
3773,Jessore,1992,6,37,25.8,303,81,3,5.2,41936,0
3774,Jessore,1992,7,35.5,25.5,307,88,3.1,6.4,41936,0
3775,Jessore,1992,8,34.8,25.8,152,87,2.3,5.9,41936,0
3776,Jessore,1992,9,35.5,24.9,204,86,1.9,5.2,41936,0
3777,Jessore,1992,10,34.6,22.4,36,84,0.8,3.4,41936,0
3778,Jessore,1992,11,34.2,17,3,78,0.4,2.4,41936,0
3779,Jessore,1992,12,28.5,11.4,0,78,0.3,0.3,41936,0
3780,Jessore,1993,1,29.2,10.9,0,76,0.3,1,41936,0
3781,Jessore,1993,2,35,15.6,33,73,1.1,1,41936,0
3782,Jessore,1993,3,38,17.7,115,67,1.2,1.7,41936,0
3783,Jessore,1993,4,38,22.8,147,74,2.1,3.9,41936,0
3784,Jessore,1993,5,35.8,24.6,132,81,3.2,4.1,41936,0
3785,Jessore,1993,6,36.1,25.6,437,85,3.4,5.7,41936,1
3786,Jessore,1993,7,35.5,26.2,327,87,2.4,5.8,41936,0
3787,Jessore,1993,8,34.8,26.2,213,88,1.9,6.5,41936,0
3788,Jessore,1993,9,35.6,25.2,336,88,1.7,6,41936,1
3789,Jessore,1993,10,35.3,23.1,58,86,0.7,3.7,41936,0
3790,Jessore,1993,11,31.8,18.1,4,81,0.2,1.3,41936,0
3791,Jessore,1993,12,29.8,12.8,0,78,0.2,1.2,41936,0
3792,Jessore,1994,1,30.5,11.3,10,74,0.5,0.9,41936,0
3793,Jessore,1994,2,31.8,13.7,31,74,0.6,1.4,41936,0
3794,Jessore,1994,3,38.6,20.3,1,67,2,1.9,41936,0
3795,Jessore,1994,4,39.3,23,51,69,2.1,3.5,41936,0
3796,Jessore,1994,5,41.7,25.5,175,74,3.3,4.3,41936,0
3797,Jessore,1994,6,36.9,26.2,365,85,2.7,6.3,41936,1
3798,Jessore,1994,7,35,26.2,225,86,2.5,6.6,41936,0
3799,Jessore,1994,8,34.5,25.9,253,86,2.1,6.5,41936,0
3800,Jessore,1994,9,36.6,25,83,81,1.6,5,41936,0
3801,Jessore,1994,10,35.4,23,64,77,0.5,3.3,41936,0
3802,Jessore,1994,11,32.4,17.8,2,76,0.3,2.8,41936,0
3803,Jessore,1994,12,30.7,11.5,0,70,0.2,0.7,41936,0
3804,Jessore,1995,1,27.5,10.1,17,71,0.6,1.5,41936,0
3805,Jessore,1995,2,31.6,14.2,25,74,0.9,2.1,41936,0
3806,Jessore,1995,3,38.5,18.4,18,63,1.2,2.1,41936,0
3807,Jessore,1995,4,42.7,24.3,5,67,3,2.8,41936,0
3808,Jessore,1995,5,40.2,26.9,88,74,4.6,4.8,41936,0
3809,Jessore,1995,6,37.2,26.7,196,83,3.3,6.2,41936,0
3810,Jessore,1995,7,34.5,26.1,279,87,2.5,6.5,41936,0
3811,Jessore,1995,8,34,26.1,288,85,2.6,6.4,41936,0
3812,Jessore,1995,9,34.8,25.8,270,86,2.4,6.2,41936,0
3813,Jessore,1995,10,35,23.5,95,82,0.7,3.6,41936,0
3814,Jessore,1995,11,33.7,18.6,113,78,1,2.8,41936,0
3815,Jessore,1995,12,29.2,12.3,3,75,0.3,0.4,41936,0
3816,Jessore,1996,1,28.6,11.5,39,80,0.5,0.9,41936,0
3817,Jessore,1996,2,31.5,14.2,20,76,0.6,1.4,41936,0
3818,Jessore,1996,3,36.5,21.1,22,71,1.8,2.3,41936,0
3819,Jessore,1996,4,41.4,22.8,90,73,1.6,3.2,41936,0
3820,Jessore,1996,5,39.4,25.2,146,77,3.2,4.6,41936,0
3821,Jessore,1996,6,36.2,25.2,350,85,2,5.6,41936,0
3822,Jessore,1996,7,34.8,26.1,271,88,1.5,6.3,41936,0
3823,Jessore,1996,8,34.3,25.7,380,89,1.2,6.3,41936,0
3824,Jessore,1996,9,37,25.5,195,87,0.6,5.2,41936,0
3825,Jessore,1996,10,34.8,22.3,257,84,0.7,2.8,41936,0
3826,Jessore,1996,11,33.8,17,5,80,0.1,1.1,41936,0
3827,Jessore,1996,12,28.6,12.1,0,78,0.3,1.4,41936,0
3828,Jessore,1997,1,28,10.2,9,77,0.4,1.1,41936,0
3829,Jessore,1997,2,30.4,14.2,39,76,0.6,1.2,41936,0
3830,Jessore,1997,3,36,20.6,51,76,1,2.3,41936,0
3831,Jessore,1997,4,37.1,21.2,64,76,1.7,3.8,41936,0
3832,Jessore,1997,5,39.8,24.4,116,75,2.7,4.3,41936,0
3833,Jessore,1997,6,37.2,25.3,231,84,3.1,5.8,41936,0
3834,Jessore,1997,7,35.4,26.2,406,89,1.8,6.2,41936,1
3835,Jessore,1997,8,36.6,26.2,227,88,1.9,6.2,41936,0
3836,Jessore,1997,9,35,25.3,361,89,1,5.6,41936,0
3837,Jessore,1997,10,34.8,21.6,15,81,0.3,2.4,41936,0
3838,Jessore,1997,11,34,18.6,14,80,0.2,1.9,41936,0
3839,Jessore,1997,12,30,13.3,20,84,0.5,2.5,41936,0
3840,Jessore,1998,1,28,11,44,83,0.4,2.8,41936,0
3841,Jessore,1998,2,31.4,15.5,26,78,0.4,2.1,41936,0
3842,Jessore,1998,3,35,17.4,141,73,0.9,2.6,41936,0
3843,Jessore,1998,4,36.4,23.1,130,79,1.5,3.6,41936,0
3844,Jessore,1998,5,38.2,25.6,216,80,1.8,4.9,41936,0
3845,Jessore,1998,6,38.8,27.4,163,83,2.8,5.3,41936,0
3846,Jessore,1998,7,35.4,26.7,181,87,1.2,6.3,41936,1
3847,Jessore,1998,8,35,26.5,209,88,0.9,6,41936,1
3848,Jessore,1998,9,37,25.7,174,86,0.7,4.8,41936,1
3849,Jessore,1998,10,36.5,24.7,88,85,0.3,3.8,41936,0
3850,Jessore,1998,11,34.2,20.2,118,83,0.5,2.5,41936,0
3851,Jessore,1998,12,30.4,13.3,0,81,0.3,0.1,41936,0
3852,Jessore,1999,1,30,11.2,0,78,0.7,0.6,41936,0
3853,Jessore,1999,2,34,15.2,0,73,1,0.7,41936,0
3854,Jessore,1999,3,38.4,19.9,0,67,1.8,1,41936,0
3855,Jessore,1999,4,41,25.1,22,73,3.3,2.8,41936,0
3856,Jessore,1999,5,39.2,25.5,141,78,3.4,5.2,41936,0
3857,Jessore,1999,6,38.4,26.1,244,83,3,5.8,41936,0
3858,Jessore,1999,7,35,25.8,356,89,2.6,6.5,41936,1
3859,Jessore,1999,8,35.2,25.9,251,88,2.3,6.5,41936,0
3860,Jessore,1999,9,34.9,25.5,301,88,1.8,6.2,41936,0
3861,Jessore,1999,10,34.4,24.2,151,86,0.9,5.2,41936,1
3862,Jessore,1999,11,33.4,17.8,1,80,0.7,1.4,41936,0
3863,Jessore,1999,12,29.8,13.7,0,79,0.6,0.5,41936,0
3864,Jessore,2000,1,29.8,11.2,1,79,0.6,0.9,41936,0
3865,Jessore,2000,2,29.8,14.7,19,73,1,3.2,41936,0
3866,Jessore,2000,3,36.4,19,7,70,1.9,2.3,41936,0
3867,Jessore,2000,4,39.2,23.8,74,75,4.1,4,41936,0
3868,Jessore,2000,5,38.2,24.9,164,80,3.2,5.3,41936,0
3869,Jessore,2000,6,36.4,25.7,209,84,3.2,6,41936,0
3870,Jessore,2000,7,36.6,26,486,86,2.3,6.2,41936,1
3871,Jessore,2000,8,37,26,239,85,2,6.1,41936,0
3872,Jessore,2000,9,35.2,25.2,467,87,1.4,5.7,41936,1
3873,Jessore,2000,10,35.2,23.9,145,86,1,4.1,41936,0
3874,Jessore,2000,11,33.5,18.3,0,81,0.3,0.9,41936,0
3875,Jessore,2000,12,28.2,11.6,0,79,0.2,0.2,41936,0
3876,Jessore,2001,1,28.6,9.5,0,77,0.5,0.5,41936,0
3877,Jessore,2001,2,33.4,14.1,0,73,0.7,1.2,41936,0
3878,Jessore,2001,3,36.6,19.5,56,71,1.1,2.1,41936,0
3879,Jessore,2001,4,39.5,23.5,29,75,2.5,3.4,41936,0
3880,Jessore,2001,5,37.2,24.2,317,80,2,5.1,41936,0
3881,Jessore,2001,6,34.4,25.7,498,88,2.2,6.6,41936,1
3882,Jessore,2001,7,34.4,26.3,317,87,2.6,6.6,41936,0
3883,Jessore,2001,8,35.8,26.4,109,85,1.6,6.2,41936,0
3884,Jessore,2001,9,36,25.6,137,86,0.8,5.6,41936,0
3885,Jessore,2001,10,36.2,23.9,134,86,0.5,4.4,41936,0
3886,Jessore,2001,11,33,19.4,14,83,0.1,2.3,41936,0
3887,Jessore,2001,12,30.4,12.1,0,81,0.1,0.8,41936,0
3888,Jessore,2002,1,29,12.2,18,79,0.3,1.4,41936,0
3889,Jessore,2002,2,33.5,14.1,0,70,0.6,0.9,41936,0
3890,Jessore,2002,3,39,19.5,22,69,1.3,2.2,41936,0
3891,Jessore,2002,4,36.5,23.2,161,77,3.5,4.1,41936,0
3892,Jessore,2002,5,41.8,25,264,79,2.6,4.9,41936,0
3893,Jessore,2002,6,37.4,25.9,535,86,2.2,6.1,41936,1
3894,Jessore,2002,7,37.2,26.7,524,86,1.6,6.3,41936,1
3895,Jessore,2002,8,35,26.1,231,87,1.5,6.2,41936,0
3896,Jessore,2002,9,35.6,25.4,221,87,1.3,5.6,41936,0
3897,Jessore,2002,10,36.2,22.5,32,84,0.3,2.9,41936,0
3898,Jessore,2002,11,33.2,18,112,83,0.5,2.4,41936,0
3899,Jessore,2002,12,31,13.2,0,83,0.2,0.7,41936,0
3900,Jessore,2003,1,27.4,9.3,0,82,0.5,1.1,41936,0
3901,Jessore,2003,2,33,15.7,5,76,0.7,1.8,41936,0
3902,Jessore,2003,3,35.4,18.7,119,76,1.1,2.4,41936,0
3903,Jessore,2003,4,38,24,49,77,2.3,3.7,41936,0
3904,Jessore,2003,5,40.8,25,72,74,2.8,3.7,41936,0
3905,Jessore,2003,6,39.6,25.9,404,84,2.7,6.3,41936,1
3906,Jessore,2003,7,35.8,26.2,427,85,2.4,6.2,41936,1
3907,Jessore,2003,8,36,26.2,177,84,1.7,5.7,41936,0
3908,Jessore,2003,9,35.1,25.7,148,87,1,5.8,41936,0
3909,Jessore,2003,10,35.4,24,466,88,0.7,5.4,41936,1
3910,Jessore,2003,11,33,17,0,80,0.1,0.4,41936,0
3911,Jessore,2003,12,29.2,13.2,25,83,0.3,1.5,41936,0
3912,Jessore,2004,1,28.5,11.4,3,84,0.6,1.8,41936,0
3913,Jessore,2004,2,35.4,13.7,0,74,0.6,0.6,41936,0
3914,Jessore,2004,3,37.8,20.4,9,73,2,2,41936,0
3915,Jessore,2004,4,38,23.5,70,77,3.4,4.3,41936,0
3916,Jessore,2004,5,41.4,25.3,138,73,2.8,3.6,41936,0
3917,Jessore,2004,6,37.4,25.4,305,85,1.7,5.9,41936,0
3918,Jessore,2004,7,36.4,25.8,398,86,2.4,6.3,41936,1
3919,Jessore,2004,8,35.4,25.9,347,87,2.1,6.2,41936,0
3920,Jessore,2004,9,35,25.3,917,88,1.7,6.1,41936,1
3921,Jessore,2004,10,35,22.5,257,84,0.8,3.4,41936,0
3922,Jessore,2004,11,33.7,16.3,0,80,0.1,0.4,41936,0
3923,Jessore,2004,12,29.6,13.9,0,83,0.3,0.7,41936,0
3924,Jessore,2005,1,29.2,11.8,33,82,0.4,1.6,41936,0
3925,Jessore,2005,2,33.2,15.9,16,76,0.8,1.3,41936,0
3926,Jessore,2005,3,37.4,20.5,129,75,1.7,2.8,41936,0
3927,Jessore,2005,4,40.5,23.7,31,74,2.3,2.7,41936,0
3928,Jessore,2005,5,39.8,25.5,59,76,2.8,3.9,41936,0
3929,Jessore,2005,6,41.8,26.6,141,80,2.3,4.6,41936,0
3930,Jessore,2005,7,35.4,25.8,546,87,1.9,6,41936,1
3931,Jessore,2005,8,36.5,26.1,115,86,1.1,5.8,41936,0
3932,Jessore,2005,9,36,25.8,194,85,1.4,5.4,41936,0
3933,Jessore,2005,10,35.6,23.5,412,88,0.8,4.6,41936,1
3934,Jessore,2005,11,32.5,16.7,2,81,0.2,1,41936,0
3935,Jessore,2005,12,29.8,12.6,0,79,0.2,0.8,41936,0
3936,Jessore,2006,1,31,10.3,0,78,0.3,0.7,41936,0
3937,Jessore,2006,2,37.8,16.8,0,75,0.3,0.3,41936,0
3938,Jessore,2006,3,41,19.1,1,69,0.6,1.4,41936,0
3939,Jessore,2006,4,40.5,24.2,52,74,2.8,3.4,41936,0
3940,Jessore,2006,5,38.8,24.6,302,78,2,3.7,41936,0
3941,Jessore,2006,6,38.2,26.5,214,85,1.5,5.3,41936,0
3942,Jessore,2006,7,35.6,26.2,455,88,2.4,5.9,41936,1
3943,Jessore,2006,8,36.4,26,316,86,2.6,5.8,41936,0
3944,Jessore,2006,9,36,25.7,400,87,1.7,5.4,41936,1
3945,Jessore,2006,10,35.5,23.4,16,83,0.2,2.8,41936,0
3946,Jessore,2006,11,32.6,17.9,13,81,0.1,1.9,41936,0
3947,Jessore,2006,12,30,12.1,0,80,0.1,0.2,41936,0
3948,Jessore,2007,1,31.2,9.9,0,78,0.3,0.4,41936,0
3949,Jessore,2007,2,32,15.7,66,81,0.5,1.9,41936,0
3950,Jessore,2007,3,37,17.9,21,71,1,1.4,41936,0
3951,Jessore,2007,4,39.2,24,62,75,2.6,2.8,41936,0
3952,Jessore,2007,5,39.7,25.5,159,76,1.5,3.3,41936,0
3953,Jessore,2007,6,38.7,26.3,289,82,2.9,5.4,41936,0
3954,Jessore,2007,7,36.2,26.1,735,88,2.1,6,41936,1
3955,Jessore,2007,8,35.9,26.3,299,85,1.5,5.3,41936,0
3956,Jessore,2007,9,36.2,25.9,259,86,1.5,5.6,41936,0
3957,Jessore,2007,10,36,23,116,83,0.3,3.1,41936,0
3958,Jessore,2007,11,32.6,18.9,113,83,0.3,1.2,41936,1
3959,Jessore,2007,12,29.2,11.2,0,80,0,0.3,41936,0
3960,Jessore,2008,1,29.8,11.2,70,80,0.4,1.4,41936,0
3961,Jessore,2008,2,31,13.1,35,76,0.4,1.2,41936,0
3962,Jessore,2008,3,36.8,20.8,37,77,1.2,2.7,41936,0
3963,Jessore,2008,4,40,23.3,39,76,1.9,2.3,41936,0
3964,Jessore,2008,5,38.6,24.2,208,76,2.1,4,41936,0
3965,Jessore,2008,6,37.2,25.7,242,84,2.5,5.8,41936,0
3966,Jessore,2008,7,34.4,26,459,88,1.8,6,41936,1
3967,Jessore,2008,8,35.6,26.1,204,86,1.7,5.1,41936,0
3968,Jessore,2008,9,35.8,25.4,415,87,1.5,4.9,41936,1
3969,Jessore,2008,10,35.5,22.3,179,84,0.7,2.5,41936,0
3970,Jessore,2008,11,32.8,16.9,0,80,0.1,0.7,41936,0
3971,Jessore,2008,12,30.7,14.6,0,85,0,1.2,41936,0
3972,Jessore,2009,1,30,12.8,0,81,1.4,0.4,41936,0
3973,Jessore,2009,2,35.2,14.3,2,74,3.3,0.2,41936,0
3974,Jessore,2009,3,36.8,18.7,31,70,4.8,1.6,41936,0
3975,Jessore,2009,4,42.8,24.5,15,71,8.3,1.5,41936,0
3976,Jessore,2009,5,43.2,25.3,166,76,5.3,3.8,41936,0
3977,Jessore,2009,6,38.3,26.5,175,78,6.3,4,41936,0
3978,Jessore,2009,7,36.4,26,523,84,5.1,5.3,41936,1
3979,Jessore,2009,8,36,25.7,435,87,5.3,5.3,41936,1
3980,Jessore,2009,9,36.4,25.6,165,84,6,4.2,41936,0
3981,Jessore,2009,10,35.2,22,69,81,1.3,2.1,41936,0
3982,Jessore,2009,11,34.4,17.5,3,78,1.2,1.3,41936,0
3983,Jessore,2009,12,30.3,11.1,0,79,2.3,0.4,41936,0
3984,Jessore,2010,1,28.5,9.8,0,78,5.4,0.7,41936,0
3985,Jessore,2010,2,34.2,14.2,6,71,5.1,1.2,41936,0
3986,Jessore,2010,3,38.8,21.8,0,69,7.4,1.5,41936,0
3987,Jessore,2010,4,40.6,26.2,12,71,9.6,2.4,41936,0
3988,Jessore,2010,5,37.8,25.6,142,76,5,4.1,41936,0
3989,Jessore,2010,6,37.4,26.6,367,82,5,5.4,41936,0
3990,Jessore,2010,7,35.6,26.7,215,81,5.3,5.1,41936,0
3991,Jessore,2010,8,36.5,26.5,209,82,5.7,4.7,41936,0
3992,Jessore,2010,9,35.4,25.7,195,84,6.7,4.6,41936,0
3993,Jessore,2010,10,38.6,23.8,189,82,3.2,3.4,41936,0
3994,Jessore,2010,11,34.4,18.9,12,79,2.7,1.4,41936,0
3995,Jessore,2010,12,29.4,11.8,62,79,3.1,1.2,41936,0
3996,Jessore,2011,1,28.6,9.3,0,78,5.6,0.4,41936,0
3997,Jessore,2011,2,32.8,14,0,71,5.6,0.7,41936,0
3998,Jessore,2011,3,35.8,19.2,34,70,8.6,2.3,41936,0
3999,Jessore,2011,4,37.4,22.4,33,73,6.8,2.9,41936,0
4000,Jessore,2011,5,37.8,25,132,76,7.6,4.2,41936,0
4001,Jessore,2011,6,39.4,26.1,314,82,8,5.5,41936,0
4002,Jessore,2011,7,35.8,26.2,296,82,7.5,5.2,41936,0
4003,Jessore,2011,8,35.6,26,306,87,6.3,6.2,41936,0
4004,Jessore,2011,9,36.9,25.6,227,85,6.9,5.3,41936,0
4005,Jessore,2011,10,36.2,23.2,18,79,3.7,2,41936,0
4006,Jessore,2011,11,32.6,16.7,1,79,1.8,0.5,41936,0
4007,Jessore,2011,12,31,12.1,0,82,2.6,0.9,41936,0
4008,Jessore,2012,1,29.6,11.8,31,80,4.7,1.8,41936,0
4009,Jessore,2012,2,34.4,13.2,4,72,4.8,0.6,41936,0
4010,Jessore,2012,3,39.6,19.7,5,68,9,1,41936,0
4011,Jessore,2012,4,39.3,23.3,82,73,7.9,2.8,41936,0
4012,Jessore,2012,5,40.2,25.8,36,69,7.9,2.6,41936,0
4013,Jessore,2012,6,40.8,27.2,221,77,8.6,4.7,41936,0
4014,Jessore,2012,7,35.8,26.7,334,85,8,5.3,41936,0
4015,Jessore,2012,8,35.3,26.4,187,84,6.7,5.3,41936,0
4016,Jessore,2012,9,36,25.9,271,85,5.5,4.6,41936,0
4017,Jessore,2012,10,35.2,22.2,71,82,4,2.3,41936,0
4018,Jessore,2012,11,32.4,16.8,61,79,2.4,1.7,41936,0
4019,Jessore,2012,12,29.7,12,2,81,3,0.9,41936,0
4020,Jessore,2013,1,29.2,9.3,6,77,3.7,0.3,41936,0
4021,Jessore,2013,2,33.2,13.6,15,71,5.2,1.2,41936,0
4022,Jessore,2013,3,37.8,19.6,8,66,5.9,1.2,41936,0
4023,Jessore,2013,4,39.2,23.6,63,67,6.8,2.4,41936,0
4024,Jessore,2013,5,37.6,25.3,278,80,11.2,5.2,41936,0
4025,Jessore,2013,6,36.4,26.5,203,81,5.9,4.4,41936,0
4026,Jessore,2013,7,35.4,26.5,249,83,7.4,5.3,41936,0
4027,Jessore,2013,8,36.2,26,309,85,6.8,5.4,41936,0
4028,Jessore,2013,9,35.8,25.9,322,85,5.5,4.6,41936,0
4029,Jessore,2013,10,35,23.9,223,85,4.1,4.3,41936,0
4030,Jessore,2013,11,32.8,16.1,0,76,3.4,0.4,41936,0
4031,Jessore,2013,12,29.8,13.1,0,78,3.1,0.6,41936,0
4032,Khepupara,1990,1,28.8,14.1,0,78,0.8,0.4,41984,0
4033,Khepupara,1990,2,31.5,18.7,121,81,1.1,2.9,41984,0
4034,Khepupara,1990,3,31.8,20.4,139,81,1.7,4,41984,0
4035,Khepupara,1990,4,32.8,24.8,99,80,3.2,4.1,41984,0
4036,Khepupara,1990,5,35,25.6,285,81,1.4,4.8,41984,0
4037,Khepupara,1990,6,33.6,26.8,317,86,2.3,6.5,41984,0
4038,Khepupara,1990,7,32,25.8,1049,89,2.2,6.8,41984,1
4039,Khepupara,1990,8,34.3,26.1,299,85,2.3,5.2,41984,0
4040,Khepupara,1990,9,32.4,26,503,86,1.6,5.7,41984,1
4041,Khepupara,1990,10,33.5,23.8,262,83,1.1,3.8,41984,0
4042,Khepupara,1990,11,32,21.5,98,81,0.8,3.2,41984,0
4043,Khepupara,1990,12,28.8,15.7,40,76,0.9,1.2,41984,0
4044,Khepupara,1991,1,29.2,14,8,76,0.8,1.5,41984,0
4045,Khepupara,1991,2,33.6,18.4,0,75,1,0.6,41984,0
4046,Khepupara,1991,3,36.4,23.1,3,74,1.7,1.9,41984,0
4047,Khepupara,1991,4,36.4,25.5,199,77,2.8,3.3,41984,0
4048,Khepupara,1991,5,36,26.5,117,82,5.4,5.5,41984,0
4049,Khepupara,1991,6,33.6,26.1,817,87,3.2,6.6,41984,1
4050,Khepupara,1991,7,32.8,26.5,569,85,4.5,6.3,41984,1
4051,Khepupara,1991,8,35,26.2,512,87,3.4,6.8,41984,1
4052,Khepupara,1991,9,32.8,26.2,231,86,1.5,5.9,41984,0
4053,Khepupara,1991,10,33.5,24.7,566,86,0.9,4,41984,1
4054,Khepupara,1991,11,29.8,19.3,12,79,0.5,2.4,41984,0
4055,Khepupara,1991,12,29.5,15.1,49,76,0.7,1.4,41984,0
4056,Khepupara,1992,1,29,13.3,2,77,0.5,0.5,41984,0
4057,Khepupara,1992,2,28.9,17,126,77,1.3,2,41984,0
4058,Khepupara,1992,3,35,23.2,0,79,2.6,1.6,41984,0
4059,Khepupara,1992,4,37.5,25.6,60,78,3.6,2.8,41984,0
4060,Khepupara,1992,5,34.6,24.6,226,80,3.3,4.2,41984,0
4061,Khepupara,1992,6,34.8,26.3,360,82,3.1,5.1,41984,0
4062,Khepupara,1992,7,32,25.8,480,87,3.1,6.8,41984,1
4063,Khepupara,1992,8,33,26,363,85,2.7,6,41984,0
4064,Khepupara,1992,9,34.5,25.7,417,85,2.2,5,41984,1
4065,Khepupara,1992,10,34,24.2,315,84,0.9,3.4,41984,0
4066,Khepupara,1992,11,33.5,20.1,4,81,0.6,3,41984,0
4067,Khepupara,1992,12,27.8,14.2,6,76,0.7,0.5,41984,0
4068,Khepupara,1993,1,28.5,14.2,9,75,0.8,0.8,41984,0
4069,Khepupara,1993,2,30.3,17.4,33,75,2,1.4,41984,0
4070,Khepupara,1993,3,34.5,20,362,71,2,1.7,41984,0
4071,Khepupara,1993,4,35,24.3,88,78,2.8,3.5,41984,0
4072,Khepupara,1993,5,34,25.1,223,82,3.5,5,41984,0
4073,Khepupara,1993,6,33.2,25.5,635,86,4.8,6.2,41984,1
4074,Khepupara,1993,7,32,26,308,87,4.1,6.3,41984,0
4075,Khepupara,1993,8,31.9,25.8,493,88,3.3,6.2,41984,1
4076,Khepupara,1993,9,33.5,25.1,276,88,2.3,5.7,41984,0
4077,Khepupara,1993,10,33.5,24.2,202,85,0.7,3.6,41984,0
4078,Khepupara,1993,11,30.6,20,25,83,0.4,1.2,41984,0
4079,Khepupara,1993,12,29,15.8,0,76,0.8,1.2,41984,0
4080,Khepupara,1994,1,29.4,14.2,1,69,1.1,0.4,41984,0
4081,Khepupara,1994,2,31.5,16.5,2,70,1,1.1,41984,0
4082,Khepupara,1994,3,33,22.7,100,74,3,2.3,41984,0
4083,Khepupara,1994,4,36.5,24.1,228,76,2.4,3.1,41984,0
4084,Khepupara,1994,5,36,26.2,177,80,2.5,4.1,41984,0
4085,Khepupara,1994,6,35.2,25.9,671,87,3.1,6.1,41984,1
4086,Khepupara,1994,7,32.5,25.8,457,87,3.5,6.6,41984,1
4087,Khepupara,1994,8,32,25.8,494,87,3.8,6.2,41984,1
4088,Khepupara,1994,9,34.1,25.8,109,83,2.4,4.1,41984,0
4089,Khepupara,1994,10,34,24.2,172,81,0.5,3.1,41984,0
4090,Khepupara,1994,11,32.5,20.3,28,75,0.6,2.6,41984,0
4091,Khepupara,1994,12,29.2,14.7,0,66,0.5,0.4,41984,0
4092,Khepupara,1995,1,28.9,13,0,65,0.9,1.6,41984,0
4093,Khepupara,1995,2,31,16.7,14,72,0.9,1.6,41984,0
4094,Khepupara,1995,3,36.9,21.1,1,67,1.1,0.9,41984,0
4095,Khepupara,1995,4,36.6,25.9,6,73,2.3,2.2,41984,0
4096,Khepupara,1995,5,35.5,27.4,643,79,2.7,4.6,41984,1
4097,Khepupara,1995,6,34.5,26.8,546,86,2.3,5.6,41984,1
4098,Khepupara,1995,7,33.5,26.1,448,88,2.9,5.8,41984,1
4099,Khepupara,1995,8,33.5,26.3,397,87,3.1,5.5,41984,0
4100,Khepupara,1995,9,33.3,25.9,338,87,2.4,5.4,41984,0
4101,Khepupara,1995,10,33.6,24.9,273,84,0.6,3.4,41984,0
4102,Khepupara,1995,11,32,21.1,508,82,1.6,3.1,41984,1
4103,Khepupara,1995,12,30,15.1,0,69,0.6,0.1,41984,0
4104,Khepupara,1996,1,29.3,14.3,0,75,0.7,0.5,41984,0
4105,Khepupara,1996,2,31.4,16.8,32,75,1.4,1.2,41984,0
4106,Khepupara,1996,3,34.8,23.7,5,79,2.9,2.6,41984,0
4107,Khepupara,1996,4,37.2,24.6,67,78,2.4,2.8,41984,0
4108,Khepupara,1996,5,35.6,26.4,174,81,4,4.1,41984,0
4109,Khepupara,1996,6,34.3,25.9,621,86,3.3,5,41984,1
4110,Khepupara,1996,7,32.6,26.3,684,88,3.3,5.8,41984,1
4111,Khepupara,1996,8,32,25.4,899,91,2.7,5.9,41984,1
4112,Khepupara,1996,9,36.4,25.9,178,87,1.3,4.9,41984,0
4113,Khepupara,1996,10,34.3,24.3,401,84,1,3,41984,1
4114,Khepupara,1996,11,32.5,19.9,0,81,0.5,1.5,41984,0
4115,Khepupara,1996,12,29.2,15.6,0,75,0.7,1.4,41984,0
4116,Khepupara,1997,1,27.2,13,1,72,0.8,0.8,41984,0
4117,Khepupara,1997,2,29.9,16.5,72,79,0.8,1.4,41984,0
4118,Khepupara,1997,3,33.7,22.1,72,82,1.6,2.5,41984,0
4119,Khepupara,1997,4,33.6,21.6,187,81,1.5,3.5,41984,0
4120,Khepupara,1997,5,34,24.9,304,83,2.6,3.8,41984,0
4121,Khepupara,1997,6,35,26.6,246,86,2.9,5.3,41984,0
4122,Khepupara,1997,7,32.8,26.1,920,90,2.4,6.3,41984,1
4123,Khepupara,1997,8,34.6,26.3,354,87,3.1,5.6,41984,0
4124,Khepupara,1997,9,33.5,25.5,666,88,1.4,5.6,41984,1
4125,Khepupara,1997,10,33.6,23.3,37,82,0.4,2.2,41984,0
4126,Khepupara,1997,11,32.8,20.9,13,81,0.3,2.3,41984,0
4127,Khepupara,1997,12,29.6,15.5,9,77,0.7,2,41984,0
4128,Khepupara,1998,1,28.7,13.6,19,81,0.7,1.4,41984,0
4129,Khepupara,1998,2,30.8,16.8,40,78,0.6,2,41984,0
4130,Khepupara,1998,3,33.1,20,108,75,1.3,2.4,41984,0
4131,Khepupara,1998,4,34.4,23.8,162,80,1.8,3.6,41984,0
4132,Khepupara,1998,5,37,26.3,231,82,2.7,4.6,41984,0
4133,Khepupara,1998,6,34.8,27.8,202,85,3.7,5.4,41984,0
4134,Khepupara,1998,7,32.6,26.3,946,89,3,6.7,41984,1
4135,Khepupara,1998,8,33.7,26,684,89,2.2,6.5,41984,1
4136,Khepupara,1998,9,35.5,26.1,355,88,1.1,5,41984,0
4137,Khepupara,1998,10,35.7,25.4,411,87,0.7,3.6,41984,1
4138,Khepupara,1998,11,33.5,22.1,59,83,0.9,2.6,41984,0
4139,Khepupara,1998,12,30.5,15.7,0,78,0.5,0.2,41984,0
4140,Khepupara,1999,1,30,13.4,0,76,0.6,0.5,41984,0
4141,Khepupara,1999,2,34,16.9,0,73,0.8,0.9,41984,0
4142,Khepupara,1999,3,35.6,22.1,1,77,1.5,1,41984,0
4143,Khepupara,1999,4,34.6,26,27,78,2.9,2.5,41984,0
4144,Khepupara,1999,5,35,25.6,458,84,2.9,4.9,41984,1
4145,Khepupara,1999,6,36.2,26.1,734,87,2.6,5.8,41984,1
4146,Khepupara,1999,7,32.2,25.9,768,90,2.6,6.4,41984,1
4147,Khepupara,1999,8,32.6,25.6,535,89,2.8,6.5,41984,1
4148,Khepupara,1999,9,34.2,25.3,520,90,1.9,5.9,41984,1
4149,Khepupara,1999,10,33.4,24.6,260,88,1.6,4.9,41984,0
4150,Khepupara,1999,11,32,19.7,5,80,0.6,0.9,41984,0
4151,Khepupara,1999,12,29.8,15.9,6,79,0.5,0.9,41984,0
4152,Khepupara,2000,1,29.7,14.1,26,78,1,0.8,41984,0
4153,Khepupara,2000,2,29,16.2,13,74,1,2.5,41984,0
4154,Khepupara,2000,3,35,21.5,2,76,2.4,1.9,41984,0
4155,Khepupara,2000,4,34.2,24.7,109,79,4.2,3.1,41984,0
4156,Khepupara,2000,5,36.5,25.6,470,84,2.8,5.4,41984,1
4157,Khepupara,2000,6,34,26,419,87,3,6.1,41984,1
4158,Khepupara,2000,7,33.5,26,797,88,2.3,6,41984,1
4159,Khepupara,2000,8,33.4,26.1,411,87,2.7,6.2,41984,1
4160,Khepupara,2000,9,34.5,25.8,360,88,1.3,5.6,41984,0
4161,Khepupara,2000,10,34.5,24.6,259,87,1,3.5,41984,0
4162,Khepupara,2000,11,32.5,20.2,19,82,0.5,1,41984,0
4163,Khepupara,2000,12,28.8,14.7,0,76,0.5,0.2,41984,0
4164,Khepupara,2001,1,29.3,12.1,0,74,0.6,0.1,41984,0
4165,Khepupara,2001,2,32.2,17,41,77,1,1,41984,0
4166,Khepupara,2001,3,35.8,21.3,1,74,1.2,1.3,41984,0
4167,Khepupara,2001,4,36.8,25.4,24,76,2.6,3.1,41984,0
4168,Khepupara,2001,5,35.4,25,381,84,1.9,4.8,41984,0
4169,Khepupara,2001,6,33.7,25.7,1014,91,2.1,7.1,41984,1
4170,Khepupara,2001,7,31.8,25.9,621,90,2.5,6.6,41984,1
4171,Khepupara,2001,8,33.4,26.8,294,87,1.8,5.6,41984,0
4172,Khepupara,2001,9,34.8,25.6,487,88,0.7,5.1,41984,1
4173,Khepupara,2001,10,34,25,397,88,0.6,4.5,41984,0
4174,Khepupara,2001,11,32,21.4,209,85,0.3,2.8,41984,0
4175,Khepupara,2001,12,30,14.9,0,78,0.2,0.7,41984,0
4176,Khepupara,2002,1,29.6,14.8,16,78,0.4,1.7,41984,0
4177,Khepupara,2002,2,34.2,16.1,0,70,0.7,0.6,41984,0
4178,Khepupara,2002,3,35.5,21.7,38,74,1.1,1.8,41984,0
4179,Khepupara,2002,4,33.5,24.2,143,81,2.4,3.9,41984,0
4180,Khepupara,2002,5,34.5,25.4,342,84,3,5.6,41984,0
4181,Khepupara,2002,6,34.5,26.4,571,87,1.6,6.1,41984,1
4182,Khepupara,2002,7,35,26.7,509,89,1.3,7.1,41984,1
4183,Khepupara,2002,8,32.5,25.9,540,90,1.4,6.5,41984,1
4184,Khepupara,2002,9,34.5,25.9,374,87,1,5.2,41984,0
4185,Khepupara,2002,10,34.5,24,216,85,0.4,3,41984,0
4186,Khepupara,2002,11,32.8,20.5,76,83,0.4,2.9,41984,0
4187,Khepupara,2002,12,30.2,15.5,0,80,0.2,0.5,41984,0
4188,Khepupara,2003,1,28.3,12.3,0,79,0.7,0.4,41984,0
4189,Khepupara,2003,2,31.8,17.2,8,78,0.4,1.1,41984,0
4190,Khepupara,2003,3,34,20.3,109,78,1.2,2.1,41984,0
4191,Khepupara,2003,4,35.2,25.3,79,82,1.7,4.1,41984,0
4192,Khepupara,2003,5,34.8,26.3,165,81,2,4.5,41984,0
4193,Khepupara,2003,6,35.5,26,703,89,2.1,6.9,41984,1
4194,Khepupara,2003,7,33,26.5,404,87,2.1,5.8,41984,1
4195,Khepupara,2003,8,33.4,26.6,290,88,1.4,5.7,41984,0
4196,Khepupara,2003,9,34,26,239,87,0.6,5.3,41984,0
4197,Khepupara,2003,10,34.3,25,392,88,0.4,4.3,41984,0
4198,Khepupara,2003,11,31.6,19.1,0,80,0.1,0.2,41984,0
4199,Khepupara,2003,12,30.8,15.5,46,81,0.2,1.5,41984,0
4200,Khepupara,2004,1,30,14.3,0,82,0.4,0.7,41984,0
4201,Khepupara,2004,2,32,16.3,1,75,0.4,0.4,41984,0
4202,Khepupara,2004,3,35.5,22.5,16,81,1.4,2.3,41984,0
4203,Khepupara,2004,4,34.1,24.8,64,83,2.8,4.6,41984,0
4204,Khepupara,2004,5,36,26.6,103,80,1.8,3.8,41984,0
4205,Khepupara,2004,6,34.5,25.9,479,86,1.7,5.8,41984,1
4206,Khepupara,2004,7,33.5,25.9,325,87,2.4,6.7,41984,0
4207,Khepupara,2004,8,32.2,25.9,591,90,1.6,6.8,41984,1
4208,Khepupara,2004,9,34.5,25.5,672,89,1.1,5.7,41984,1
4209,Khepupara,2004,10,34.5,23.3,221,86,0.5,2.9,41984,0
4210,Khepupara,2004,11,31.2,16.8,0,81,0,0.2,41984,0
4211,Khepupara,2004,12,30,14.5,0,79,0.2,0.5,41984,0
4212,Khepupara,2005,1,29.1,12.5,95,78,0.6,1.1,41984,0
4213,Khepupara,2005,2,34,18,0,76,1,0.8,41984,0
4214,Khepupara,2005,3,35.7,22.7,93,80,1.6,2.3,41984,0
4215,Khepupara,2005,4,36,25.3,6,77,2.1,2.2,41984,0
4216,Khepupara,2005,5,35.4,25.8,166,80,2.7,3.8,41984,0
4217,Khepupara,2005,6,36.7,27.4,473,85,2.4,5.7,41984,1
4218,Khepupara,2005,7,33.3,26.1,1000,89,2.4,6,41984,1
4219,Khepupara,2005,8,34.5,26.2,489,89,1.5,6.6,41984,1
4220,Khepupara,2005,9,34.5,25.8,475,89,1.6,5.7,41984,1
4221,Khepupara,2005,10,34.3,24.7,534,88,0.6,4.3,41984,1
4222,Khepupara,2005,11,30.6,19.1,1,83,0.3,1,41984,0
4223,Khepupara,2005,12,29.5,15.3,16,79,0.5,1.4,41984,0
4224,Khepupara,2006,1,30.5,13.6,0,76,0.5,0.2,41984,0
4225,Khepupara,2006,2,34.5,19,0,79,0.7,0.3,41984,0
4226,Khepupara,2006,3,35.7,21.6,0,73,0.8,1.3,41984,0
4227,Khepupara,2006,4,37.7,25.3,65,75,2.2,3.1,41984,0
4228,Khepupara,2006,5,35.4,25.6,452,82,1.3,4.3,41984,1
4229,Khepupara,2006,6,35.5,26.9,389,87,1.8,5.7,41984,0
4230,Khepupara,2006,7,34.4,26.2,611,89,2.1,6.5,41984,1
4231,Khepupara,2006,8,34.5,26.1,398,88,3.1,6.5,41984,0
4232,Khepupara,2006,9,34.5,25.7,699,88,1.6,5.3,41984,1
4233,Khepupara,2006,10,34.3,25,23,86,0.1,3.6,41984,0
4234,Khepupara,2006,11,33.4,20.3,11,83,0.1,2.3,41984,0
4235,Khepupara,2006,12,30,15.1,0,79,0.2,0.2,41984,0
4236,Khepupara,2007,1,29.3,12.4,10,77,0.5,0.4,41984,0
4237,Khepupara,2007,2,31.5,17.3,37,77,0.9,1.5,41984,0
4238,Khepupara,2007,3,36.6,19.9,0,71,1.2,0.7,41984,0
4239,Khepupara,2007,4,35,24.8,80,79,2.4,3.4,41984,0
4240,Khepupara,2007,5,37.3,26.1,227,80,1.4,4.1,41984,0
4241,Khepupara,2007,6,34.8,26.8,240,85,2.7,6.2,41984,0
4242,Khepupara,2007,7,33.7,26.1,926,89,2.4,6.5,41984,1
4243,Khepupara,2007,8,34,26,334,88,2,6.2,41984,0
4244,Khepupara,2007,9,33,26,557,89,2.3,6.4,41984,1
4245,Khepupara,2007,10,35,23.5,693,86,0.8,3.4,41984,1
4246,Khepupara,2007,11,31.8,20.9,127,83,0.8,2.3,41984,0
4247,Khepupara,2007,12,29.3,14.9,0,77,0.8,1.1,41984,0
4248,Khepupara,2008,1,30.5,13.9,40,76,0.8,1.2,41984,0
4249,Khepupara,2008,2,30.5,15.1,35,74,1.4,1.3,41984,0
4250,Khepupara,2008,3,34,22.6,1,80,1.7,2.9,41984,0
4251,Khepupara,2008,4,36.8,24.8,28,77,1.8,2.4,41984,0
4252,Khepupara,2008,5,35.5,25.8,111,79,1.8,4.3,41984,0
4253,Khepupara,2008,6,33.8,25.9,438,88,1.8,6.2,41984,1
4254,Khepupara,2008,7,32.8,25.9,931,90,1.4,6.8,41984,1
4255,Khepupara,2008,8,32.6,26.3,459,87,1.5,5.8,41984,1
4256,Khepupara,2008,9,33.6,26,514,88,1,5.7,41984,1
4257,Khepupara,2008,10,33.8,24.2,467,85,0.4,3.2,41984,1
4258,Khepupara,2008,11,31.2,19.6,0,82,0.5,1.2,41984,0
4259,Khepupara,2008,12,29.6,16.2,0,84,0.3,0.8,41984,0
4260,Khepupara,2009,1,29.1,14.6,0,80,2.9,0.3,41984,0
4261,Khepupara,2009,2,33.2,16.5,0,73,3.1,0.5,41984,0
4262,Khepupara,2009,3,35.5,22,2,74,3,2.1,41984,0
4263,Khepupara,2009,4,37.6,25.9,45,77,4.4,2.9,41984,0
4264,Khepupara,2009,5,35.3,26.2,210,78,4.4,4.2,41984,0
4265,Khepupara,2009,6,35.2,26.8,221,83,3.2,5.2,41984,0
4266,Khepupara,2009,7,33.5,26.1,758,89,3.1,6.6,41984,1
4267,Khepupara,2009,8,33.5,26.4,439,89,2.5,6.5,41984,1
4268,Khepupara,2009,9,35,25.8,323,88,3,5.4,41984,0
4269,Khepupara,2009,10,33.7,23.7,239,85,1.8,2.7,41984,0
4270,Khepupara,2009,11,33.5,20.3,52,81,2.6,2,41984,0
4271,Khepupara,2009,12,29.6,14.1,0,78,2.7,0.4,41984,0
4272,Khepupara,2010,1,28.8,12.1,0,76,3.2,0.8,41984,0
4273,Khepupara,2010,2,33.3,16.8,17,74,2.2,1.2,41984,0
4274,Khepupara,2010,3,36.6,23.6,0,78,4.4,2.2,41984,0
4275,Khepupara,2010,4,36.7,26.9,5,78,6,4.1,41984,0
4276,Khepupara,2010,5,36.2,26.6,371,80,4.4,5,41984,0
4277,Khepupara,2010,6,34.5,27,681,87,4.3,6.2,41984,1
4278,Khepupara,2010,7,34.6,26.7,340,86,4.4,6.1,41984,0
4279,Khepupara,2010,8,34.4,26.6,279,85,3.5,5.7,41984,0
4280,Khepupara,2010,9,34.4,26.4,237,86,3.7,5.1,41984,0
4281,Khepupara,2010,10,36.6,25.3,604,86,2.1,4,41984,1
4282,Khepupara,2010,11,32.6,21.3,29,83,1.9,1.3,41984,0
4283,Khepupara,2010,12,31.2,14.5,5,78,2.6,1.4,41984,0
4284,Khepupara,2011,1,29.2,12.3,0,76,2.8,0.4,41984,0
4285,Khepupara,2011,2,31,16.2,0,72,3.3,0.9,41984,0
4286,Khepupara,2011,3,35.3,20.7,35,72,5,2.3,41984,0
4287,Khepupara,2011,4,35.7,23.9,106,78,3.5,3.1,41984,0
4288,Khepupara,2011,5,35,25.1,249,82,4.6,5.1,41984,0
4289,Khepupara,2011,6,35.2,26.3,542,88,5.4,6.5,41984,1
4290,Khepupara,2011,7,34.5,26,802,86,4.2,6.1,41984,1
4291,Khepupara,2011,8,35.6,26,925,90,3.4,6.8,41984,1
4292,Khepupara,2011,9,36,26.1,345,89,4,6,41984,0
4293,Khepupara,2011,10,35.5,24.9,88,83,1.8,2.7,41984,0
4294,Khepupara,2011,11,32.5,19.3,0,81,1.7,0.4,41984,0
4295,Khepupara,2011,12,30.5,15,0,80,3.1,0.8,41984,0
4296,Khepupara,2012,1,29.8,14,9,76,4.4,1.5,41984,0
4297,Khepupara,2012,2,35.5,15.7,0,67,3.3,0.2,41984,0
4298,Khepupara,2012,3,35.3,22.4,49,76,4.6,1.1,41984,0
4299,Khepupara,2012,4,37.3,24.8,96,76,5.1,3.4,41984,0
4300,Khepupara,2012,5,37.2,26.6,128,77,3.8,3,41984,0
4301,Khepupara,2012,6,36.7,27.6,415,84,5.3,6.1,41984,1
4302,Khepupara,2012,7,33.4,26.1,639,89,4.3,6.8,41984,1
4303,Khepupara,2012,8,34.3,26.3,392,88,3.7,6,41984,0
4304,Khepupara,2012,9,34.8,26.2,562,89,2.6,5.6,41984,1
4305,Khepupara,2012,10,34.6,23.7,259,84,2,2.9,41984,0
4306,Khepupara,2012,11,34.2,19.6,69,80,2.3,2.4,41984,0
4307,Khepupara,2012,12,29,13.5,10,81,2.7,0.6,41984,0
4308,Khepupara,2013,1,30.5,12,0,72,2.7,0.3,41984,0
4309,Khepupara,2013,2,33.7,15.5,1,66,3.6,1.4,41984,0
4310,Khepupara,2013,3,35.8,21.2,0,73,3.9,1.2,41984,0
4311,Khepupara,2013,4,35.6,25.2,0,77,0,3.3,41984,0
4312,Khepupara,2013,5,36.2,25,727,85,6.6,6.7,41984,1
4313,Khepupara,2013,6,35.4,26.4,395,85,4.4,5.5,41984,0
4314,Khepupara,2013,7,33.5,26.2,640,87,4.7,5.9,41984,1
4315,Khepupara,2013,8,34,26,403,87,3.9,5.8,41984,1
4316,Khepupara,2013,9,35,25.8,536,88,2.6,5.4,41984,1
4317,Khepupara,2013,10,34.5,24.3,418,88,2.9,4.8,41984,1
4318,Khepupara,2013,11,32.2,18.6,0,79,2.4,1.3,41984,0
4319,Khepupara,2013,12,30,14.8,0,78,2.1,0.8,41984,0
4320,Khulna,1990,1,30.5,11.6,0,77,0.8,0.3,41947,0
4321,Khulna,1990,2,31.6,16.2,62,78,0.8,2.9,41947,0
4322,Khulna,1990,3,35,19,212,79,1.1,3.6,41947,0
4323,Khulna,1990,4,37,23.6,58,79,2.6,3.7,41947,0
4324,Khulna,1990,5,36.3,24.8,261,81,1.4,4.7,41947,0
4325,Khulna,1990,6,36,26.6,261,86,1.9,5.8,41947,0
4326,Khulna,1990,7,35,26,436,89,1.2,6.5,41947,1
4327,Khulna,1990,8,34.5,26.5,206,85,1.4,5.6,41947,0
4328,Khulna,1990,9,35,26.1,205,88,1.2,5.7,41947,0
4329,Khulna,1990,10,34.5,23.3,156,85,0.8,4.1,41947,0
4330,Khulna,1990,11,32.5,20.1,77,82,0.5,2.6,41947,0
4331,Khulna,1990,12,29.3,13.2,4,79,0.7,1.2,41947,0
4332,Khulna,1991,1,29.2,11.9,10,78,0.6,1.5,41947,0
4333,Khulna,1991,2,33.7,16.4,54,75,0.7,0.8,41947,0
4334,Khulna,1991,3,37.4,21.5,36,73,1,1.7,41947,0
4335,Khulna,1991,4,37,24.4,29,75,1.9,2.9,41947,0
4336,Khulna,1991,5,36.5,25.8,100,81,3.4,5.2,41947,0
4337,Khulna,1991,6,35.2,25.8,421,88,1.8,6.1,41947,1
4338,Khulna,1991,7,34.8,26.5,251,86,2.2,5.9,41947,0
4339,Khulna,1991,8,35.5,26.5,338,87,1.8,6,41947,0
4340,Khulna,1991,9,35,25.9,342,89,0.7,5.9,41947,1
4341,Khulna,1991,10,34.5,24,163,86,0.6,4,41947,0
4342,Khulna,1991,11,30.6,17.9,4,80,0.5,1.9,41947,0
4343,Khulna,1991,12,29.8,13.5,44,80,0.5,1.6,41947,0
4344,Khulna,1992,1,28.5,10.8,13,80,0.6,0.5,41947,0
4345,Khulna,1992,2,29.7,15,203,78,1.2,1.8,41947,0
4346,Khulna,1992,3,36.5,21.3,0,73,1.8,1.3,41947,0
4347,Khulna,1992,4,38.8,24,2,72,2.4,2.1,41947,0
4348,Khulna,1992,5,37.4,23.6,192,80,2.6,3.6,41947,0
4349,Khulna,1992,6,37.2,25.3,157,82,1.8,4.4,41947,0
4350,Khulna,1992,7,35.4,25.1,254,88,2,6,41947,0
4351,Khulna,1992,8,35,25.8,198,86,1.8,5.3,41947,0
4352,Khulna,1992,9,36.6,25.6,111,85,1.4,3.8,41947,0
4353,Khulna,1992,10,34.5,24.1,88,84,0.8,3,41947,0
4354,Khulna,1992,11,33.2,19.1,0,81,0.6,2.3,41947,0
4355,Khulna,1992,12,28.2,12.5,0,79,0.9,0.3,41947,0
4356,Khulna,1993,1,29,11.9,70,76,1.1,0.8,41947,0
4357,Khulna,1993,2,33.5,16.2,52,74,1.7,1.1,41947,0
4358,Khulna,1993,3,35.8,18.2,127,69,1.7,1.6,41947,0
4359,Khulna,1993,4,36.5,23.3,69,75,2.2,3.1,41947,0
4360,Khulna,1993,5,35.7,24.8,211,82,2.6,4.6,41947,0
4361,Khulna,1993,6,35.2,25.8,638,86,2.7,5.9,41947,1
4362,Khulna,1993,7,34,26.6,288,87,2.7,5.7,41947,0
4363,Khulna,1993,8,33.9,26.5,290,88,2.2,6,41947,0
4364,Khulna,1993,9,35.3,25.6,196,89,1.8,5.8,41947,0
4365,Khulna,1993,10,34.8,24.3,124,86,0.9,3.6,41947,0
4366,Khulna,1993,11,32,19.3,14,81,0.7,1,41947,0
4367,Khulna,1993,12,29.8,14.1,0,77,1.1,1.3,41947,0
4368,Khulna,1994,1,30.2,12.1,1,71,1.2,0.8,41947,0
4369,Khulna,1994,2,31.6,14.4,15,73,1.1,1.4,41947,0
4370,Khulna,1994,3,36.7,21,0,70,1.3,0.8,41947,0
4371,Khulna,1994,4,37.8,23.1,105,73,2.1,2.9,41947,0
4372,Khulna,1994,5,37.7,25.4,115,78,1.8,3.6,41947,0
4373,Khulna,1994,6,37,26.6,239,87,2.1,5.6,41947,0
4374,Khulna,1994,7,35.1,26.5,210,86,2.5,5.5,41947,0
4375,Khulna,1994,8,34.3,26.3,217,86,2.2,5.4,41947,0
4376,Khulna,1994,9,35.5,26.1,160,81,1.8,3.8,41947,0
4377,Khulna,1994,10,35.4,24.3,63,78,0.6,2.2,41947,0
4378,Khulna,1994,11,32.8,19.6,5,77,0.7,2.5,41947,0
4379,Khulna,1994,12,30.4,13.1,0,70,0.4,0.4,41947,0
4380,Khulna,1995,1,28,11.3,8,70,1,1.6,41947,0
4381,Khulna,1995,2,32.6,15.3,104,72,0.7,1.8,41947,0
4382,Khulna,1995,3,37.7,19.4,34,66,1,1.3,41947,0
4383,Khulna,1995,4,39.4,24.7,18,71,1.5,1.9,41947,0
4384,Khulna,1995,5,38.2,26.7,181,79,2.2,3.8,41947,0
4385,Khulna,1995,6,36.2,26.7,308,85,1.6,5.4,41947,0
4386,Khulna,1995,7,35,26.2,407,87,1.7,5.7,41947,1
4387,Khulna,1995,8,35.4,26,594,85,1.7,5.4,41947,1
4388,Khulna,1995,9,35.1,25.6,303,87,1.4,5.5,41947,0
4389,Khulna,1995,10,35,23.2,86,82,0.8,3.3,41947,0
4390,Khulna,1995,11,34,19.1,162,80,1.2,2.6,41947,0
4391,Khulna,1995,12,29.6,13.5,0,72,0.7,0.2,41947,0
4392,Khulna,1996,1,30.4,12.6,1,78,1.1,0.8,41947,0
4393,Khulna,1996,2,32.5,13.9,17,79,1,1.2,41947,0
4394,Khulna,1996,3,36.9,22.2,1,77,1.7,2.3,41947,0
4395,Khulna,1996,4,38.4,23.6,64,81,1.7,2.7,41947,0
4396,Khulna,1996,5,37.8,25.7,117,81,2,4.2,41947,0
4397,Khulna,1996,6,36.4,25.2,453,85,1.5,5.4,41947,1
4398,Khulna,1996,7,35.5,26.2,223,85,1.6,5.7,41947,0
4399,Khulna,1996,8,33.8,25.7,275,87,1.7,5.9,41947,0
4400,Khulna,1996,9,37,26.1,70,85,0.8,4.7,41947,0
4401,Khulna,1996,10,35,23.2,242,81,0.9,2.8,41947,0
4402,Khulna,1996,11,33.5,18.6,8,79,0.6,1.5,41947,0
4403,Khulna,1996,12,29.3,13,0,75,0.9,1.6,41947,0
4404,Khulna,1997,1,28.6,11,10,75,0.7,1.4,41947,0
4405,Khulna,1997,2,32,14.7,22,72,1.1,1.6,41947,0
4406,Khulna,1997,3,35.6,20.8,99,73,1.2,2.6,41947,0
4407,Khulna,1997,4,35.6,21.5,80,76,1.4,3.4,41947,0
4408,Khulna,1997,5,36.5,24.3,181,78,1.8,3.9,41947,0
4409,Khulna,1997,6,36.5,25.5,218,83,2,5.4,41947,0
4410,Khulna,1997,7,34.8,25.9,456,87,1.5,5.9,41947,1
4411,Khulna,1997,8,35.6,26,321,86,1.6,5.6,41947,0
4412,Khulna,1997,9,35,25.3,364,89,1.1,5.4,41947,1
4413,Khulna,1997,10,34.2,22.7,44,80,0.4,1.9,41947,0
4414,Khulna,1997,11,33.7,20,2,76,0.4,1.9,41947,0
4415,Khulna,1997,12,30.1,13.8,19,81,0.7,2.4,41947,0
4416,Khulna,1998,1,29,12,59,82,0.7,2.2,41947,0
4417,Khulna,1998,2,32,16.5,91,78,0.5,1.9,41947,0
4418,Khulna,1998,3,34.4,19,213,74,0.9,2.3,41947,0
4419,Khulna,1998,4,36.3,23.4,105,77,1.4,3.4,41947,0
4420,Khulna,1998,5,37.7,26.1,161,78,1.6,4.3,41947,0
4421,Khulna,1998,6,36.5,27.6,175,83,1.9,4.8,41947,0
4422,Khulna,1998,7,34.8,26.6,343,87,1.5,6.5,41947,1
4423,Khulna,1998,8,34.5,26.4,258,87,1.3,6,41947,0
4424,Khulna,1998,9,36.6,26.2,300,86,0.8,4.8,41947,1
4425,Khulna,1998,10,36.4,25.2,157,85,0.6,3.5,41947,0
4426,Khulna,1998,11,34.2,21.2,132,81,1,2.4,41947,0
4427,Khulna,1998,12,30,15,0,79,0.6,0.2,41947,0
4428,Khulna,1999,1,30.4,12.5,0,77,0.8,0.5,41947,0
4429,Khulna,1999,2,34.5,15.8,0,73,0.8,0.9,41947,0
4430,Khulna,1999,3,38.7,21.1,0,67,1.1,0.8,41947,0
4431,Khulna,1999,4,37.2,25.9,14,73,2.3,2.6,41947,0
4432,Khulna,1999,5,37.5,25.4,172,83,1.9,4.6,41947,0
4433,Khulna,1999,6,37.6,26,185,85,1.5,5.3,41947,0
4434,Khulna,1999,7,34.7,25.8,420,89,1.2,6.3,41947,1
4435,Khulna,1999,8,34.6,26.1,371,87,1.1,5.9,41947,0
4436,Khulna,1999,9,34.8,25.8,374,89,1,5.8,41947,1
4437,Khulna,1999,10,34.5,24.6,160,87,0.7,4.8,41947,0
4438,Khulna,1999,11,33,19.2,14,79,0.3,1.1,41947,0
4439,Khulna,1999,12,30.2,14.6,0,79,0.3,0.6,41947,0
4440,Khulna,2000,1,30.6,12.3,4,78,0.5,0.7,41947,0
4441,Khulna,2000,2,30,15.2,16,74,0.5,3.4,41947,0
4442,Khulna,2000,3,36.2,19.9,18,70,1.2,2.1,41947,0
4443,Khulna,2000,4,36.2,23.8,127,80,2,3.5,41947,0
4444,Khulna,2000,5,38,24.6,144,80,1.2,4.7,41947,0
4445,Khulna,2000,6,36.8,25.5,223,87,0.9,5.6,41947,0
4446,Khulna,2000,7,36.4,25.4,405,89,1,5.6,41947,1
4447,Khulna,2000,8,36.5,25.7,294,86,0.9,5.4,41947,0
4448,Khulna,2000,9,35.3,24.8,336,86,0.5,4.9,41947,0
4449,Khulna,2000,10,35.6,24.7,161,85,0.6,3.7,41947,0
4450,Khulna,2000,11,33.5,20.3,0,80,0.1,0.9,41947,0
4451,Khulna,2000,12,28.8,13.4,0,77,0.1,0.3,41947,0
4452,Khulna,2001,1,29,11,0,74,0.3,0.3,41947,0
4453,Khulna,2001,2,31.8,15.9,129,74,0.3,1,41947,0
4454,Khulna,2001,3,36.6,20.2,21,72,0.4,1.7,41947,0
4455,Khulna,2001,4,38,24.6,51,76,0.8,2.9,41947,0
4456,Khulna,2001,5,37.2,24.7,244,80,0.8,4.2,41947,0
4457,Khulna,2001,6,35.2,25.9,354,90,0.9,6.3,41947,1
4458,Khulna,2001,7,34.2,26.3,269,88,1.1,6.3,41947,0
4459,Khulna,2001,8,35.2,27.1,188,85,0.9,5.4,41947,0
4460,Khulna,2001,9,35.6,26.4,207,87,0.4,4.8,41947,0
4461,Khulna,2001,10,35.8,25.1,196,88,0.3,4.1,41947,0
4462,Khulna,2001,11,33,21.4,31,83,0.2,2.8,41947,0
4463,Khulna,2001,12,30.6,13.9,0,81,0.2,0.9,41947,0
4464,Khulna,2002,1,29.5,13.7,10,80,0.2,1.7,41947,0
4465,Khulna,2002,2,33.5,15.3,0,72,0.4,0.9,41947,0
4466,Khulna,2002,3,36.1,20.7,14,72,0.6,2.1,41947,0
4467,Khulna,2002,4,36,23.9,74,76,1.6,3.7,41947,0
4468,Khulna,2002,5,40.2,25.3,254,80,1.2,4.4,41947,0
4469,Khulna,2002,6,37.4,25.4,846,87,1,6.1,41947,1
4470,Khulna,2002,7,37.4,27.1,367,88,0.7,6.8,41947,0
4471,Khulna,2002,8,34.5,26.1,483,90,0.9,6.1,41947,1
4472,Khulna,2002,9,36,25.9,429,88,0.7,5,41947,1
4473,Khulna,2002,10,35.5,24.1,22,83,0.3,3.1,41947,0
4474,Khulna,2002,11,33,19.8,169,83,0.3,2.8,41947,0
4475,Khulna,2002,12,30.5,15.2,0,82,0.2,0.8,41947,0
4476,Khulna,2003,1,27.5,11.1,0,82,0.4,1.1,41947,0
4477,Khulna,2003,2,33,16.7,0,76,0.4,1.7,41947,0
4478,Khulna,2003,3,35.5,19.6,155,76,0.7,2.2,41947,0
4479,Khulna,2003,4,37,25.5,63,77,1.3,3.3,41947,0
4480,Khulna,2003,5,37.5,26,125,77,1.2,3.5,41947,0
4481,Khulna,2003,6,37.3,26.2,251,85,1.1,6.1,41947,0
4482,Khulna,2003,7,35.2,26.5,287,87,1,5.6,41947,0
4483,Khulna,2003,8,35.5,26.7,255,86,1,5,41947,0
4484,Khulna,2003,9,36,26.3,145,88,0.7,5.1,41947,0
4485,Khulna,2003,10,35.7,25,315,87,0.4,4.8,41947,0
4486,Khulna,2003,11,33,19,0,79,0.1,0.5,41947,0
4487,Khulna,2003,12,29,15.4,22,83,0.3,1.7,41947,0
4488,Khulna,2004,1,28.5,13.2,0,83,0.6,1.6,41947,0
4489,Khulna,2004,2,34.5,15.7,0,73,0.5,0.9,41947,0
4490,Khulna,2004,3,36.8,21.9,7,74,1.1,2.1,41947,0
4491,Khulna,2004,4,35.9,24.9,85,78,1.7,4,41947,0
4492,Khulna,2004,5,38.6,26.2,180,77,1.2,3.5,41947,0
4493,Khulna,2004,6,36.5,26.2,383,86,0.9,5.6,41947,1
4494,Khulna,2004,7,35.2,26.4,253,86,1.4,6.3,41947,0
4495,Khulna,2004,8,34.5,26.5,266,88,1.4,6.1,41947,0
4496,Khulna,2004,9,35.2,26.2,621,88,0.9,6.2,41947,1
4497,Khulna,2004,10,35,23.7,183,84,0.7,3.2,41947,0
4498,Khulna,2004,11,31,18.6,0,79,0.4,0.5,41947,0
4499,Khulna,2004,12,29.8,15.8,0,80,0.5,0.4,41947,0
4500,Khulna,2005,1,28.5,13.5,15,80,0.6,1.6,41947,0
4501,Khulna,2005,2,33.9,17.3,0,75,1,1.2,41947,0
4502,Khulna,2005,3,36,22.1,148,83,1.3,2.9,41947,0
4503,Khulna,2005,4,38.5,25.2,43,81,1.4,3.2,41947,0
4504,Khulna,2005,5,37.3,25.9,215,82,1.4,4.1,41947,0
4505,Khulna,2005,6,38,27.3,102,82,1.4,5.5,41947,0
4506,Khulna,2005,7,34.2,26.3,435,87,1.3,6.6,41947,1
4507,Khulna,2005,8,35.2,26.9,194,86,0.9,6.5,41947,0
4508,Khulna,2005,9,35.5,26.3,410,86,0.9,5.9,41947,1
4509,Khulna,2005,10,34.5,24.7,420,88,0.5,5.1,41947,1
4510,Khulna,2005,11,31.4,19,0,81,0.2,1.2,41947,0
4511,Khulna,2005,12,28.4,14.8,0,78,0.3,1.2,41947,0
4512,Khulna,2006,1,30.2,12.8,0,77,0.3,0.5,41947,0
4513,Khulna,2006,2,36.2,18.8,0,74,0.4,0.3,41947,0
4514,Khulna,2006,3,38.5,21.1,5,68,0.4,1.4,41947,0
4515,Khulna,2006,4,39,24.9,19,71,1.1,3.4,41947,0
4516,Khulna,2006,5,37.2,25.7,230,77,0.8,4,41947,0
4517,Khulna,2006,6,36.7,26.9,262,84,0.6,5.6,41947,0
4518,Khulna,2006,7,35.1,26.4,522,87,1.1,6.1,41947,1
4519,Khulna,2006,8,34.6,26,364,87,1.5,6.4,41947,0
4520,Khulna,2006,9,35,26,579,86,0.9,5.4,41947,1
4521,Khulna,2006,10,35.1,24.9,79,84,0.2,3.5,41947,0
4522,Khulna,2006,11,32.4,20.1,1,81,0.3,2.7,41947,0
4523,Khulna,2006,12,29.5,15,0,79,0.3,0.2,41947,0
4524,Khulna,2007,1,29.5,12.2,0,78,0.4,0.7,41947,0
4525,Khulna,2007,2,30.6,17,54,80,0.4,2,41947,0
4526,Khulna,2007,3,36.3,19.6,14,70,0.5,1.4,41947,0
4527,Khulna,2007,4,36.7,24.4,92,75,1.4,3.6,41947,0
4528,Khulna,2007,5,38,25.9,119,76,0.7,3.9,41947,0
4529,Khulna,2007,6,36.6,26.3,374,83,1.1,6.2,41947,0
4530,Khulna,2007,7,34.6,26.3,591,88,1,6.8,41947,1
4531,Khulna,2007,8,35.7,26.8,160,85,0.7,6.1,41947,0
4532,Khulna,2007,9,35,26.1,397,91,0.7,6.4,41947,1
4533,Khulna,2007,10,35.3,24.1,197,89,0.3,3.7,41947,0
4534,Khulna,2007,11,31.8,20.5,113,86,0.6,1.8,41947,0
4535,Khulna,2007,12,28,14.4,0,81,0.2,1,41947,0
4536,Khulna,2008,1,29.5,13.8,66,80,0.2,1.4,41947,0
4537,Khulna,2008,2,30.2,15.3,36,74,0.1,1.1,41947,0
4538,Khulna,2008,3,35.8,22.4,48,78,0.3,3.1,41947,0
4539,Khulna,2008,4,38,24.5,36,75,0.5,2.9,41947,0
4540,Khulna,2008,5,37.5,25.3,151,75,0.5,4.5,41947,0
4541,Khulna,2008,6,37,26.2,190,85,0.8,6.1,41947,0
4542,Khulna,2008,7,34.6,26.3,301,89,0.6,7,41947,0
4543,Khulna,2008,8,35,26.6,202,86,0.5,6.2,41947,0
4544,Khulna,2008,9,34.6,26.2,379,86,0.4,5.8,41947,1
4545,Khulna,2008,10,34.2,23.8,187,85,0.3,2.9,41947,0
4546,Khulna,2008,11,32.2,19.6,0,79,0.1,1.2,41947,0
4547,Khulna,2008,12,29.8,16.4,0,85,0.1,1.2,41947,0
4548,Khulna,2009,1,29.6,15.2,1,82,0.9,0.6,41947,0
4549,Khulna,2009,2,33.7,16.9,6,73,1.4,0.6,41947,0
4550,Khulna,2009,3,36,21.1,10,72,1.9,2.1,41947,0
4551,Khulna,2009,4,40.5,25.6,23,72,3.1,2.4,41947,0
4552,Khulna,2009,5,40.5,26,130,75,2.7,4,41947,0
4553,Khulna,2009,6,37,26.9,233,81,2.3,4.8,41947,0
4554,Khulna,2009,7,35.5,26.5,347,87,1.8,6.6,41947,0
4555,Khulna,2009,8,34.6,26.3,568,87,1.6,6.4,41947,1
4556,Khulna,2009,9,35.4,26.4,357,85,1.2,5.2,41947,0
4557,Khulna,2009,10,34.5,23.6,111,82,0.7,2.8,41947,0
4558,Khulna,2009,11,34,20.1,20,78,0.6,2.1,41947,0
4559,Khulna,2009,12,29.2,14.2,0,80,0.8,0.3,41947,0
4560,Khulna,2010,1,28,11.9,0,79,1.5,1,41947,0
4561,Khulna,2010,2,33,16.6,2,73,1,1.2,41947,0
4562,Khulna,2010,3,37.6,23.4,14,71,2.1,1.9,41947,0
4563,Khulna,2010,4,38.8,26.9,21,72,3.2,3.7,41947,0
4564,Khulna,2010,5,38.2,25.9,146,77,2.1,4.4,41947,0
4565,Khulna,2010,6,37.5,26.6,287,84,1.9,6,41947,0
4566,Khulna,2010,7,36,27,180,84,2.3,5.7,41947,0
4567,Khulna,2010,8,35.4,27,205,84,1.7,5.7,41947,0
4568,Khulna,2010,9,35.5,26.4,157,85,1.4,4.9,41947,0
4569,Khulna,2010,10,36,25,332,84,0.5,4.1,41947,0
4570,Khulna,2010,11,32.3,21.1,0,80,0.1,1.7,41947,0
4571,Khulna,2010,12,28.5,14.3,13,78,0.5,1.5,41947,0
4572,Khulna,2011,1,28.5,12,0,77,0.8,0.3,41947,0
4573,Khulna,2011,2,33,16.2,1,71,1.2,0.7,41947,0
4574,Khulna,2011,3,36.6,20.5,16,70,3.1,2.2,41947,0
4575,Khulna,2011,4,37.3,23.5,28,73,2.2,2.8,41947,0
4576,Khulna,2011,5,37.4,25.5,145,78,2.1,4,41947,0
4577,Khulna,2011,6,37.6,26.5,381,85,2.6,6,41947,0
4578,Khulna,2011,7,35.5,26.5,387,84,1.6,5.7,41947,1
4579,Khulna,2011,8,36.5,26.2,614,89,2,6.2,41947,1
4580,Khulna,2011,9,35.5,25.9,367,88,1.5,5.4,41947,0
4581,Khulna,2011,10,35.5,25.2,3,80,0.7,2.4,41947,0
4582,Khulna,2011,11,32.6,19.4,6,81,0.7,0.6,41947,0
4583,Khulna,2011,12,30.5,14.7,0,83,0.9,1.1,41947,0
4584,Khulna,2012,1,29,14.3,66,81,1.7,2,41947,0
4585,Khulna,2012,2,34,15.6,18,71,1.4,0.5,41947,0
4586,Khulna,2012,3,37,22,1,74,1.9,1.2,41947,0
4587,Khulna,2012,4,39.5,24.3,52,77,2.2,2.9,41947,0
4588,Khulna,2012,5,38.5,26.4,63,80,2.2,3.3,41947,0
4589,Khulna,2012,6,38.8,27.7,255,85,2.4,5.3,41947,0
4590,Khulna,2012,7,34.8,26.7,391,90,2.3,6.8,41947,1
4591,Khulna,2012,8,34.8,26.7,254,91,1.9,6.2,41947,0
4592,Khulna,2012,9,35.7,26.5,374,90,1.7,5.3,41947,0
4593,Khulna,2012,10,34.7,23.6,89,86,0.9,3,41947,0
4594,Khulna,2012,11,32.5,19.1,80,81,0.5,2.3,41947,0
4595,Khulna,2012,12,29,13.7,2,88,1.1,1,41947,0
4596,Khulna,2013,1,29.2,11.7,1,84,1.4,0.4,41947,0
4597,Khulna,2013,2,32.4,15.6,7,78,1.8,1.6,41947,0
4598,Khulna,2013,3,36.6,21.1,19,70,2,1.5,41947,0
4599,Khulna,2013,4,38.8,24.1,62,71,2.3,2.9,41947,0
4600,Khulna,2013,5,37.5,25.2,430,83,2.9,6.4,41947,1
4601,Khulna,2013,6,37,27.1,212,85,1.6,5.2,41947,1
4602,Khulna,2013,7,34.7,26.7,313,91,2.3,6.2,41947,0
4603,Khulna,2013,8,35.5,26.3,482,92,2,6.2,41947,1
4604,Khulna,2013,9,36,26.4,278,85,1.3,5.8,41947,0
4605,Khulna,2013,10,35.2,24.4,260,87,1.5,5.3,41947,1
4606,Khulna,2013,11,32.6,18.2,0,75,1.1,0.8,41947,0
4607,Khulna,2013,12,29.5,15,0,79,1.3,0.7,41947,0
4608,Kutubdia,1990,1,27.2,15.1,0,81,1.6,0.6,41989,0
4609,Kutubdia,1990,2,30,18.5,56,81,1.6,2.9,41989,0
4610,Kutubdia,1990,3,31,20.1,400,82,1.7,3.6,41989,1
4611,Kutubdia,1990,4,32.5,23.1,60,83,3.1,3.5,41989,0
4612,Kutubdia,1990,5,33.8,25.7,206,84,1.5,4.2,41989,0
4613,Kutubdia,1990,6,33,25.9,996,89,3.4,6.4,41989,1
4614,Kutubdia,1990,7,31.2,25.1,1368,92,3.3,7.2,41989,1
4615,Kutubdia,1990,8,32.5,25.9,137,87,2.8,5.6,41989,0
4616,Kutubdia,1990,9,32,25.7,205,88,2.1,5.4,41989,0
4617,Kutubdia,1990,10,33.2,23.9,258,85,1.7,3.2,41989,0
4618,Kutubdia,1990,11,31.9,21.7,139,82,1.1,3,41989,0
4619,Kutubdia,1990,12,29,16.4,41,78,1.1,1.1,41989,0
4620,Kutubdia,1991,1,27,14.7,34,77,2,1.1,41989,0
4621,Kutubdia,1991,2,30.9,17.5,0,78,1.7,0.4,41989,0
4622,Kutubdia,1991,3,34,22.2,1,80,1.8,0.7,41989,0
4623,Kutubdia,1991,4,34,23.9,148,83,2.9,2.7,41989,0
4624,Kutubdia,1991,5,32.7,25.3,89,81,3.5,5.4,41989,0
4625,Kutubdia,1991,6,32.5,25.2,948,88,3.2,6.8,41989,1
4626,Kutubdia,1991,7,33.5,25.8,664,89,4.1,6.7,41989,1
4627,Kutubdia,1991,8,34,25.9,771,88,3.5,7,41989,1
4628,Kutubdia,1991,9,32.8,25.6,395,87,2.4,6.2,41989,0
4629,Kutubdia,1991,10,33,24.6,224,87,1.8,3.7,41989,0
4630,Kutubdia,1991,11,30,19.9,126,83,0.5,1.7,41989,0
4631,Kutubdia,1991,12,27.8,15.9,0,83,0.9,0.9,41989,0
4632,Kutubdia,1992,1,28.5,13.7,0,84,0.9,0.3,41989,0
4633,Kutubdia,1992,2,28,16.7,138,78,1.5,1.8,41989,0
4634,Kutubdia,1992,3,31.5,22.5,0,85,2.4,0.9,41989,0
4635,Kutubdia,1992,4,34.2,25.2,13,82,2.4,1.9,41989,0
4636,Kutubdia,1992,5,35.5,25.2,143,83,2.1,3.4,41989,0
4637,Kutubdia,1992,6,35,26.1,1030,83,3.5,4.8,41989,1
4638,Kutubdia,1992,7,33.5,25.5,719,89,3.5,6.7,41989,1
4639,Kutubdia,1992,8,32.6,25.9,243,88,2.5,4.9,41989,0
4640,Kutubdia,1992,9,33,25.6,138,87,1.2,4.1,41989,0
4641,Kutubdia,1992,10,33.5,24.1,317,85,0.6,3.2,41989,0
4642,Kutubdia,1992,11,31.5,21.3,36,80,0.6,2.5,41989,0
4643,Kutubdia,1992,12,28.5,15.4,19,76,0.6,0.6,41989,0
4644,Kutubdia,1993,1,29,14.9,51,77,0.5,0.1,41989,0
4645,Kutubdia,1993,2,28,17.8,82,85,1.3,1.1,41989,0
4646,Kutubdia,1993,3,34.6,19.2,135,82,1.3,1.9,41989,0
4647,Kutubdia,1993,4,34.4,22.8,121,84,1,1.3,41989,0
4648,Kutubdia,1993,5,33,23.4,308,87,1.6,4.1,41989,0
4649,Kutubdia,1993,6,33.2,25,830,89,2.1,5.7,41989,1
4650,Kutubdia,1993,7,33.5,25.3,478,88,2.4,5.3,41989,1
4651,Kutubdia,1993,8,31.8,25.6,662,88,1.9,6.5,41989,1
4652,Kutubdia,1993,9,36.8,24.6,240,85,1.5,5.5,41989,0
4653,Kutubdia,1993,10,35.4,24.1,140,82,0.7,3.1,41989,0
4654,Kutubdia,1993,11,32.8,20.2,53,81,0.7,1.4,41989,0
4655,Kutubdia,1993,12,30.6,16.9,0,79,0.8,1.1,41989,0
4656,Kutubdia,1994,1,29,14.9,9,73,1.4,0.7,41989,0
4657,Kutubdia,1994,2,32.2,16.4,10,71,1.3,0.7,41989,0
4658,Kutubdia,1994,3,33.5,21.3,327,79,2,2.3,41989,0
4659,Kutubdia,1994,4,36.8,23,262,77,1.5,2.7,41989,0
4660,Kutubdia,1994,5,38.5,24.3,228,82,1.7,3.5,41989,0
4661,Kutubdia,1994,6,34.5,25.5,618,85,3,6.4,41989,1
4662,Kutubdia,1994,7,32.5,25.1,746,88,2.9,6.1,41989,1
4663,Kutubdia,1994,8,33.6,25.4,379,86,2.6,5.8,41989,0
4664,Kutubdia,1994,9,33.5,25.2,172,83,1.4,3.3,41989,0
4665,Kutubdia,1994,10,34,23.7,58,81,0.5,2.4,41989,0
4666,Kutubdia,1994,11,32.9,19.6,23,77,0.5,1.5,41989,0
4667,Kutubdia,1994,12,28.4,15.1,0,69,0.6,0.2,41989,0
4668,Kutubdia,1995,1,27.6,13.6,8,67,1.4,1.2,41989,0
4669,Kutubdia,1995,2,30,16.9,112,75,0.9,0.7,41989,0
4670,Kutubdia,1995,3,37,20.2,50,73,0.9,0.7,41989,0
4671,Kutubdia,1995,4,35.2,24.3,12,78,1.9,1.6,41989,0
4672,Kutubdia,1995,5,36.2,26.9,400,79,2.3,3.6,41989,1
4673,Kutubdia,1995,6,34.4,25.5,583,84,3.4,6,41989,1
4674,Kutubdia,1995,7,33,25.7,789,90,3.2,6.7,41989,1
4675,Kutubdia,1995,8,33.3,25.5,387,88,2.3,6.2,41989,0
4676,Kutubdia,1995,9,35,25.3,286,83,1.9,5.6,41989,0
4677,Kutubdia,1995,10,35.2,24.6,150,85,0.7,3.2,41989,0
4678,Kutubdia,1995,11,34,22.2,276,85,1.1,3.8,41989,0
4679,Kutubdia,1995,12,30,16,0,72,1.1,0.1,41989,0
4680,Kutubdia,1996,1,28.5,14.9,0,74,2.1,0.1,41989,0
4681,Kutubdia,1996,2,35,16.2,33,75,2,0.9,41989,0
4682,Kutubdia,1996,3,34.8,22.4,44,87,3,2.4,41989,0
4683,Kutubdia,1996,4,34.5,23.7,43,83,1.7,2.4,41989,0
4684,Kutubdia,1996,5,35.2,25.3,192,81,2.7,4.2,41989,0
4685,Kutubdia,1996,6,35.2,23.9,682,85,2.7,4.9,41989,1
4686,Kutubdia,1996,7,33,24.3,731,87,1.8,5.3,41989,1
4687,Kutubdia,1996,8,32.5,24.5,751,88,1.9,5.8,41989,1
4688,Kutubdia,1996,9,37.3,25,662,85,1.1,4.5,41989,1
4689,Kutubdia,1996,10,36.2,23.6,527,82,1.2,3.4,41989,1
4690,Kutubdia,1996,11,32.5,20.6,14,78,0.8,1.9,41989,0
4691,Kutubdia,1996,12,30.8,16.9,0,73,1.1,1.2,41989,0
4692,Kutubdia,1997,1,27.6,14.2,0,65,1.2,0.8,41989,0
4693,Kutubdia,1997,2,30.7,16.1,8,73,1.3,1.1,41989,0
4694,Kutubdia,1997,3,35.6,20.7,39,83,1.6,2,41989,0
4695,Kutubdia,1997,4,35,21.3,47,82,1.3,3.1,41989,0
4696,Kutubdia,1997,5,36.5,23.3,121,82,2,3.8,41989,0
4697,Kutubdia,1997,6,33.2,23,421,85,2.7,5.6,41989,1
4698,Kutubdia,1997,7,33.6,24.6,907,89,2.7,6.5,41989,1
4699,Kutubdia,1997,8,35.4,25.4,467,87,2.1,5.6,41989,1
4700,Kutubdia,1997,9,35,25.1,612,87,2,5.4,41989,1
4701,Kutubdia,1997,10,32.6,23.4,124,80,0.8,2,41989,0
4702,Kutubdia,1997,11,32,20.9,19,83,0.8,2.1,41989,0
4703,Kutubdia,1997,12,30.4,16.9,24,83,1.3,1.9,41989,0
4704,Kutubdia,1998,1,29,15.6,15,82,1.3,1.2,41989,0
4705,Kutubdia,1998,2,29.7,17.5,31,83,1.1,1.5,41989,0
4706,Kutubdia,1998,3,32,20,41,81,1.5,2.2,41989,0
4707,Kutubdia,1998,4,33.2,23.8,167,84,1.2,2.7,41989,0
4708,Kutubdia,1998,5,35,26.1,387,86,2,4.2,41989,0
4709,Kutubdia,1998,6,36,26.6,220,86,2.4,5,41989,0
4710,Kutubdia,1998,7,34.5,25.9,1675,92,2.3,6.4,41989,1
4711,Kutubdia,1998,8,35.4,25.9,1332,90,1.7,6.7,41989,1
4712,Kutubdia,1998,9,36.6,25.7,310,85,1.3,5.4,41989,0
4713,Kutubdia,1998,10,37,25.8,117,84,1.1,3.2,41989,0
4714,Kutubdia,1998,11,34.2,23,77,81,1.1,2.6,41989,0
4715,Kutubdia,1998,12,30.2,17.5,0,80,0.9,0.2,41989,0
4716,Kutubdia,1999,1,27.8,15.6,0,77,1.4,0.5,41989,0
4717,Kutubdia,1999,2,32.2,18.4,0,82,1.3,1,41989,0
4718,Kutubdia,1999,3,32.5,21.4,0,86,1.8,0.9,41989,0
4719,Kutubdia,1999,4,34.6,25.7,0,84,1.7,2,41989,0
4720,Kutubdia,1999,5,35.3,25.7,410,87,2.7,4.7,41989,1
4721,Kutubdia,1999,6,33.6,25.9,648,87,2.9,5.9,41989,1
4722,Kutubdia,1999,7,32.4,25.7,602,87,2.6,6.3,41989,1
4723,Kutubdia,1999,8,33.4,25.4,821,90,3.3,6.6,41989,1
4724,Kutubdia,1999,9,33,25.3,314,87,1.7,5.2,41989,0
4725,Kutubdia,1999,10,33.2,24.9,262,85,1.1,4.2,41989,0
4726,Kutubdia,1999,11,32.2,20.7,34,75,0.7,0.7,41989,0
4727,Kutubdia,1999,12,30.8,17.8,66,78,0.7,1.1,41989,0
4728,Kutubdia,2000,1,28.6,15.4,10,76,1.1,0.6,41989,0
4729,Kutubdia,2000,2,31.6,16.8,3,69,1.3,2,41989,0
4730,Kutubdia,2000,3,33.5,20.8,43,81,1.5,2.4,41989,0
4731,Kutubdia,2000,4,33.8,24,84,82,2.4,2,41989,0
4732,Kutubdia,2000,5,33.6,24.5,446,86,1.8,4.8,41989,1
4733,Kutubdia,2000,6,33.8,25.4,691,90,2.2,6.1,41989,1
4734,Kutubdia,2000,7,33.6,25.3,792,89,2.2,6,41989,1
4735,Kutubdia,2000,8,33.6,25.1,659,86,1.6,5.9,41989,1
4736,Kutubdia,2000,9,33.4,25.2,85,85,1.1,5.2,41989,0
4737,Kutubdia,2000,10,34.8,24.7,321,85,0.9,3.8,41989,0
4738,Kutubdia,2000,11,32.4,20.1,4,79,0.5,1.1,41989,0
4739,Kutubdia,2000,12,30.8,15.3,0,74,0.5,0.3,41989,0
4740,Kutubdia,2001,1,29,13.4,0,69,0.7,0.2,41989,0
4741,Kutubdia,2001,2,30.4,16.8,20,76,0.6,0.8,41989,0
4742,Kutubdia,2001,3,33,20.5,1,76,0.6,0.7,41989,0
4743,Kutubdia,2001,4,34,24.6,19,83,1,2.3,41989,0
4744,Kutubdia,2001,5,34.8,24.5,302,84,1,4,41989,0
4745,Kutubdia,2001,6,32.8,24.9,773,90,2,6.2,41989,1
4746,Kutubdia,2001,7,32.4,25.2,413,89,1.5,6.1,41989,1
4747,Kutubdia,2001,8,33,25.6,301,87,0.9,5.4,41989,0
4748,Kutubdia,2001,9,34.5,25.2,167,86,0.6,4.6,41989,0
4749,Kutubdia,2001,10,33.4,24.3,200,86,0.3,4,41989,0
4750,Kutubdia,2001,11,32.5,21.7,124,82,0.3,2.7,41989,0
4751,Kutubdia,2001,12,28.2,15.9,0,77,0.3,1.3,41989,0
4752,Kutubdia,2002,1,28.5,15.9,3,76,0.4,1.6,41989,0
4753,Kutubdia,2002,2,31.5,17,0,74,0.7,0.5,41989,0
4754,Kutubdia,2002,3,34,20.7,41,80,0.7,1,41989,0
4755,Kutubdia,2002,4,34.5,23.7,56,82,1.2,2.3,41989,0
4756,Kutubdia,2002,5,33.8,25.2,473,83,1.9,5.2,41989,1
4757,Kutubdia,2002,6,34,26,359,87,1.9,5.2,41989,1
4758,Kutubdia,2002,7,32.3,26,686,91,1.5,7.2,41989,1
4759,Kutubdia,2002,8,32.6,25.7,392,88,1.5,5.9,41989,1
4760,Kutubdia,2002,9,33.2,25.8,177,83,0.7,4.8,41989,0
4761,Kutubdia,2002,10,33,24.4,202,81,0.4,2.9,41989,0
4762,Kutubdia,2002,11,31.3,20.8,0,80,0,0,41989,0
4763,Kutubdia,2002,12,29.8,17,0,74,0.4,0.9,41989,0
4764,Kutubdia,2003,1,27.2,14.5,0,77,0.5,0.9,41989,0
4765,Kutubdia,2003,2,29.8,17.8,0,75,0.7,1,41989,0
4766,Kutubdia,2003,3,32,20.1,66,75,0.9,1.5,41989,0
4767,Kutubdia,2003,4,35.2,25.3,11,79,1.3,2.1,41989,0
4768,Kutubdia,2003,5,34,26.3,215,80,1.4,4.4,41989,0
4769,Kutubdia,2003,6,34,25,925,90,2,6.7,41989,1
4770,Kutubdia,2003,7,33.6,26.2,330,85,1.5,5.5,41989,0
4771,Kutubdia,2003,8,33.5,25.9,327,85,1.6,5.4,41989,0
4772,Kutubdia,2003,9,33.2,25.8,390,85,1,5.4,41989,1
4773,Kutubdia,2003,10,36.4,25.4,231,83,0.6,3.7,41989,0
4774,Kutubdia,2003,11,33,19.7,0,73,0.4,0.1,41989,0
4775,Kutubdia,2003,12,29.6,17,0,75,0.6,1.4,41989,0
4776,Kutubdia,2004,1,27.7,15.7,0,78,0.9,1.5,41989,0
4777,Kutubdia,2004,2,29.4,16.5,0,75,0.9,0.5,41989,0
4778,Kutubdia,2004,3,33.2,22,4,78,1.5,2.1,41989,0
4779,Kutubdia,2004,4,33.3,24.3,134,81,1.5,3.6,41989,0
4780,Kutubdia,2004,5,35.8,26.3,167,80,1.3,3.8,41989,0
4781,Kutubdia,2004,6,34.5,26,539,83,1.4,5.9,41989,1
4782,Kutubdia,2004,7,32.5,25.7,559,86,1.7,6.6,41989,1
4783,Kutubdia,2004,8,33.3,25.8,461,86,1.9,6,41989,1
4784,Kutubdia,2004,9,32.9,25.5,528,85,1.1,5.7,41989,1
4785,Kutubdia,2004,10,33.3,24.4,149,83,0.9,3.5,41989,0
4786,Kutubdia,2004,11,32,19.3,0,75,0.4,0.5,41989,0
4787,Kutubdia,2004,12,29.7,17.2,0,72,0.6,0.6,41989,0
4788,Kutubdia,2005,1,29.5,15.5,4,71,1,1.7,41989,0
4789,Kutubdia,2005,2,31.1,19.1,0,75,1.4,1.3,41989,0
4790,Kutubdia,2005,3,31.2,22,102,81,1.7,2.8,41989,0
4791,Kutubdia,2005,4,37.5,24.8,139,79,1.3,2.5,41989,0
4792,Kutubdia,2005,5,34.5,25.7,218,78,1.6,3.4,41989,0
4793,Kutubdia,2005,6,35,27.1,433,83,2.6,5.4,41989,1
4794,Kutubdia,2005,7,33,26.1,507,86,2.6,6.5,41989,1
4795,Kutubdia,2005,8,33.2,25.9,853,89,2.2,7.2,41989,1
4796,Kutubdia,2005,9,34.4,25.9,251,85,1.4,6.1,41989,0
4797,Kutubdia,2005,10,34.2,25.5,189,83,1,4.5,41989,0
4798,Kutubdia,2005,11,32.2,20.4,16,77,0.8,2.2,41989,0
4799,Kutubdia,2005,12,30.6,18.3,15,75,1.1,3,41989,0
4800,Kutubdia,2006,1,29.5,15.5,0,74,1.2,1.7,41989,0
4801,Kutubdia,2006,2,31.2,19.4,0,82,1.1,1.3,41989,0
4802,Kutubdia,2006,3,34.6,21.9,0,73,1.2,2.8,41989,0
4803,Kutubdia,2006,4,34.5,24.9,25,76,1.8,2.5,41989,0
4804,Kutubdia,2006,5,34.4,25.5,626,79,2,3.4,41989,1
4805,Kutubdia,2006,6,34.2,26.4,488,85,2,5.4,41989,1
4806,Kutubdia,2006,7,32.4,26,899,87,2.5,6.5,41989,1
4807,Kutubdia,2006,8,32.3,25.2,344,84,2.4,7.2,41989,1
4808,Kutubdia,2006,9,33.3,26,502,85,1.5,6.1,41989,1
4809,Kutubdia,2006,10,34.6,25.4,81,83,0.8,4.5,41989,0
4810,Kutubdia,2006,11,32.6,21.5,2,76,1.1,2.2,41989,0
4811,Kutubdia,2006,12,29.8,16.6,0,74,0.9,3,41989,0
4812,Kutubdia,2007,1,27.1,14.5,0,74,1,0.9,41989,0
4813,Kutubdia,2007,2,30.3,18,117,75,1.5,2.1,41989,0
4814,Kutubdia,2007,3,32.5,20.2,0,72,1.4,1,41989,0
4815,Kutubdia,2007,4,33.5,23.5,104,81,1.6,3.5,41989,0
4816,Kutubdia,2007,5,34,26,365,81,1.7,4.7,41989,0
4817,Kutubdia,2007,6,34.7,26.5,483,83,2.1,5.8,41989,1
4818,Kutubdia,2007,7,34,25.6,709,88,2,6.8,41989,1
4819,Kutubdia,2007,8,33.5,25.8,416,86,1.7,6.2,41989,1
4820,Kutubdia,2007,9,32.6,25.7,481,87,1.2,6.4,41989,1
4821,Kutubdia,2007,10,33.8,24,325,84,1,4.3,41989,0
4822,Kutubdia,2007,11,32.2,22,162,83,0.9,2.9,41989,0
4823,Kutubdia,2007,12,32.6,22.1,0,74,1,1.7,41989,0
4824,Kutubdia,2008,1,27.5,15.8,52,76,1.1,2.3,41989,0
4825,Kutubdia,2008,2,29,16.1,6,71,1.1,1.1,41989,0
4826,Kutubdia,2008,3,32.4,22.1,10,82,0.8,2.6,41989,0
4827,Kutubdia,2008,4,34,24.5,1,76,1,2.3,41989,0
4828,Kutubdia,2008,5,34.7,25.5,253,77,1.4,4.6,41989,0
4829,Kutubdia,2008,6,34,26.2,441,84,2,6.3,41989,1
4830,Kutubdia,2008,7,33.3,25.3,1256,88,2.1,6.6,41989,1
4831,Kutubdia,2008,8,33.6,25.6,659,86,2,6.4,41989,1
4832,Kutubdia,2008,9,34,25.7,305,85,1.6,5.7,41989,0
4833,Kutubdia,2008,10,34.2,25.1,181,82,0.9,3.4,41989,0
4834,Kutubdia,2008,11,32,20.4,7,76,0.6,1.6,41989,0
4835,Kutubdia,2008,12,30.2,18,0,78,0.6,1.3,41989,0
4836,Kutubdia,2009,1,30,15.5,0,72,2.3,0.1,41989,0
4837,Kutubdia,2009,2,30.5,17.8,0,71,2.1,0.6,41989,0
4838,Kutubdia,2009,3,32.5,22.2,2,81,1.9,3,41989,0
4839,Kutubdia,2009,4,33.2,25.5,87,81,3.2,3.4,41989,0
4840,Kutubdia,2009,5,35.7,25.6,180,76,2,4.4,41989,0
4841,Kutubdia,2009,6,34,26.3,410,81,2,5.7,41989,1
4842,Kutubdia,2009,7,33,25.8,1067,87,2.7,6.6,41989,1
4843,Kutubdia,2009,8,33,25.8,448,86,2.3,6.7,41989,1
4844,Kutubdia,2009,9,33.7,25.8,308,84,2.3,5.6,41989,0
4845,Kutubdia,2009,10,33,24.5,125,79,1.8,3.3,41989,0
4846,Kutubdia,2009,11,33.7,21.2,31,75,1.5,2.3,41989,0
4847,Kutubdia,2009,12,29.2,16.3,0,70,1.7,0.5,41989,0
4848,Kutubdia,2010,1,26.5,15.2,0,73,1.9,0.8,41989,0
4849,Kutubdia,2010,2,30.3,17.2,2,69,1.5,1.5,41989,0
4850,Kutubdia,2010,3,33.8,23.1,10,78,2.7,2.4,41989,0
4851,Kutubdia,2010,4,34.5,26.3,4,77,3.9,3.9,41989,0
4852,Kutubdia,2010,5,35.3,26.4,464,76,2.3,5.3,41989,1
4853,Kutubdia,2010,6,34,26.3,666,85,2.3,6.4,41989,1
4854,Kutubdia,2010,7,33.5,26.2,517,83,2.6,6.4,41989,1
4855,Kutubdia,2010,8,33.7,26.2,466,83,1.8,6.6,41989,1
4856,Kutubdia,2010,9,33,25.9,120,83,1.8,6.2,41989,0
4857,Kutubdia,2010,10,34.8,25.5,403,82,1.7,5,41989,1
4858,Kutubdia,2010,11,32.7,21.3,0,76,1.4,1.3,41989,0
4859,Kutubdia,2010,12,31.6,17,50,72,1.6,1.1,41989,0
4860,Kutubdia,2011,1,28.6,14.6,5,67,1.8,0.9,41989,0
4861,Kutubdia,2011,2,29.6,17.7,0,70,1.6,0.4,41989,0
4862,Kutubdia,2011,3,32.4,20.7,22,73,2,1.1,41989,0
4863,Kutubdia,2011,4,34.4,24.2,118,79,1.6,2.9,41989,0
4864,Kutubdia,2011,5,33.8,25.3,316,81,2.9,5.5,41989,0
4865,Kutubdia,2011,6,33.8,26,952,87,2.6,6.3,41989,1
4866,Kutubdia,2011,7,32.8,26,803,87,2.2,5.8,41989,1
4867,Kutubdia,2011,8,33.8,25.7,856,88,2.4,6.6,41989,1
4868,Kutubdia,2011,9,33.4,25.5,597,88,2.3,5.9,41989,1
4869,Kutubdia,2011,10,34.4,24.8,224,82,1.2,3.9,41989,0
4870,Kutubdia,2011,11,31.8,19.3,0,76,1.4,0.4,41989,0
4871,Kutubdia,2011,12,29.8,16.4,1,78,1.6,1.5,41989,0
4872,Kutubdia,2012,1,27.9,15.2,0,70,1.7,1.5,41989,0
4873,Kutubdia,2012,2,30.6,16.6,0,68,1.7,0.7,41989,0
4874,Kutubdia,2012,3,33.1,21.9,37,79,1.6,2.1,41989,0
4875,Kutubdia,2012,4,33.8,24.4,135,84,2.5,3.4,41989,0
4876,Kutubdia,2012,5,37,25.8,251,86,2.1,4.4,41989,0
4877,Kutubdia,2012,6,34.6,25.8,1178,90,2.8,6.4,41989,1
4878,Kutubdia,2012,7,32.5,25.3,1688,93,2.7,7.4,41989,1
4879,Kutubdia,2012,8,33.4,25.7,527,92,1.7,5.9,41989,1
4880,Kutubdia,2012,9,34.4,25.8,260,87,2,5.8,41989,0
4881,Kutubdia,2012,10,34.4,24.4,554,83,1.6,2.9,41989,1
4882,Kutubdia,2012,11,33,20.5,47,83,1,2.7,41989,0
4883,Kutubdia,2012,12,28.4,14.7,0,82,0.9,0.4,41989,0
4884,Kutubdia,2013,1,28.6,13.5,0,81,0.9,0.4,41989,0
4885,Kutubdia,2013,2,30,17.5,1,81,1.4,1.3,41989,0
4886,Kutubdia,2013,3,32,21.3,0,81,1.2,1,41989,0
4887,Kutubdia,2013,4,33.4,24.3,85,88,1.6,2.5,41989,0
4888,Kutubdia,2013,5,34.5,24.6,1088,88,2.4,6.2,41989,1
4889,Kutubdia,2013,6,34,25.6,1058,90,1.8,6.2,41989,1
4890,Kutubdia,2013,7,33.6,25.1,818,89,2.2,6.4,41989,1
4891,Kutubdia,2013,8,33,25.3,642,89,2,6.4,41989,1
4892,Kutubdia,2013,9,33.8,24.8,296,89,1.7,6,41989,0
4893,Kutubdia,2013,10,34.5,23.8,215,90,1.4,5.1,41989,0
4894,Kutubdia,2013,11,31.5,19,0,77,1.4,0.9,41989,0
4895,Kutubdia,2013,12,29.5,15.8,0,77,1.1,0.4,41989,0
4896,Madaripur,1990,1,29.5,12.6,0,75,0.7,0.6,41939,0
4897,Madaripur,1990,2,31.8,16.3,57,72,0.7,2.3,41939,0
4898,Madaripur,1990,3,34.6,18.6,193,75,1.2,3.8,41939,0
4899,Madaripur,1990,4,35.2,22.3,111,74,1.8,3.8,41939,0
4900,Madaripur,1990,5,35.8,24.4,214,76,1.3,5,41939,0
4901,Madaripur,1990,6,35,26,276,82,2.1,6.6,41939,0
4902,Madaripur,1990,7,34,25.9,425,85,1.3,6.7,41939,1
4903,Madaripur,1990,8,34.6,26.1,176,80,1.4,5.9,41939,0
4904,Madaripur,1990,9,35,25.7,393,81,1.5,6.1,41939,1
4905,Madaripur,1990,10,34.2,23,210,77,1.3,4.4,41939,0
4906,Madaripur,1990,11,32.9,20.2,105,73,0.7,2.8,41939,0
4907,Madaripur,1990,12,29.4,14.3,9,71,0.6,1.7,41939,0
4908,Madaripur,1991,1,28.5,12.3,11,72,0.7,2.1,41939,0
4909,Madaripur,1991,2,33.8,16.1,17,66,0.8,0.9,41939,0
4910,Madaripur,1991,3,37,20.9,60,65,0.9,2.2,41939,0
4911,Madaripur,1991,4,37.4,23.8,46,71,1.7,3.7,41939,0
4912,Madaripur,1991,5,34.9,24.2,307,80,3,6,41939,0
4913,Madaripur,1991,6,34.8,25.3,541,85,1.8,6.8,41939,1
4914,Madaripur,1991,7,34.6,26.1,337,84,2.5,6.7,41939,0
4915,Madaripur,1991,8,35,25.9,458,84,2.2,6.5,41939,1
4916,Madaripur,1991,9,34.6,25.7,233,84,1.1,6.1,41939,0
4917,Madaripur,1991,10,35.1,24,346,81,0.8,4.4,41939,1
4918,Madaripur,1991,11,31.2,17.9,15,70,0.4,2.2,41939,0
4919,Madaripur,1991,12,30,13.5,34,75,0.6,2,41939,0
4920,Madaripur,1992,1,28.6,11.5,4,76,0.6,0.6,41939,0
4921,Madaripur,1992,2,30,14.8,215,71,1,2.1,41939,0
4922,Madaripur,1992,3,36.9,21.4,1,65,1.4,1.6,41939,0
4923,Madaripur,1992,4,38.5,24.6,0,63,2.3,2.9,41939,0
4924,Madaripur,1992,5,36.6,23.7,231,74,1.6,4.2,41939,0
4925,Madaripur,1992,6,36.2,25.8,263,79,1.6,5.2,41939,0
4926,Madaripur,1992,7,34.2,25.4,297,85,1.4,6.8,41939,0
4927,Madaripur,1992,8,35.5,25.7,297,82,1.3,6.4,41939,0
4928,Madaripur,1992,9,34.8,25.5,102,81,1.4,5.6,41939,0
4929,Madaripur,1992,10,34.8,23.5,96,76,0.8,3.6,41939,0
4930,Madaripur,1992,11,34.4,18.5,1,71,0.6,2.6,41939,0
4931,Madaripur,1992,12,28.2,12.2,0,72,0.6,0.5,41939,0
4932,Madaripur,1993,1,28.6,11.4,0,72,0.6,1,41939,0
4933,Madaripur,1993,2,32.8,16,29,69,1,1.7,41939,0
4934,Madaripur,1993,3,35.7,17.8,127,60,1.1,1.9,41939,0
4935,Madaripur,1993,4,36.8,22.1,133,69,1.4,3.8,41939,0
4936,Madaripur,1993,5,35.2,23.4,345,78,1.6,5.2,41939,0
4937,Madaripur,1993,6,34.8,25.2,370,82,1.8,6.4,41939,1
4938,Madaripur,1993,7,34.7,25.8,405,85,1.9,6.8,41939,1
4939,Madaripur,1993,8,34.2,26.3,317,84,1.3,6.9,41939,0
4940,Madaripur,1993,9,35,25.5,349,83,1.3,6.3,41939,1
4941,Madaripur,1993,10,34.6,24.2,44,79,0.6,4,41939,0
4942,Madaripur,1993,11,30.6,19.6,41,73,0.4,2,41939,0
4943,Madaripur,1993,12,29.5,14.2,0,71,0.5,1.7,41939,0
4944,Madaripur,1994,1,29,12.5,12,70,0.8,1.3,41939,0
4945,Madaripur,1994,2,30.8,14.1,15,72,0.8,1.9,41939,0
4946,Madaripur,1994,3,35,20.9,95,64,1.7,2.8,41939,0
4947,Madaripur,1994,4,37.2,23,166,69,1,3.5,41939,0
4948,Madaripur,1994,5,36.4,24.7,306,79,1.5,4.7,41939,0
4949,Madaripur,1994,6,35.1,26,399,84,1.9,6.6,41939,1
4950,Madaripur,1994,7,34,26.2,262,86,1.9,7,41939,0
4951,Madaripur,1994,8,33.6,26.4,204,84,1.5,6.5,41939,0
4952,Madaripur,1994,9,34.4,25.8,174,83,1.2,4.8,41939,0
4953,Madaripur,1994,10,34,23.7,30,76,0.6,3.1,41939,0
4954,Madaripur,1994,11,32.9,19.2,0,74,0.5,2.9,41939,0
4955,Madaripur,1994,12,29.9,12.5,0,69,0.4,0.8,41939,0
4956,Madaripur,1995,1,28,11,6,69,0.6,1.6,41939,0
4957,Madaripur,1995,2,30,14.9,32,72,0.6,1.9,41939,0
4958,Madaripur,1995,3,37.2,18.8,0,63,0.7,1.9,41939,0
4959,Madaripur,1995,4,38.2,23.9,72,69,1.6,3.3,41939,0
4960,Madaripur,1995,5,37.6,26.2,213,78,1.4,4.7,41939,0
4961,Madaripur,1995,6,35.5,26.5,601,84,1,5.9,41939,1
4962,Madaripur,1995,7,34,26.1,346,86,1.7,6.8,41939,0
4963,Madaripur,1995,8,34.5,26.4,508,84,1.3,6,41939,1
4964,Madaripur,1995,9,34.8,26.2,225,84,1.1,6.1,41939,0
4965,Madaripur,1995,10,34.6,24.8,87,79,0.6,3.8,41939,0
4966,Madaripur,1995,11,34.2,20.7,99,79,0.7,2.9,41939,0
4967,Madaripur,1995,12,28.6,13.8,0,74,0.4,0.5,41939,0
4968,Madaripur,1996,1,29,12.7,0,80,0.6,0.8,41939,0
4969,Madaripur,1996,2,32,15.4,27,76,0.6,1.3,41939,0
4970,Madaripur,1996,3,35.3,21.6,36,74,1.2,2.3,41939,0
4971,Madaripur,1996,4,37,23.1,164,75,1.1,3.3,41939,0
4972,Madaripur,1996,5,36.9,25.3,241,80,1.4,4.6,41939,0
4973,Madaripur,1996,6,35.6,25.5,604,86,0.9,5.4,41939,1
4974,Madaripur,1996,7,34.5,26.3,224,87,1.3,5.9,41939,0
4975,Madaripur,1996,8,34,26.3,258,87,1.1,5.9,41939,0
4976,Madaripur,1996,9,36.5,26.4,224,85,0.7,4.5,41939,0
4977,Madaripur,1996,10,35.4,23.8,214,82,0.6,2.9,41939,0
4978,Madaripur,1996,11,33.4,19.2,57,81,0.3,1.2,41939,0
4979,Madaripur,1996,12,29,14,0,80,0.4,1.4,41939,0
4980,Madaripur,1997,1,27,11.4,27,80,0.5,1.5,41939,0
4981,Madaripur,1997,2,31.2,14.5,14,77,0.7,1.7,41939,0
4982,Madaripur,1997,3,34.5,20.8,76,77,0.8,2.5,41939,0
4983,Madaripur,1997,4,35.5,21.1,234,80,0.8,3.5,41939,0
4984,Madaripur,1997,5,36.3,24.4,240,82,0.9,4.2,41939,0
4985,Madaripur,1997,6,35.8,25.7,257,86,1,5.6,41939,0
4986,Madaripur,1997,7,34.8,26.2,344,88,1,6.2,41939,0
4987,Madaripur,1997,8,36.3,26.4,371,87,1.1,5.7,41939,1
4988,Madaripur,1997,9,34.5,25.6,438,88,0.7,5.4,41939,1
4989,Madaripur,1997,10,33.7,22.9,6,81,0.3,1.9,41939,0
4990,Madaripur,1997,11,33.4,19.8,17,80,0.2,2,41939,0
4991,Madaripur,1997,12,29.2,14.7,24,83,0.4,2.5,41939,0
4992,Madaripur,1998,1,26.8,12.3,35,84,0.5,2.7,41939,0
4993,Madaripur,1998,2,32.2,16.1,40,80,0.3,2.2,41939,0
4994,Madaripur,1998,3,34.4,18.3,152,73,0.5,2.4,41939,0
4995,Madaripur,1998,4,35.6,22.9,232,81,0.8,3.5,41939,0
4996,Madaripur,1998,5,37,25.7,221,83,0.7,4.7,41939,0
4997,Madaripur,1998,6,35.7,27.3,146,85,1.2,5,41939,0
4998,Madaripur,1998,7,34.4,26.5,607,89,1,6.6,41939,1
4999,Madaripur,1998,8,34.8,26.9,285,88,1,5.9,41939,0
5000,Madaripur,1998,9,36.3,26.5,273,83,0.7,5,41939,0
5001,Madaripur,1998,10,35.6,25.7,101,80,0.5,3.8,41939,0
5002,Madaripur,1998,11,33.5,21.5,108,81,0.5,2.5,41939,0
5003,Madaripur,1998,12,29.1,15.5,0,81,0.3,0.4,41939,0
5004,Madaripur,1999,1,29.2,13,0,79,0.4,0.6,41939,0
5005,Madaripur,1999,2,30.2,16.2,0,74,0.4,1,41939,0
5006,Madaripur,1999,3,34.2,20.8,0,70,0.7,1.3,41939,0
5007,Madaripur,1999,4,35.1,25.4,9,77,1.3,2.8,41939,0
5008,Madaripur,1999,5,34.4,25.3,236,84,1,4.6,41939,0
5009,Madaripur,1999,6,34.3,26.2,314,87,0.9,5.9,41939,0
5010,Madaripur,1999,7,34.8,25.9,592,88,0.9,6.4,41939,1
5011,Madaripur,1999,8,34.5,26.3,357,87,0.7,6.4,41939,0
5012,Madaripur,1999,9,34.1,26,191,87,0.5,5.8,41939,0
5013,Madaripur,1999,10,35.3,25,384,86,0.3,4.9,41939,0
5014,Madaripur,1999,11,32.6,19.9,16,80,0.1,1.2,41939,0
5015,Madaripur,1999,12,29.5,15.1,0,81,0.1,0.5,41939,0
5016,Madaripur,2000,1,29.5,13.2,16,81,0.3,0.8,41939,0
5017,Madaripur,2000,2,28.8,15.6,46,78,0.2,3.1,41939,0
5018,Madaripur,2000,3,35,20.1,5,73,0.4,2.3,41939,0
5019,Madaripur,2000,4,35.6,23.7,212,80,0.8,3.1,41939,0
5020,Madaripur,2000,5,37,24.6,341,83,0.6,5.2,41939,0
5021,Madaripur,2000,6,35.8,26.2,182,86,0.6,5.8,41939,0
5022,Madaripur,2000,7,35.6,26.4,259,87,0.6,5.8,41939,0
5023,Madaripur,2000,8,35.5,26.7,321,86,0.5,5.9,41939,0
5024,Madaripur,2000,9,34.5,25.9,214,86,0.3,5.2,41939,0
5025,Madaripur,2000,10,39.7,24.4,321,86,0.4,3.8,41939,0
5026,Madaripur,2000,11,33.5,19.7,0,82,0.1,0.9,41939,0
5027,Madaripur,2000,12,28.5,13.7,0,80,0.1,0.3,41939,0
5028,Madaripur,2001,1,28.6,11,0,78,0.2,0.6,41939,0
5029,Madaripur,2001,2,31.8,15.6,51,76,0.2,1.1,41939,0
5030,Madaripur,2001,3,35.7,19.7,8,72,0.5,1.8,41939,0
5031,Madaripur,2001,4,38,24,31,77,0.9,3,41939,0
5032,Madaripur,2001,5,35.6,24,552,85,0.7,4.4,41939,1
5033,Madaripur,2001,6,34.6,25.7,625,90,1,6,41939,1
5034,Madaripur,2001,7,33.3,26.3,422,90,1,6.3,41939,1
5035,Madaripur,2001,8,34.7,26.8,223,86,0.8,5.1,41939,0
5036,Madaripur,2001,9,35.2,26,258,87,0.6,4.4,41939,0
5037,Madaripur,2001,10,35.1,24.8,162,86,0.3,3.6,41939,0
5038,Madaripur,2001,11,32.5,21,47,84,0.2,2.6,41939,0
5039,Madaripur,2001,12,29.5,14.2,0,83,0.3,0.9,41939,0
5040,Madaripur,2002,1,28.5,13.9,8,80,0.4,1.6,41939,0
5041,Madaripur,2002,2,34,15.3,6,73,0.4,0.6,41939,0
5042,Madaripur,2002,3,36,20.2,100,72,0.4,1.8,41939,0
5043,Madaripur,2002,4,34.8,23.2,89,79,1,3.6,41939,0
5044,Madaripur,2002,5,37,24.6,193,83,1.1,4.4,41939,0
5045,Madaripur,2002,6,35,25.7,528,87,1,5.1,41939,1
5046,Madaripur,2002,7,36,26,553,89,0.8,6.3,41939,1
5047,Madaripur,2002,8,34.5,26.4,355,87,1,5.8,41939,0
5048,Madaripur,2002,9,35.2,25.7,209,86,0.7,4.6,41939,0
5049,Madaripur,2002,10,35,23.6,24,83,0.3,2.8,41939,0
5050,Madaripur,2002,11,33,19.6,100,82,0.3,2.6,41939,0
5051,Madaripur,2002,12,31,15.3,0,83,0.2,0.8,41939,0
5052,Madaripur,2003,1,28.6,11.2,0,82,0.5,1.7,41939,0
5053,Madaripur,2003,2,32,16.3,10,75,0.3,1.2,41939,0
5054,Madaripur,2003,3,34.7,18.9,70,76,0.4,2.2,41939,0
5055,Madaripur,2003,4,36,24.6,84,80,1,3.1,41939,0
5056,Madaripur,2003,5,36.8,25.5,66,80,0.7,3.6,41939,0
5057,Madaripur,2003,6,37,26,434,86,0.9,5.8,41939,1
5058,Madaripur,2003,7,34.6,26.9,283,86,1.1,4.9,41939,0
5059,Madaripur,2003,8,35.5,27.1,191,84,0.9,4.9,41939,0
5060,Madaripur,2003,9,34.5,26.5,221,87,0.7,5,41939,0
5061,Madaripur,2003,10,35.1,25.3,226,86,0.4,4.2,41939,0
5062,Madaripur,2003,11,33.3,18.9,0,79,0.2,0.4,41939,0
5063,Madaripur,2003,12,29.6,15.2,23,83,0.2,1.9,41939,0
5064,Madaripur,2004,1,27.8,13.2,0,83,0.3,1.9,41939,0
5065,Madaripur,2004,2,34.4,15.3,0,73,0.3,1,41939,0
5066,Madaripur,2004,3,35.8,21.7,6,73,0.6,2.3,41939,0
5067,Madaripur,2004,4,35.5,24.4,89,79,1.2,4.1,41939,0
5068,Madaripur,2004,5,38.3,25.8,96,76,0.8,3.6,41939,0
5069,Madaripur,2004,6,36,25.7,467,86,0.5,5.3,41939,1
5070,Madaripur,2004,7,35,26.5,204,86,0.9,6,41939,0
5071,Madaripur,2004,8,34.4,26.6,282,87,1,5.6,41939,0
5072,Madaripur,2004,9,35,26.2,873,88,0.8,5.8,41939,1
5073,Madaripur,2004,10,34.2,23.7,192,84,0.2,2.6,41939,0
5074,Madaripur,2004,11,30.6,18.3,12,81,0.1,0.7,41939,0
5075,Madaripur,2004,12,29.6,15.4,0,82,0.1,0.8,41939,0
5076,Madaripur,2005,1,28.6,13.1,0,80,0.2,1.8,41939,0
5077,Madaripur,2005,2,32.6,17,0,74,0.5,1.6,41939,0
5078,Madaripur,2005,3,35,21.8,61,77,0.6,3,41939,0
5079,Madaripur,2005,4,37.2,24.1,21,74,0.5,3.2,41939,0
5080,Madaripur,2005,5,36.7,24.8,114,79,0.5,3.8,41939,0
5081,Madaripur,2005,6,37,26.8,183,84,0.2,5,41939,0
5082,Madaripur,2005,7,34,26.2,556,88,0.2,6,41939,1
5083,Madaripur,2005,8,35,26.8,433,88,0.1,5.8,41939,1
5084,Madaripur,2005,9,35.3,26.5,164,86,0.1,5.1,41939,0
5085,Madaripur,2005,10,35,24.4,371,87,0.1,4.3,41939,0
5086,Madaripur,2005,11,31.3,18.6,1,83,0,1.3,41939,0
5087,Madaripur,2005,12,29.2,14.6,1,82,0.1,1.1,41939,0
5088,Madaripur,2006,1,28.3,12.5,0,81,0.1,0.9,41939,0
5089,Madaripur,2006,2,35,18.7,0,78,0.1,0.8,41939,0
5090,Madaripur,2006,3,37,20.5,0,71,0.1,2,41939,0
5091,Madaripur,2006,4,37,23.8,55,75,0.3,3.3,41939,0
5092,Madaripur,2006,5,37,25.2,237,80,0.3,4.4,41939,0
5093,Madaripur,2006,6,36.2,26.7,254,86,0.2,5.9,41939,0
5094,Madaripur,2006,7,34.6,26.7,223,87,0.6,6.2,41939,0
5095,Madaripur,2006,8,35,26.3,243,85,0.6,6,41939,0
5096,Madaripur,2006,9,35.3,26.1,453,87,0.5,5.1,41939,1
5097,Madaripur,2006,10,34.7,24.9,37,84,0,3.5,41939,0
5098,Madaripur,2006,11,32.6,19.4,1,82,0,2.5,41939,0
5099,Madaripur,2006,12,29.5,14.2,0,82,0,0.2,41939,0
5100,Madaripur,2007,1,28.5,11.6,0,80,0.1,0.6,41939,0
5101,Madaripur,2007,2,31.3,16.2,49,81,0.2,1.9,41939,0
5102,Madaripur,2007,3,36.2,18.2,35,70,0.2,1.1,41939,0
5103,Madaripur,2007,4,35.7,23.6,114,79,0.4,3.4,41939,0
5104,Madaripur,2007,5,37.5,25.7,56,79,0.5,3.6,41939,0
5105,Madaripur,2007,6,39.5,25.9,378,86,0.4,5.8,41939,0
5106,Madaripur,2007,7,34.7,26.3,501,89,0.5,6.2,41939,1
5107,Madaripur,2007,8,34.8,26.8,219,85,0.4,5.7,41939,0
5108,Madaripur,2007,9,34.6,26,291,86,0.4,5.8,41939,1
5109,Madaripur,2007,10,35.3,24.3,283,85,0.2,3.6,41939,0
5110,Madaripur,2007,11,32,20.3,135,84,0.3,2.1,41939,0
5111,Madaripur,2007,12,28.7,14.5,0,79,0.1,0.9,41939,0
5112,Madaripur,2008,1,30,13.7,40,78,0.3,1.8,41939,0
5113,Madaripur,2008,2,30.3,14.4,15,73,0.3,1.2,41939,0
5114,Madaripur,2008,3,34.6,21.7,35,77,0.5,3.3,41939,0
5115,Madaripur,2008,4,37,23.8,25,75,0.7,2.4,41939,0
5116,Madaripur,2008,5,37.5,25,146,80,0.5,4.1,41939,0
5117,Madaripur,2008,6,35.5,26.1,221,88,0.9,5.8,41939,0
5118,Madaripur,2008,7,33.5,26.2,532,90,0.8,6.6,41939,1
5119,Madaripur,2008,8,35,26.6,248,87,0.6,5.7,41939,0
5120,Madaripur,2008,9,35.3,26.4,172,87,0.5,5.3,41939,0
5121,Madaripur,2008,10,34.6,23.4,245,85,0.2,3,41939,0
5122,Madaripur,2008,11,32.2,18.7,0,80,0,1,41939,0
5123,Madaripur,2008,12,29.7,15.9,0,86,0,1.8,41939,0
5124,Madaripur,2009,1,28.9,13.9,0,82,0.1,0.5,41939,0
5125,Madaripur,2009,2,33,15.8,4,74,0.5,0.6,41939,0
5126,Madaripur,2009,3,36.6,20.2,9,72,0.9,2.5,41939,0
5127,Madaripur,2009,4,38,24.9,63,79,1.5,2.4,41939,0
5128,Madaripur,2009,5,37.2,24.8,226,80,1.3,4.4,41939,0
5129,Madaripur,2009,6,37,26.3,180,82,1.1,4.7,41939,0
5130,Madaripur,2009,7,35.9,26.3,355,86,1.2,6.3,41939,0
5131,Madaripur,2009,8,35.3,26.2,424,88,0.7,6.5,41939,1
5132,Madaripur,2009,9,35.5,26,213,86,0.8,4.9,41939,0
5133,Madaripur,2009,10,36,23.4,98,83,0,3.3,41939,0
5134,Madaripur,2009,11,34.7,19,8,79,0.1,2.3,41939,0
5135,Madaripur,2009,12,29.7,13.6,0,81,0,0.3,41939,0
5136,Madaripur,2010,1,28.8,11,1,82,0,1,41939,0
5137,Madaripur,2010,2,32.8,15.3,2,75,0.1,1.1,41939,0
5138,Madaripur,2010,3,36.9,22.3,11,71,0.6,2.5,41939,0
5139,Madaripur,2010,4,37.4,25.8,45,76,1.2,4.5,41939,0
5140,Madaripur,2010,5,36.7,25.1,167,80,0.6,4.7,41939,0
5141,Madaripur,2010,6,36.1,25.9,300,87,0.8,6.1,41939,0
5142,Madaripur,2010,7,35.3,26.7,289,86,0.3,6.1,41939,0
5143,Madaripur,2010,8,36,26.7,95,84,0.1,5.7,41939,0
5144,Madaripur,2010,9,34.2,26.4,142,86,0.4,5.7,41939,0
5145,Madaripur,2010,10,35.2,23.8,271,85,1.6,4,41939,0
5146,Madaripur,2010,11,33.1,20.4,2,82,1,1.5,41939,0
5147,Madaripur,2010,12,28.8,13.6,5,84,1.1,1.5,41939,0
5148,Madaripur,2011,1,28,10.7,0,81,1.5,0.5,41939,0
5149,Madaripur,2011,2,31.4,14.8,1,74,1.4,0.8,41939,0
5150,Madaripur,2011,3,35.2,19.5,20,72,1.7,1.8,41939,0
5151,Madaripur,2011,4,35.6,22.1,101,77,1.5,2.6,41939,0
5152,Madaripur,2011,5,36.1,24.4,169,83,1.6,3.9,41939,0
5153,Madaripur,2011,6,36.2,26,408,87,1.3,5.6,41939,1
5154,Madaripur,2011,7,35.7,26.2,342,85,1.1,5.2,41939,0
5155,Madaripur,2011,8,35.3,26.1,380,87,1.2,6.2,41939,1
5156,Madaripur,2011,9,35.8,26.2,131,86,1.4,5.2,41939,0
5157,Madaripur,2011,10,35,24.3,61,83,0,2.2,41939,0
5158,Madaripur,2011,11,32.1,18.2,0,82,0.1,0.5,41939,0
5159,Madaripur,2011,12,30,14.1,0,85,0.2,1,41939,0
5160,Madaripur,2012,1,28.7,12.9,25,82,0.3,1.6,41939,0
5161,Madaripur,2012,2,34,13.9,16,72,0.4,0.4,41939,0
5162,Madaripur,2012,3,36,21.2,1,72,0.8,1.4,41939,0
5163,Madaripur,2012,4,36.5,22.9,170,78,1.3,3.2,41939,0
5164,Madaripur,2012,5,36.6,25.1,110,80,1.3,2.7,41939,0
5165,Madaripur,2012,6,36.3,26.4,144,85,1.2,5.1,41939,0
5166,Madaripur,2012,7,35,26.3,377,87,1.3,6.1,41939,0
5167,Madaripur,2012,8,34.7,26.2,203,86,1,5.8,41939,0
5168,Madaripur,2012,9,35.5,26,216,87,0.7,4.7,41939,0
5169,Madaripur,2012,10,34,23.2,197,83,0.2,2.5,41939,0
5170,Madaripur,2012,11,32.5,18,86,81,0.2,1.8,41939,0
5171,Madaripur,2012,12,28.6,12.7,1,85,0.2,0.6,41939,0
5172,Madaripur,2013,1,28.4,10,0,79,0.5,0.4,41939,0
5173,Madaripur,2013,2,32.2,14.7,6,73,0.5,1,41939,0
5174,Madaripur,2013,3,36,20.4,15,71,0.1,1.4,41939,0
5175,Madaripur,2013,4,36.6,23.5,29,76,0.7,2.6,41939,0
5176,Madaripur,2013,5,37.3,24.1,751,86,0.9,6,41939,1
5177,Madaripur,2013,6,36,26.4,199,84,0.3,4.7,41939,0
5178,Madaripur,2013,7,35.6,26.3,309,86,0.6,5.4,41939,0
5179,Madaripur,2013,8,34.2,26,274,87,0.4,5.6,41939,0
5180,Madaripur,2013,9,35.5,25.9,365,87,0.1,4.9,41939,1
5181,Madaripur,2013,10,34.7,24,200,86,0.3,4.6,41939,0
5182,Madaripur,2013,11,32.3,18,4,78,0.1,0.5,41939,0
5183,Madaripur,2013,12,29.7,13.1,0,82,0,0.5,41939,0
5184,Maijdee Court,1990,1,28.5,14.6,0,84,0.1,0.7,41953,0
5185,Maijdee Court,1990,2,30.2,18.3,36,82,0.3,2.7,41953,0
5186,Maijdee Court,1990,3,33.5,19.1,154,81,0.5,3.6,41953,0
5187,Maijdee Court,1990,4,33.5,22.7,232,82,1.3,3.6,41953,0
5188,Maijdee Court,1990,5,35,25.6,429,81,0.6,4.5,41953,1
5189,Maijdee Court,1990,6,34,25.9,631,86,1.8,5.9,41953,1
5190,Maijdee Court,1990,7,31.5,25.7,752,89,1.2,6.4,41953,1
5191,Maijdee Court,1990,8,34,26.1,521,85,0.9,5.1,41953,1
5192,Maijdee Court,1990,9,33,25.6,243,87,0.9,5.3,41953,0
5193,Maijdee Court,1990,10,34.5,23.9,366,82,0.5,3.7,41953,0
5194,Maijdee Court,1990,11,32,22,99,82,0.2,2.4,41953,0
5195,Maijdee Court,1990,12,28.5,16.3,49,80,0.2,1.4,41953,0
5196,Maijdee Court,1991,1,28.5,13.8,17,79,0.3,1.5,41953,0
5197,Maijdee Court,1991,2,32,17.8,35,78,0.5,0.9,41953,0
5198,Maijdee Court,1991,3,35.2,21.5,26,76,0.5,1.4,41953,0
5199,Maijdee Court,1991,4,36,24.1,199,78,1.2,2.9,41953,0
5200,Maijdee Court,1991,5,33,24.5,339,84,1.8,5.1,41953,0
5201,Maijdee Court,1991,6,32.5,25.5,805,88,1.3,6,41953,1
5202,Maijdee Court,1991,7,33.6,26.2,626,87,1.4,5.9,41953,1
5203,Maijdee Court,1991,8,35.6,26.1,508,87,1.5,5.9,41953,1
5204,Maijdee Court,1991,9,33,26,441,88,0.6,5,41953,1
5205,Maijdee Court,1991,10,34.1,25,428,85,0.6,3.6,41953,1
5206,Maijdee Court,1991,11,29.5,19.6,55,79,0.3,1.9,41953,0
5207,Maijdee Court,1991,12,28.6,15.6,16,82,0.3,1.4,41953,0
5208,Maijdee Court,1992,1,28,13.6,0,84,0.3,0.3,41953,0
5209,Maijdee Court,1992,2,27.4,16.3,90,83,0.5,1.6,41953,0
5210,Maijdee Court,1992,3,35.5,22.8,2,79,1.1,2.2,41953,0
5211,Maijdee Court,1992,4,36.5,25,0,77,1.6,2.3,41953,0
5212,Maijdee Court,1992,5,35,24.3,240,82,1.3,3.4,41953,0
5213,Maijdee Court,1992,6,35.4,26,268,84,1.1,4.4,41953,0
5214,Maijdee Court,1992,7,33.4,25.8,515,87,1.5,5.9,41953,1
5215,Maijdee Court,1992,8,34,25.8,457,85,1,5.5,41953,1
5216,Maijdee Court,1992,9,34,25.5,272,86,0.7,4.8,41953,0
5217,Maijdee Court,1992,10,34,24.5,182,83,0.4,3.1,41953,0
5218,Maijdee Court,1992,11,32.5,20.3,5,81,0.2,2.9,41953,0
5219,Maijdee Court,1992,12,28,14.6,5,82,0.2,0.6,41953,0
5220,Maijdee Court,1993,1,28.4,13.6,1,81,0.2,0.6,41953,0
5221,Maijdee Court,1993,2,29.2,16.8,77,79,0.7,1.7,41953,0
5222,Maijdee Court,1993,3,32.5,19.1,380,77,0.7,2,41953,0
5223,Maijdee Court,1993,4,35,23.3,128,80,1,3.2,41953,0
5224,Maijdee Court,1993,5,34,24.3,481,83,1.5,5.1,41953,1
5225,Maijdee Court,1993,6,33,25.9,557,87,2.2,6.1,41953,1
5226,Maijdee Court,1993,7,32.4,25.7,502,87,2.1,6.5,41953,1
5227,Maijdee Court,1993,8,32.1,26,732,88,1.7,6.2,41953,1
5228,Maijdee Court,1993,9,34,25.5,332,85,1.4,5.7,41953,0
5229,Maijdee Court,1993,10,33.5,25,228,83,0.6,3.3,41953,0
5230,Maijdee Court,1993,11,30.6,20.9,8,80,0.4,1.3,41953,0
5231,Maijdee Court,1993,12,29,16.1,0,78,0.3,1.2,41953,0
5232,Maijdee Court,1994,1,28.2,14.3,8,72,0.5,0.6,41953,0
5233,Maijdee Court,1994,2,30.8,15.1,9,71,1,1.2,41953,0
5234,Maijdee Court,1994,3,33.4,21.4,135,75,2,2.5,41953,0
5235,Maijdee Court,1994,4,36.4,23.7,430,74,1.4,3.1,41953,1
5236,Maijdee Court,1994,5,36,26.1,108,79,1.6,3.8,41953,0
5237,Maijdee Court,1994,6,34,26.3,980,86,3,6.1,41953,1
5238,Maijdee Court,1994,7,32.5,26.1,397,85,2.7,6.3,41953,1
5239,Maijdee Court,1994,8,32.8,26,636,87,2,6.2,41953,1
5240,Maijdee Court,1994,9,34.1,26.1,199,82,1.3,4.2,41953,0
5241,Maijdee Court,1994,10,34,24.6,4,78,0.7,2.8,41953,0
5242,Maijdee Court,1994,11,32.3,20.7,10,75,0.5,3,41953,0
5243,Maijdee Court,1994,12,29,14.2,0,70,0.4,0.4,41953,0
5244,Maijdee Court,1995,1,25.6,13.5,0,72,0.3,0.7,41953,0
5245,Maijdee Court,1995,2,31.5,16.1,19,71,0.7,2.4,41953,0
5246,Maijdee Court,1995,3,36.6,19.4,84,68,0.9,1.4,41953,0
5247,Maijdee Court,1995,4,36.5,24.5,149,74,1.7,2.9,41953,0
5248,Maijdee Court,1995,5,35.4,26.5,265,79,2.2,4.2,41953,0
5249,Maijdee Court,1995,6,35.2,26.2,467,86,2.1,5.9,41953,1
5250,Maijdee Court,1995,7,32,26,737,87,2,6.5,41953,1
5251,Maijdee Court,1995,8,33.9,26.1,653,86,1.5,6.2,41953,1
5252,Maijdee Court,1995,9,34.1,26.3,495,86,1.3,5.9,41953,1
5253,Maijdee Court,1995,10,34.4,25.6,63,81,0.7,3.3,41953,0
5254,Maijdee Court,1995,11,33.4,21.8,249,81,1,3.5,41953,0
5255,Maijdee Court,1995,12,29.2,16.2,0,73,0.4,0.2,41953,0
5256,Maijdee Court,1996,1,28.8,14.6,0,78,0.6,0.6,41953,0
5257,Maijdee Court,1996,2,31.3,16.4,21,76,0.9,1.3,41953,0
5258,Maijdee Court,1996,3,33.8,22.4,66,80,1.7,2.9,41953,0
5259,Maijdee Court,1996,4,35.4,23.7,98,80,1.4,2.8,41953,0
5260,Maijdee Court,1996,5,36.2,25.3,264,81,1.9,4.3,41953,0
5261,Maijdee Court,1996,6,35,25.6,590,86,1.9,5.5,41953,1
5262,Maijdee Court,1996,7,33.5,26,590,89,1.7,6.1,41953,1
5263,Maijdee Court,1996,8,33.1,25.7,566,91,1.3,6.3,41953,1
5264,Maijdee Court,1996,9,36.7,26.4,213,86,0.7,4.7,41953,0
5265,Maijdee Court,1996,10,34.5,24.3,369,83,0.8,2.5,41953,1
5266,Maijdee Court,1996,11,33.2,20.5,56,82,0.4,1.4,41953,0
5267,Maijdee Court,1996,12,30.2,16.4,2,79,0.4,1.4,41953,0
5268,Maijdee Court,1997,1,27.8,13.1,1,77,0.4,1.1,41953,0
5269,Maijdee Court,1997,2,30.5,15.5,24,78,0.5,1.6,41953,0
5270,Maijdee Court,1997,3,33.5,21.2,108,80,0.8,2.2,41953,0
5271,Maijdee Court,1997,4,34.7,21,71,80,0.7,3.2,41953,0
5272,Maijdee Court,1997,5,36.7,24.8,218,81,1.1,3.7,41953,0
5273,Maijdee Court,1997,6,34.2,25.9,183,84,1.7,6,41953,0
5274,Maijdee Court,1997,7,33.6,25.9,1022,89,1.6,6.8,41953,1
5275,Maijdee Court,1997,8,36,26.3,433,86,1.5,6,41953,1
5276,Maijdee Court,1997,9,34.4,25.8,375,86,1,5.8,41953,1
5277,Maijdee Court,1997,10,33.5,24,80,80,0.4,2.1,41953,0
5278,Maijdee Court,1997,11,32.8,21.3,0,80,0.4,1.5,41953,0
5279,Maijdee Court,1997,12,28.5,16,19,84,0.7,2.1,41953,0
5280,Maijdee Court,1998,1,28.4,13.9,19,84,0.7,1.9,41953,0
5281,Maijdee Court,1998,2,32,16.8,24,81,0.6,1.8,41953,0
5282,Maijdee Court,1998,3,33.2,18.7,203,79,0.8,2.1,41953,0
5283,Maijdee Court,1998,4,34.7,23.2,204,84,1.3,3.3,41953,0
5284,Maijdee Court,1998,5,36.2,25.4,285,84,1.4,4.7,41953,0
5285,Maijdee Court,1998,6,35.8,27.4,177,85,2.3,4.9,41953,0
5286,Maijdee Court,1998,7,33,25.9,892,90,2,6.8,41953,1
5287,Maijdee Court,1998,8,34.4,26,897,90,1.3,6.6,41953,1
5288,Maijdee Court,1998,9,35,26.2,313,86,0.9,5.4,41953,1
5289,Maijdee Court,1998,10,35.2,25.8,184,84,0.7,3.3,41953,0
5290,Maijdee Court,1998,11,33.2,22.6,170,80,0.7,2,41953,0
5291,Maijdee Court,1998,12,29.6,17.5,0,80,0.6,0.3,41953,0
5292,Maijdee Court,1999,1,28.8,14.4,0,78,0.8,0.4,41953,0
5293,Maijdee Court,1999,2,33.3,17.2,0,76,0.7,0.9,41953,0
5294,Maijdee Court,1999,3,35.2,21.2,0,77,0.9,1.3,41953,0
5295,Maijdee Court,1999,4,37,24.7,20,78,1,2.1,41953,0
5296,Maijdee Court,1999,5,36.4,25,427,84,1.7,4.8,41953,1
5297,Maijdee Court,1999,6,35,25.6,645,87,1.8,6,41953,1
5298,Maijdee Court,1999,7,34.8,25.6,690,88,1.7,6.6,41953,1
5299,Maijdee Court,1999,8,34,25.7,648,89,1.9,6.8,41953,1
5300,Maijdee Court,1999,9,33.5,25.6,631,88,1.3,6.2,41953,1
5301,Maijdee Court,1999,10,34,24.9,233,87,0.8,5,41953,0
5302,Maijdee Court,1999,11,32.4,21,0,80,0.4,1,41953,0
5303,Maijdee Court,1999,12,29,16.8,8,81,0.5,1.1,41953,0
5304,Maijdee Court,2000,1,28.8,14.5,40,82,0.8,0.9,41953,0
5305,Maijdee Court,2000,2,28.8,15.9,13,77,0.8,3,41953,0
5306,Maijdee Court,2000,3,33.2,20.8,35,81,1.2,2.9,41953,0
5307,Maijdee Court,2000,4,34.6,23.2,142,82,1.6,3.1,41953,0
5308,Maijdee Court,2000,5,35.8,24.4,542,84,1.4,5.1,41953,1
5309,Maijdee Court,2000,6,34.6,25.7,568,86,1.9,6.2,41953,1
5310,Maijdee Court,2000,7,35.5,25.9,629,87,2,5.9,41953,1
5311,Maijdee Court,2000,8,35,26,393,86,1.6,6.2,41953,0
5312,Maijdee Court,2000,9,33.5,25.7,248,86,1.2,5.5,41953,0
5313,Maijdee Court,2000,10,35,24.9,155,85,0.6,3.3,41953,0
5314,Maijdee Court,2000,11,33.8,20.5,43,81,0.5,0.7,41953,0
5315,Maijdee Court,2000,12,28.5,15.4,0,78,0.5,0.2,41953,0
5316,Maijdee Court,2001,1,29.3,12.8,0,76,0.6,0.2,41953,0
5317,Maijdee Court,2001,2,32,16.5,27,77,0.6,1,41953,0
5318,Maijdee Court,2001,3,35,20,0,75,0.5,1.2,41953,0
5319,Maijdee Court,2001,4,37.5,23.9,10,76,1,2.7,41953,0
5320,Maijdee Court,2001,5,35.6,24.6,523,83,1,4.1,41953,1
5321,Maijdee Court,2001,6,33.6,25.4,881,89,2.3,6.6,41953,1
5322,Maijdee Court,2001,7,33.4,26,548,87,1.9,6.3,41953,1
5323,Maijdee Court,2001,8,34.6,26.2,465,85,1.1,5.9,41953,1
5324,Maijdee Court,2001,9,35,25.8,424,86,0.4,5.2,41953,1
5325,Maijdee Court,2001,10,34.2,25.1,254,85,0.2,4.2,41953,0
5326,Maijdee Court,2001,11,33.2,21.9,96,84,0.2,2.6,41953,0
5327,Maijdee Court,2001,12,28.2,16,0,82,0.1,0.5,41953,0
5328,Maijdee Court,2002,1,29,15.2,18,79,0.2,1.8,41953,0
5329,Maijdee Court,2002,2,32.2,16,0,73,0.3,0.6,41953,0
5330,Maijdee Court,2002,3,34.6,19.9,93,74,0.4,1.5,41953,0
5331,Maijdee Court,2002,4,34.8,22.8,120,80,1,3.2,41953,0
5332,Maijdee Court,2002,5,35,24.2,594,84,1.5,4.7,41953,1
5333,Maijdee Court,2002,6,35.4,25.2,685,88,1.4,5.8,41953,1
5334,Maijdee Court,2002,7,33.4,25.7,726,90,1.3,7,41953,1
5335,Maijdee Court,2002,8,35,25.8,476,87,1.3,5.9,41953,1
5336,Maijdee Court,2002,9,35.5,26,204,83,0.9,4.8,41953,0
5337,Maijdee Court,2002,10,35,24.4,98,81,0.4,2.7,41953,0
5338,Maijdee Court,2002,11,33.6,21.7,108,80,0.4,2.8,41953,0
5339,Maijdee Court,2002,12,30.3,17,0,80,0.2,0.4,41953,0
5340,Maijdee Court,2003,1,28.4,12.9,0,80,0.6,1,41953,0
5341,Maijdee Court,2003,2,31.8,16.8,7,74,0.8,1.2,41953,0
5342,Maijdee Court,2003,3,35,19.3,92,76,0.9,1.9,41953,0
5343,Maijdee Court,2003,4,36.1,24.4,130,80,1,2.7,41953,0
5344,Maijdee Court,2003,5,36.7,25.4,209,81,1.4,3.9,41953,0
5345,Maijdee Court,2003,6,36.6,25.4,927,89,1.9,6.1,41953,1
5346,Maijdee Court,2003,7,34.5,26.4,468,86,1.9,5.4,41953,1
5347,Maijdee Court,2003,8,34.8,26.4,455,86,1.5,5.3,41953,1
5348,Maijdee Court,2003,9,34.9,26.1,272,87,1.1,5.2,41953,0
5349,Maijdee Court,2003,10,34.6,25.7,499,84,0.5,3.6,41953,1
5350,Maijdee Court,2003,11,32.6,20.1,0,77,0.3,0.3,41953,0
5351,Maijdee Court,2003,12,29.2,16.8,32,83,0.3,1.6,41953,0
5352,Maijdee Court,2004,1,28.7,14.7,0,82,0.7,1,41953,0
5353,Maijdee Court,2004,2,32.6,16.2,0,74,0.6,1.2,41953,0
5354,Maijdee Court,2004,3,34.5,21.9,14,78,1.4,1.9,41953,0
5355,Maijdee Court,2004,4,34.3,23.8,277,82,1.7,2.7,41953,0
5356,Maijdee Court,2004,5,37,26.1,124,78,1,3.9,41953,0
5357,Maijdee Court,2004,6,35.7,25.2,643,87,0.9,6.1,41953,1
5358,Maijdee Court,2004,7,33.7,25.8,552,88,1.5,5.4,41953,1
5359,Maijdee Court,2004,8,34.1,25.9,511,87,1.7,5.3,41953,1
5360,Maijdee Court,2004,9,34.4,25.2,1008,89,1,5.2,41953,1
5361,Maijdee Court,2004,10,33.6,24.6,316,83,0.7,3.6,41953,0
5362,Maijdee Court,2004,11,30.6,19.9,0,79,0.4,0.3,41953,0
5363,Maijdee Court,2004,12,29.5,17.1,0,79,0.3,1.6,41953,0
5364,Maijdee Court,2005,1,27,14.6,25,77,0.7,0.4,41953,0
5365,Maijdee Court,2005,2,30.4,18.3,0,76,1,1.1,41953,0
5366,Maijdee Court,2005,3,34.5,21.9,153,80,1.3,1.3,41953,0
5367,Maijdee Court,2005,4,37.4,24.2,67,77,1.1,2.9,41953,0
5368,Maijdee Court,2005,5,36.8,24.8,214,80,1.1,4.3,41953,0
5369,Maijdee Court,2005,6,37.6,26.9,463,85,1.5,6,41953,1
5370,Maijdee Court,2005,7,33.8,26.1,724,88,2,6.4,41953,1
5371,Maijdee Court,2005,8,35,25.8,626,91,1.3,5.9,41953,1
5372,Maijdee Court,2005,9,34.8,25.9,226,86,1.1,4.8,41953,0
5373,Maijdee Court,2005,10,34.8,24.8,332,86,0.8,3.3,41953,0
5374,Maijdee Court,2005,11,32,20.6,0,80,0.6,2.2,41953,0
5375,Maijdee Court,2005,12,29.7,16.9,3,79,0.7,0.2,41953,0
5376,Maijdee Court,2006,1,29,14.5,0,79,0.7,0.4,41953,0
5377,Maijdee Court,2006,2,34.5,19.4,0,79,0.9,1.1,41953,0
5378,Maijdee Court,2006,3,36.2,21.4,2,73,0.8,1.3,41953,0
5379,Maijdee Court,2006,4,36.8,24.1,61,76,1.3,2.9,41953,0
5380,Maijdee Court,2006,5,37,25,507,82,1.2,4.3,41953,1
5381,Maijdee Court,2006,6,36.5,26.5,435,86,1.4,6,41953,1
5382,Maijdee Court,2006,7,34.5,26.2,479,88,1.7,6.4,41953,1
5383,Maijdee Court,2006,8,34.6,25.9,382,85,1.6,5.9,41953,0
5384,Maijdee Court,2006,9,35.5,25.6,633,87,1.2,4.8,41953,1
5385,Maijdee Court,2006,10,35.5,24.8,28,85,0.7,3.3,41953,0
5386,Maijdee Court,2006,11,32.8,20.8,20,84,0.6,2.2,41953,0
5387,Maijdee Court,2006,12,28.6,15.7,0,83,0.5,0.2,41953,0
5388,Maijdee Court,2007,1,28.4,13.1,0,81,0.6,0.4,41953,0
5389,Maijdee Court,2007,2,30,16.9,77,82,0.8,1.8,41953,0
5390,Maijdee Court,2007,3,35.4,18.6,9,72,0.9,0.9,41953,0
5391,Maijdee Court,2007,4,35.8,23.3,139,80,1.6,3.4,41953,0
5392,Maijdee Court,2007,5,38,25.4,376,81,1.4,3.6,41953,1
5393,Maijdee Court,2007,6,37,25.1,483,86,1.9,5.6,41953,1
5394,Maijdee Court,2007,7,35,25.3,762,90,1.5,6.9,41953,1
5395,Maijdee Court,2007,8,36.6,26.2,353,86,1.1,5.5,41953,0
5396,Maijdee Court,2007,9,35,25.5,759,87,0.8,6.3,41953,1
5397,Maijdee Court,2007,10,35.5,23.5,451,84,0.7,3.7,41953,1
5398,Maijdee Court,2007,11,33,21.3,105,83,0.5,2,41953,0
5399,Maijdee Court,2007,12,29,16.2,0,82,0.3,1.3,41953,0
5400,Maijdee Court,2008,1,29,14.8,27,81,0.5,1.6,41953,0
5401,Maijdee Court,2008,2,30.5,15.4,16,75,0.6,1.2,41953,0
5402,Maijdee Court,2008,3,34.4,21.5,68,79,1,3.1,41953,0
5403,Maijdee Court,2008,4,38,23.8,14,76,0.9,2.4,41953,0
5404,Maijdee Court,2008,5,37.4,25,202,79,1.2,4.3,41953,0
5405,Maijdee Court,2008,6,35,25.4,516,88,1.5,6.1,41953,1
5406,Maijdee Court,2008,7,34.2,25.3,980,90,1.1,6.8,41953,1
5407,Maijdee Court,2008,8,34.4,25.4,504,87,1.2,5.9,41953,1
5408,Maijdee Court,2008,9,35.6,25.5,250,85,0.6,5.2,41953,0
5409,Maijdee Court,2008,10,34.4,24.2,426,85,0.4,3.1,41953,1
5410,Maijdee Court,2008,11,33,20.1,1,80,0.2,1.1,41953,0
5411,Maijdee Court,2008,12,30,17.3,0,87,0.1,0.8,41953,0
5412,Maijdee Court,2009,1,29,15.1,0,82,0.6,0.4,41953,0
5413,Maijdee Court,2009,2,32.2,16.7,2,77,1.9,1,41953,0
5414,Maijdee Court,2009,3,35.4,21.4,6,78,1.7,2.8,41953,0
5415,Maijdee Court,2009,4,38,25,121,80,2.8,2.9,41953,0
5416,Maijdee Court,2009,5,37,25.2,386,80,3.1,4.3,41953,0
5417,Maijdee Court,2009,6,37,26.7,380,84,3.9,5.3,41953,0
5418,Maijdee Court,2009,7,35.2,26.2,864,88,4.8,6.6,41953,1
5419,Maijdee Court,2009,8,35,26.3,471,87,2.6,6.5,41953,1
5420,Maijdee Court,2009,9,35.6,26.2,244,85,1.7,5.4,41953,0
5421,Maijdee Court,2009,10,36,24.4,280,83,0.9,3.1,41953,0
5422,Maijdee Court,2009,11,33.2,21,54,79,0.4,1.9,41953,0
5423,Maijdee Court,2009,12,28.6,15.7,0,81,0,0.4,41953,0
5424,Maijdee Court,2010,1,29.6,12.8,0,80,0.3,0.9,41953,0
5425,Maijdee Court,2010,2,32,16.1,2,73,0.6,1,41953,0
5426,Maijdee Court,2010,3,36.6,23.1,2,75,2.2,2.6,41953,0
5427,Maijdee Court,2010,4,36.6,26.4,12,78,3.5,4.7,41953,0
5428,Maijdee Court,2010,5,37.2,25.3,293,80,3.7,5.5,41953,0
5429,Maijdee Court,2010,6,35.5,26.2,933,89,4.5,7,41953,1
5430,Maijdee Court,2010,7,35.2,26.7,409,87,3.6,6.6,41953,1
5431,Maijdee Court,2010,8,35,26.4,500,86,2.8,6.7,41953,1
5432,Maijdee Court,2010,9,34.6,26.3,301,87,3.1,5.9,41953,0
5433,Maijdee Court,2010,10,36.4,25.8,521,84,2.5,3.9,41953,1
5434,Maijdee Court,2010,11,33,22,10,80,2.5,1,41953,0
5435,Maijdee Court,2010,12,29,16.1,19,80,3.2,1.4,41953,0
5436,Maijdee Court,2011,1,27.7,12.8,0,78,3.3,0.6,41953,0
5437,Maijdee Court,2011,2,31,16.9,6,73,3.3,1,41953,0
5438,Maijdee Court,2011,3,34.5,20.3,24,74,3.6,2.8,41953,0
5439,Maijdee Court,2011,4,35.4,22.9,61,79,3.3,3.5,41953,0
5440,Maijdee Court,2011,5,36,24.7,358,84,3.6,5.2,41953,0
5441,Maijdee Court,2011,6,36,26.1,794,88,4.3,6.8,41953,1
5442,Maijdee Court,2011,7,35,26.5,791,88,3.5,6.5,41953,1
5443,Maijdee Court,2011,8,35.4,26.1,691,89,3.6,6.6,41953,1
5444,Maijdee Court,2011,9,36,26.1,392,87,3.5,6.1,41953,1
5445,Maijdee Court,2011,10,35,25.2,117,82,2.2,3.4,41953,0
5446,Maijdee Court,2011,11,32,20.4,0,78,2.2,0.4,41953,0
5447,Maijdee Court,2011,12,30,16.1,0,82,2.9,2,41953,0
5448,Maijdee Court,2012,1,27.3,14.5,6,78,3.3,2,41953,0
5449,Maijdee Court,2012,2,33,15.5,0,71,3.6,0.6,41953,0
5450,Maijdee Court,2012,3,35.4,22.1,44,77,3.6,2.3,41953,0
5451,Maijdee Court,2012,4,36,23.7,267,83,3.7,4,41953,0
5452,Maijdee Court,2012,5,36.5,25.7,286,80,3.6,3.5,41953,0
5453,Maijdee Court,2012,6,36,26.7,483,86,2.9,6.2,41953,1
5454,Maijdee Court,2012,7,34.8,26.4,431,88,2.2,7,41953,1
5455,Maijdee Court,2012,8,34.5,26.3,442,86,2,6.5,41953,1
5456,Maijdee Court,2012,9,35,26.2,322,86,3.7,5.9,41953,0
5457,Maijdee Court,2012,10,34.4,24.7,156,82,3.4,2.9,41953,0
5458,Maijdee Court,2012,11,32.4,20.4,29,81,2.2,2.6,41953,0
5459,Maijdee Court,2012,12,27.2,14.7,0,82,0.9,0.4,41953,0
5460,Maijdee Court,2013,1,28.5,12.5,0,73,3.1,0.4,41953,0
5461,Maijdee Court,2013,2,33.5,16.8,8,68,3.9,1.7,41953,0
5462,Maijdee Court,2013,3,36,21.2,4,71,3.5,2,41953,0
5463,Maijdee Court,2013,4,36,24,65,75,3.5,3.4,41953,0
5464,Maijdee Court,2013,5,35,24.7,671,86,5.6,7,41953,1
5465,Maijdee Court,2013,6,36.6,26.9,658,82,3.9,6.1,41953,1
5466,Maijdee Court,2013,7,35,26.5,482,86,5.3,6.7,41953,1
5467,Maijdee Court,2013,8,34,26.2,583,87,4.4,7,41953,1
5468,Maijdee Court,2013,9,35,26.3,355,86,3.1,6.1,41953,0
5469,Maijdee Court,2013,10,34.2,25,218,85,3.4,5.3,41953,0
5470,Maijdee Court,2013,11,32,20.2,0,77,3.3,1.3,41953,0
5471,Maijdee Court,2013,12,29.2,16.2,0,81,2.5,1.1,41953,0
5472,Mongla,1990,1,30,14.5,10.86956522,76,0.7,1.047826087,41958,0
5473,Mongla,1990,2,31.3,19.1,24.52173913,77,0.8,1.365217391,41958,0
5474,Mongla,1990,3,34.3,20.3,39.7826087,78,1.3,2.030434783,41958,0
5475,Mongla,1990,4,35.2,24.6,59.13043478,79,2.5,3.195652174,41958,0
5476,Mongla,1990,5,35.7,25.5,178.5652174,82,1.6,4.226086957,41958,0
5477,Mongla,1990,6,35.3,26.8,341.7391304,87,1.8,5.591304348,41958,1
5478,Mongla,1990,7,34,25.7,381.2173913,90,1.1,5.934782609,41958,1
5479,Mongla,1990,8,34.2,26.2,334.5652174,88,1.4,5.695652174,41958,1
5480,Mongla,1990,9,33.6,26.1,334.1304348,93,1.2,5.213043478,41958,1
5481,Mongla,1990,10,33.3,23.6,179.7826087,85,1,3.482608696,41958,0
5482,Mongla,1990,11,32,21.2,38.52173913,82,0.9,1.795652174,41958,0
5483,Mongla,1990,12,29.2,15.7,2.782608696,77,0.8,1.013043478,41958,0
5484,Mongla,1991,1,28.6,14,29,76,0.7,2,41958,0
5485,Mongla,1991,2,33.5,18.2,29,75,0.9,1.3,41958,0
5486,Mongla,1991,3,36.5,23.1,20,74,1.3,2.5,41958,0
5487,Mongla,1991,4,36.8,25.4,88,77,2.1,4,41958,0
5488,Mongla,1991,5,37.3,26.9,91,82,3.2,5.8,41958,0
5489,Mongla,1991,6,35.5,26.1,419,89,1.6,6.4,41958,1
5490,Mongla,1991,7,34,26.4,395,88,1.7,6.2,41958,1
5491,Mongla,1991,8,35,26.4,298,89,1.4,6.1,41958,0
5492,Mongla,1991,9,35,25.7,323,91,0.8,5.8,41958,1
5493,Mongla,1991,10,34.8,23.9,259,87,1,4.2,41958,0
5494,Mongla,1991,11,30.1,19,4,81,0.9,2.7,41958,0
5495,Mongla,1991,12,29,15.5,2,79,0.9,2.2,41958,0
5496,Mongla,1992,1,28.2,13.6,8,78,0.8,0.7,41958,0
5497,Mongla,1992,2,30.5,17.2,108,78,1.4,2.2,41958,0
5498,Mongla,1992,3,35.8,22.8,0,75,1.5,1.7,41958,0
5499,Mongla,1992,4,38.3,25,4,75,1.9,2.7,41958,0
5500,Mongla,1992,5,37.8,24.8,118,80,1.9,4,41958,0
5501,Mongla,1992,6,36.5,26.4,174,85,1.9,5,41958,0
5502,Mongla,1992,7,35.1,25.9,350,90,1.8,6.3,41958,1
5503,Mongla,1992,8,34,26.3,243,90,1.6,5.6,41958,0
5504,Mongla,1992,9,34,26,170,90,1.4,4.7,41958,0
5505,Mongla,1992,10,33.5,24.6,55,87,1,3.7,41958,0
5506,Mongla,1992,11,32.2,20.4,2,82,0.7,3.2,41958,0
5507,Mongla,1992,12,28.2,14.6,0,80,0.8,0.4,41958,0
5508,Mongla,1993,1,28.8,14.1,9,77,0.7,1,41958,0
5509,Mongla,1993,2,32.6,17.9,21,77,1.1,1.3,41958,0
5510,Mongla,1993,3,35.5,20.4,167,75,1.1,2,41958,0
5511,Mongla,1993,4,36.4,23.8,72,78,1.7,3.5,41958,0
5512,Mongla,1993,5,35.5,25.1,186,84,2.9,4.6,41958,0
5513,Mongla,1993,6,35,26.1,424,88,3,6,41958,1
5514,Mongla,1993,7,34.1,26.6,225,89,3,5.8,41958,0
5515,Mongla,1993,8,34.1,26.4,379,90,2.3,6.1,41958,1
5516,Mongla,1993,9,34,25.3,243,90,1.8,5.5,41958,0
5517,Mongla,1993,10,33.7,24.7,91,85,1.1,3.6,41958,0
5518,Mongla,1993,11,31.2,20.5,36,79,1,1.4,41958,0
5519,Mongla,1993,12,29.4,16.1,0,75,1.3,1.7,41958,0
5520,Mongla,1994,1,29,14.6,4,76,1.6,0.9,41958,0
5521,Mongla,1994,2,31.5,16.6,18,76,1.3,1.6,41958,0
5522,Mongla,1994,3,35.3,22.6,40,75,2.2,1.7,41958,0
5523,Mongla,1994,4,37.6,24.2,149,77,2,3.3,41958,0
5524,Mongla,1994,5,36.7,26,139,80,2,3.8,41958,0
5525,Mongla,1994,6,36.3,26.7,344,88,2.2,5.8,41958,1
5526,Mongla,1994,7,34,26.4,278,88,2.3,5.9,41958,0
5527,Mongla,1994,8,33.3,26.2,380,89,2.5,5.9,41958,1
5528,Mongla,1994,9,33.8,26,123,86,2,4.4,41958,0
5529,Mongla,1994,10,33,24.3,130,85,0.9,3.4,41958,0
5530,Mongla,1994,11,32,20.5,3,79,0.7,3.1,41958,0
5531,Mongla,1994,12,30,15.1,0,69,0.5,0.7,41958,0
5532,Mongla,1995,1,27.7,13.1,4,69,0.7,1.9,41958,0
5533,Mongla,1995,2,32.7,16.7,70,74,0.8,2.1,41958,0
5534,Mongla,1995,3,37.7,21.6,11,68,1.1,1.7,41958,0
5535,Mongla,1995,4,40,25.7,9,74,1.9,2.7,41958,0
5536,Mongla,1995,5,38,27.1,208,82,2.4,3.9,41958,0
5537,Mongla,1995,6,35.3,27.1,304,89,2.2,5.6,41958,1
5538,Mongla,1995,7,34.8,26.3,244,88,2.3,5.8,41958,0
5539,Mongla,1995,8,35,26.6,268,88,2.1,5.6,41958,0
5540,Mongla,1995,9,34.2,26.1,302,89,1.8,5.6,41958,1
5541,Mongla,1995,10,34,24.8,148,86,0.9,3.4,41958,0
5542,Mongla,1995,11,32,20.8,229,82,1.3,3,41958,0
5543,Mongla,1995,12,29.2,15.7,0,75,0.7,0.4,41958,0
5544,Mongla,1996,1,29.5,14.8,2,73,0.8,0.7,41958,0
5545,Mongla,1996,2,32,16.9,22,71,0.8,1.4,41958,0
5546,Mongla,1996,3,35.5,23.4,24,76,1.8,2.5,41958,0
5547,Mongla,1996,4,38,24.8,47,77,1.9,3.2,41958,0
5548,Mongla,1996,5,38,26.3,119,80,2.7,4,41958,0
5549,Mongla,1996,6,35,25.8,453,86,2.1,5.2,41958,1
5550,Mongla,1996,7,34.5,26.4,386,88,2.1,5.6,41958,1
5551,Mongla,1996,8,33.2,25.9,357,90,2,5.8,41958,1
5552,Mongla,1996,9,36.2,26.4,133,86,1.1,4.4,41958,0
5553,Mongla,1996,10,34,24.2,274,82,1.1,3,41958,0
5554,Mongla,1996,11,32.5,20,1,79,0.4,1.3,41958,0
5555,Mongla,1996,12,28,15.7,0,72,0.7,1.6,41958,0
5556,Mongla,1997,1,28.4,13.7,2,71,0.7,1.2,41958,0
5557,Mongla,1997,2,31.8,17,70,76,1.3,1.6,41958,0
5558,Mongla,1997,3,35,22.5,123,79,1.3,2.7,41958,0
5559,Mongla,1997,4,35.7,22.2,131,80,2.1,3.6,41958,0
5560,Mongla,1997,5,37.5,25.1,214,82,2.1,4,41958,0
5561,Mongla,1997,6,36.5,26,233,85,2.4,5.1,41958,0
5562,Mongla,1997,7,35.2,26,478,90,1.9,5.8,41958,1
5563,Mongla,1997,8,36,26.4,355,88,2.3,5.3,41958,1
5564,Mongla,1997,9,33,25.5,591,90,1.6,5.4,41958,1
5565,Mongla,1997,10,33.6,23.5,12,80,0.8,1.9,41958,0
5566,Mongla,1997,11,33,21.2,0,78,1.1,2.4,41958,0
5567,Mongla,1997,12,29,15.6,14,78,1.5,2.5,41958,0
5568,Mongla,1998,1,29,13.7,29,79,1.6,2.3,41958,0
5569,Mongla,1998,2,33,17.7,65,77,1.4,2.3,41958,0
5570,Mongla,1998,3,35,20.4,149,73,1.7,2.5,41958,0
5571,Mongla,1998,4,37,24,97,79,2,3.4,41958,0
5572,Mongla,1998,5,37.5,26.4,234,80,2.1,4.2,41958,0
5573,Mongla,1998,6,37.2,27.8,229,85,2.6,5.1,41958,0
5574,Mongla,1998,7,34.8,26.7,294,88,2.2,5.9,41958,0
5575,Mongla,1998,8,34.6,26.5,443,89,1.9,5.9,41958,1
5576,Mongla,1998,9,35.5,26.1,553,89,1.5,4.9,41958,1
5577,Mongla,1998,10,35.5,25.8,110,86,1.1,3.4,41958,0
5578,Mongla,1998,11,33.5,22.3,207,83,1.4,2.6,41958,0
5579,Mongla,1998,12,29.2,16.6,0,77,1,0.3,41958,0
5580,Mongla,1999,1,30.2,14.1,1,74,1.4,0.6,41958,0
5581,Mongla,1999,2,34.8,17.9,0,70,1.3,1.1,41958,0
5582,Mongla,1999,3,37.6,22.6,0,71,1.6,0.9,41958,0
5583,Mongla,1999,4,37.8,26.2,25,78,2.4,2.3,41958,0
5584,Mongla,1999,5,37.8,25.8,202,82,2.3,4.5,41958,0
5585,Mongla,1999,6,37.4,26.4,262,86,2,5.2,41958,0
5586,Mongla,1999,7,35.4,26,435,89,1.8,6,41958,1
5587,Mongla,1999,8,34,26.1,442,89,1.8,5.9,41958,1
5588,Mongla,1999,9,33.5,25.8,479,90,1.7,5.6,41958,1
5589,Mongla,1999,10,33.5,24.9,321,88,1.2,4.7,41958,1
5590,Mongla,1999,11,31.2,20.3,12,78,0.8,1.3,41958,0
5591,Mongla,1999,12,29,16.5,0,77,0.7,0.8,41958,0
5592,Mongla,2000,1,30,14.4,28,75,1.2,0.7,41958,0
5593,Mongla,2000,2,29.4,17.2,9,71,1.2,3.1,41958,0
5594,Mongla,2000,3,35,22,15,72,1.7,1.6,41958,0
5595,Mongla,2000,4,36.4,24.7,134,79,2.5,3.6,41958,0
5596,Mongla,2000,5,37,25.7,283,82,1.8,4.8,41958,0
5597,Mongla,2000,6,36,26.4,309,86,2,5.7,41958,0
5598,Mongla,2000,7,35.5,26.1,356,88,1.8,5.6,41958,1
5599,Mongla,2000,8,34.8,26.7,209,87,1.9,5.3,41958,0
5600,Mongla,2000,9,34.5,25.7,327,88,1.3,4.7,41958,1
5601,Mongla,2000,10,35.2,25,124,87,1.2,3.7,41958,0
5602,Mongla,2000,11,32.5,20.8,5,81,0.7,1,41958,0
5603,Mongla,2000,12,29,15.2,0,73,0.7,0.3,41958,0
5604,Mongla,2001,1,29,13.1,1,69,1.1,0.7,41958,0
5605,Mongla,2001,2,32,17.7,19,71,1.1,0.8,41958,0
5606,Mongla,2001,3,36.9,21.6,6,70,1.4,1.7,41958,0
5607,Mongla,2001,4,39,25.5,22,77,1.9,2.5,41958,0
5608,Mongla,2001,5,36.5,25.3,301,81,2,4,41958,0
5609,Mongla,2001,6,35.2,26,539,92,2.1,5.7,41958,1
5610,Mongla,2001,7,33.6,26.3,445,89,2.1,5.8,41958,1
5611,Mongla,2001,8,34,27.1,136,86,1.8,5.1,41958,0
5612,Mongla,2001,9,35.5,26,181,87,1.2,4.7,41958,0
5613,Mongla,2001,10,34.5,25.1,251,88,1,3.7,41958,0
5614,Mongla,2001,11,32.6,21.7,53,83,0.7,2.2,41958,0
5615,Mongla,2001,12,30,15.3,0,77,0.8,0.8,41958,0
5616,Mongla,2002,1,30,14.9,13,77,0.8,1.5,41958,0
5617,Mongla,2002,2,34.5,16.8,5,71,0.9,0.6,41958,0
5618,Mongla,2002,3,37.2,21.9,32,71,1.2,1.8,41958,0
5619,Mongla,2002,4,36.5,24.2,74,80,2.3,3.7,41958,0
5620,Mongla,2002,5,39.3,25.9,206,81,2.2,4.1,41958,0
5621,Mongla,2002,6,37.6,26,983,88,1.7,5.9,41958,1
5622,Mongla,2002,7,36.5,26.9,389,86,1.4,6.1,41958,1
5623,Mongla,2002,8,34.3,26.1,441,89,1.5,5.2,41958,1
5624,Mongla,2002,9,35.5,25.7,492,90,1.3,5,41958,1
5625,Mongla,2002,10,35.4,24,62,84,0.8,3.3,41958,0
5626,Mongla,2002,11,33,20.6,89,81,0.8,2.9,41958,0
5627,Mongla,2002,12,30.6,16.3,0,78,0.6,0.5,41958,0
5628,Mongla,2003,1,28,12.2,0,79,1,0.5,41958,0
5629,Mongla,2003,2,33,17.8,2,74,0.8,1.4,41958,0
5630,Mongla,2003,3,35.6,20.7,175,73,1.3,2.3,41958,0
5631,Mongla,2003,4,37,25.6,41,79,2,3.3,41958,0
5632,Mongla,2003,5,38.2,26.2,127,78,1.8,3.5,41958,0
5633,Mongla,2003,6,36.8,26.4,351,86,2.1,5.8,41958,1
5634,Mongla,2003,7,34.6,26.7,284,86,1.9,5.2,41958,0
5635,Mongla,2003,8,34.2,26.7,229,88,1.6,4.9,41958,0
5636,Mongla,2003,9,36,26.3,188,88,1,4.9,41958,0
5637,Mongla,2003,10,34.8,25.2,263,87,0.9,4.4,41958,0
5638,Mongla,2003,11,33.2,20.1,0,81,0.5,0.4,41958,0
5639,Mongla,2003,12,29,15.9,28,84,0.8,1.8,41958,0
5640,Mongla,2004,1,29.6,14,0,82,0.9,1.3,41958,0
5641,Mongla,2004,2,35,16.6,0,72,0.9,0.8,41958,0
5642,Mongla,2004,3,37.2,22.4,7,76,1.4,1.9,41958,0
5643,Mongla,2004,4,36,24.9,95,81,2.3,3.7,41958,0
5644,Mongla,2004,5,39.5,26.4,109,78,1.7,3.5,41958,0
5645,Mongla,2004,6,36.5,26.1,293,88,1.5,5.4,41958,0
5646,Mongla,2004,7,35,26,280,88,1.6,6,41958,0
5647,Mongla,2004,8,34.8,26.2,336,90,1.4,5.8,41958,1
5648,Mongla,2004,9,35.6,26,506,90,1.4,5.8,41958,1
5649,Mongla,2004,10,35.5,23.9,274,87,0.8,2.8,41958,0
5650,Mongla,2004,11,30.6,19.4,3,82,0.3,0.5,41958,0
5651,Mongla,2004,12,29.6,16.7,0,83,0.4,0.7,41958,0
5652,Mongla,2005,1,29.2,14.5,28,81,0.7,1.4,41958,0
5653,Mongla,2005,2,34.8,18.2,0,76,0.9,1.1,41958,0
5654,Mongla,2005,3,37,22.8,93,79,0.8,2.8,41958,0
5655,Mongla,2005,4,39,25.3,25,80,1,2.6,41958,0
5656,Mongla,2005,5,38,25.8,238,83,1.4,3.7,41958,0
5657,Mongla,2005,6,38,27.4,342,86,1.4,5.1,41958,0
5658,Mongla,2005,7,35.6,26.1,633,91,1.3,5.7,41958,1
5659,Mongla,2005,8,36,26.5,264,91,0.8,5.4,41958,0
5660,Mongla,2005,9,35,26.1,391,90,0.8,4.8,41958,1
5661,Mongla,2005,10,35.5,24.8,390,90,0.4,4.5,41958,1
5662,Mongla,2005,11,31.8,19.5,1,84,0.1,0.9,41958,0
5663,Mongla,2005,12,29.5,15.9,1,78,0.2,1.3,41958,0
5664,Mongla,2006,1,30.8,13.8,0,77,0.2,0.4,41958,0
5665,Mongla,2006,2,37.2,19.4,0,76,0.2,0.4,41958,0
5666,Mongla,2006,3,39.4,22.3,14,70,0.3,1.6,41958,0
5667,Mongla,2006,4,38.5,25.5,9,78,1.2,2.7,41958,0
5668,Mongla,2006,5,38.6,26.1,243,83,1.2,3.6,41958,0
5669,Mongla,2006,6,36.8,26.9,255,90,0.7,4.9,41958,0
5670,Mongla,2006,7,34,26.1,462,92,1,5.7,41958,1
5671,Mongla,2006,8,35,26.1,318,92,1.7,5.7,41958,1
5672,Mongla,2006,9,35,25.9,390,89,0.9,4.6,41958,1
5673,Mongla,2006,10,35,24.7,48,85,0.1,2.9,41958,0
5674,Mongla,2006,11,32.5,20.7,6,84,0.1,1.9,41958,0
5675,Mongla,2006,12,29.6,15.9,0,80,0.2,0.2,41958,0
5676,Mongla,2007,1,29.8,13.1,2,75,0.3,0.3,41958,0
5677,Mongla,2007,2,31.2,17.7,71,78,0.4,1.2,41958,0
5678,Mongla,2007,3,36.5,20.5,1,73,0.3,0.9,41958,0
5679,Mongla,2007,4,36.3,24.6,64,79,1.2,3,41958,0
5680,Mongla,2007,5,39,26.3,57,79,0.8,3.5,41958,0
5681,Mongla,2007,6,37,26.7,226,86,1.6,5.6,41958,0
5682,Mongla,2007,7,34.8,26.2,580,90,1.1,6.1,41958,1
5683,Mongla,2007,8,35.5,26.5,262,88,1.2,5.7,41958,0
5684,Mongla,2007,9,34.4,26.1,355,90,1.4,5.9,41958,1
5685,Mongla,2007,10,35.5,23.9,267,85,0.4,3.1,41958,0
5686,Mongla,2007,11,32,21,101,82,0.6,2,41958,0
5687,Mongla,2007,12,28.2,15.3,0,79,0.5,1.1,41958,0
5688,Mongla,2008,1,30,14.4,50,78,0.6,1.4,41958,0
5689,Mongla,2008,2,30.6,15.6,36,74,0.7,1.2,41958,0
5690,Mongla,2008,3,36.2,22.6,12,79,0.9,3.1,41958,0
5691,Mongla,2008,4,38.8,24.9,7,75,1,2.7,41958,0
5692,Mongla,2008,5,38,25.8,146,77,1.3,4.3,41958,0
5693,Mongla,2008,6,36.2,26.1,252,87,1.4,6,41958,0
5694,Mongla,2008,7,33.6,25.9,474,90,1.3,6.8,41958,1
5695,Mongla,2008,8,33.6,26.4,217,88,1.3,6,41958,0
5696,Mongla,2008,9,35.4,26,299,87,1.1,5.7,41958,1
5697,Mongla,2008,10,34.5,23.9,197,84,0.5,2.8,41958,0
5698,Mongla,2008,11,33.6,20.1,0,78,0.2,1.3,41958,0
5699,Mongla,2008,12,30,17,0,82,0.2,1,41958,0
5700,Mongla,2009,1,30.6,15.7,0,79,2.1,1.4,41958,0
5701,Mongla,2009,2,33.8,17.5,1,71,2.3,1.2,41958,0
5702,Mongla,2009,3,36.6,21.8,8,70,2.8,3.1,41958,0
5703,Mongla,2009,4,40,25.9,23,73,3.7,2.7,41958,0
5704,Mongla,2009,5,40.2,26,191,77,4.2,4.3,41958,0
5705,Mongla,2009,6,37,27.1,177,83,3.4,6,41958,0
5706,Mongla,2009,7,35,26.3,424,92,3.1,6.8,41958,1
5707,Mongla,2009,8,34.5,26.3,478,91,2.9,6,41958,1
5708,Mongla,2009,9,35,26.2,316,89,3.1,5.7,41958,1
5709,Mongla,2009,10,34,23.8,96,84,1.6,2.8,41958,0
5710,Mongla,2009,11,34.5,20.5,6,78,1.7,1.3,41958,0
5711,Mongla,2009,12,28.6,15.1,0,77,1.7,1,41958,0
5712,Mongla,2010,1,28.5,12.5,0,76,2.2,0.5,41958,0
5713,Mongla,2010,2,34,17.1,0,72,1.9,1.7,41958,0
5714,Mongla,2010,3,37.6,24,0,71,3,2.4,41958,0
5715,Mongla,2010,4,40.5,27.1,19,75,5.2,4.3,41958,0
5716,Mongla,2010,5,37.6,26.3,143,80,3.8,5.2,41958,0
5717,Mongla,2010,6,37,26.7,350,86,2.9,6,41958,0
5718,Mongla,2010,7,35.6,26.8,204,87,3.1,5.9,41958,0
5719,Mongla,2010,8,35.2,26.7,265,86,2.7,5.8,41958,0
5720,Mongla,2010,9,35.5,26.2,263,87,2.4,5.3,41958,0
5721,Mongla,2010,10,36.5,24.9,324,85,1.8,4.1,41958,1
5722,Mongla,2010,11,33.2,21.5,94,81,1.4,1.7,41958,0
5723,Mongla,2010,12,29.8,15.3,11,75,1.6,1.6,41958,0
5724,Mongla,2011,1,28.5,12.8,0,75,1.9,0.5,41958,0
5725,Mongla,2011,2,32.7,16.6,0,70,2.3,0.9,41958,0
5726,Mongla,2011,3,35.8,21,8,71,3.2,2.1,41958,0
5727,Mongla,2011,4,37,23.8,112,75,2.5,3.6,41958,0
5728,Mongla,2011,5,37.2,25.9,132,79,2.9,4.4,41958,0
5729,Mongla,2011,6,37,26.6,504,87,3.6,6.1,41958,1
5730,Mongla,2011,7,35.2,26.5,392,85,2.7,5.5,41958,0
5731,Mongla,2011,8,36,26,639,89,2.7,6.2,41958,1
5732,Mongla,2011,9,35.2,25.9,421,91,2.7,5.6,41958,1
5733,Mongla,2011,10,35.2,24.9,39,83,1.3,2.6,41958,0
5734,Mongla,2011,11,32.2,19.8,0,79,1.1,0.4,41958,0
5735,Mongla,2011,12,30.3,15.6,0,81,1.7,1.1,41958,0
5736,Mongla,2012,1,28.5,14.8,40,77,2.1,1.7,41958,0
5737,Mongla,2012,2,34.4,16.3,13,69,1.7,0.5,41958,0
5738,Mongla,2012,3,37.6,22.3,8,72,2.4,1.5,41958,0
5739,Mongla,2012,4,39,24.5,85,76,3.3,3.5,41958,0
5740,Mongla,2012,5,37.7,26.9,61,77,2.6,3.4,41958,0
5741,Mongla,2012,6,38.2,27.7,193,81,3.1,5.6,41958,0
5742,Mongla,2012,7,35,26.7,359,89,2.5,6.2,41958,0
5743,Mongla,2012,8,35,26.5,449,88,2.4,5.8,41958,1
5744,Mongla,2012,9,35.4,26.4,420,89,1.9,5.4,41958,1
5745,Mongla,2012,10,34.4,23.9,114,83,1.3,3.1,41958,0
5746,Mongla,2012,11,32.2,19.5,34,79,0.8,2.6,41958,0
5747,Mongla,2012,12,29,14.3,8,81,1.1,0.7,41958,0
5748,Mongla,2013,1,28.8,12.4,0,74,0.9,0.5,41958,0
5749,Mongla,2013,2,33.2,16.1,5,68,1.9,1.6,41958,0
5750,Mongla,2013,3,37.2,21.5,2,70,1.9,1.7,41958,0
5751,Mongla,2013,4,38.6,24.6,28,73,2.9,2.9,41958,0
5752,Mongla,2013,5,39,25.3,359,84,3.7,6.1,41958,1
5753,Mongla,2013,6,36,26.7,244,86,2.4,5.4,41958,0
5754,Mongla,2013,7,34.2,26.7,401,87,2.9,5.8,41958,1
5755,Mongla,2013,8,34.7,26.4,287,88,2.4,5.9,41958,0
5756,Mongla,2013,9,35.8,26.2,219,87,1.8,5.5,41958,0
5757,Mongla,2013,10,34.5,24.6,286,88,1.9,5,41958,0
5758,Mongla,2013,11,31.8,19,0,77,1.6,1.2,41958,0
5759,Mongla,2013,12,29.2,15.7,0,79,1.7,0.6,41958,0
5760,Mymensingh,1990,1,28.5,12.3,0,78,0.4,0.5,41886,0
5761,Mymensingh,1990,2,29.5,14.9,83,74,0.7,2.6,41886,0
5762,Mymensingh,1990,3,33.7,17.7,67,75,1.3,3.2,41886,0
5763,Mymensingh,1990,4,33.6,20.5,116,80,2.5,4.5,41886,0
5764,Mymensingh,1990,5,35.7,23.4,390,83,1,4.7,41886,0
5765,Mymensingh,1990,6,34.8,25.5,529,88,1.4,6.1,41886,1
5766,Mymensingh,1990,7,33.2,25.3,477,89,1.5,6.4,41886,1
5767,Mymensingh,1990,8,35.5,25.7,237,86,0.9,5.4,41886,0
5768,Mymensingh,1990,9,35.5,24.8,319,87,1.3,6,41886,0
5769,Mymensingh,1990,10,34.4,21.5,213,83,0.9,3.9,41886,0
5770,Mymensingh,1990,11,33,18.5,7,79,0.4,2.2,41886,0
5771,Mymensingh,1990,12,29,12.2,1,76,0.3,1.1,41886,0
5772,Mymensingh,1991,1,28.7,9.8,2,73,0.5,1.4,41886,0
5773,Mymensingh,1991,2,32,13.6,15,74,0.8,1.1,41886,0
5774,Mymensingh,1991,3,37,17.8,44,70,0.8,1.9,41886,0
5775,Mymensingh,1991,4,37.3,20.2,77,76,1.4,3.5,41886,0
5776,Mymensingh,1991,5,33,20.4,679,87,2.5,6.6,41886,1
5777,Mymensingh,1991,6,34,23.8,603,88,1.4,6.4,41886,1
5778,Mymensingh,1991,7,36.2,24.5,322,86,1.8,6,41886,0
5779,Mymensingh,1991,8,36.5,24.3,237,86,1.2,6.1,41886,0
5780,Mymensingh,1991,9,32.6,22.9,735,92,0.8,6.3,41886,1
5781,Mymensingh,1991,10,34.8,21.3,81,85,0.5,3.8,41886,0
5782,Mymensingh,1991,11,31,15.8,0,78,0.3,1.3,41886,0
5783,Mymensingh,1991,12,30,13.5,77,78,0.5,1.9,41886,0
5784,Mymensingh,1992,1,28.2,12.9,6,79,0.3,0.7,41886,0
5785,Mymensingh,1992,2,27.2,14,36,73,1.1,1.7,41886,0
5786,Mymensingh,1992,3,36.5,19.3,0,68,1.5,1.4,41886,0
5787,Mymensingh,1992,4,38.1,23.3,20,70,2.2,2.5,41886,0
5788,Mymensingh,1992,5,35,23.1,156,79,2.1,4.2,41886,0
5789,Mymensingh,1992,6,36.2,25.3,270,85,1.8,5.3,41886,0
5790,Mymensingh,1992,7,34.6,25.8,384,87,2,6.5,41886,0
5791,Mymensingh,1992,8,35.3,26.2,155,84,1.5,5.9,41886,0
5792,Mymensingh,1992,9,36.3,25.3,318,85,1.4,5.1,41886,0
5793,Mymensingh,1992,10,35.5,23.2,241,83,0.6,3.1,41886,0
5794,Mymensingh,1992,11,34.8,17.8,1,77,0.5,2,41886,0
5795,Mymensingh,1992,12,28.6,12,1,75,0.4,0.7,41886,0
5796,Mymensingh,1993,1,28,11.5,69,78,0.6,1.5,41886,0
5797,Mymensingh,1993,2,31,16.1,13,75,1,2.2,41886,0
5798,Mymensingh,1993,3,33.5,17.3,44,67,1.5,1.9,41886,0
5799,Mymensingh,1993,4,34.9,21.3,182,76,1.7,4,41886,0
5800,Mymensingh,1993,5,34.4,23.1,350,82,2.1,5.3,41886,0
5801,Mymensingh,1993,6,34.2,24.9,848,86,2.5,6.5,41886,1
5802,Mymensingh,1993,7,33.9,26.1,512,85,2.2,6.2,41886,1
5803,Mymensingh,1993,8,32.9,26.4,490,86,2.4,6.4,41886,1
5804,Mymensingh,1993,9,35.4,25.2,525,85,1.5,5.2,41886,1
5805,Mymensingh,1993,10,33.7,23.6,229,85,0.8,3.3,41886,0
5806,Mymensingh,1993,11,31.2,18.9,0,80,0.6,1.4,41886,0
5807,Mymensingh,1993,12,29.5,13.9,0,75,0.4,1.3,41886,0
5808,Mymensingh,1994,1,28,12.7,8,70,0.7,1.3,41886,0
5809,Mymensingh,1994,2,29,13.1,59,70,0.8,1.4,41886,0
5810,Mymensingh,1994,3,36.7,18.9,123,70,2.1,2.7,41886,0
5811,Mymensingh,1994,4,37,22.2,77,75,1.8,3.6,41886,0
5812,Mymensingh,1994,5,36.5,24.3,202,79,2.2,5,41886,0
5813,Mymensingh,1994,6,34,25.8,251,85,2.9,5.9,41886,0
5814,Mymensingh,1994,7,34,26.2,227,83,2.2,6.2,41886,0
5815,Mymensingh,1994,8,34.5,26.2,323,83,1.7,6.1,41886,0
5816,Mymensingh,1994,9,35.5,25.5,202,81,1.2,4.5,41886,0
5817,Mymensingh,1994,10,33.8,22.6,132,79,0.6,2.7,41886,0
5818,Mymensingh,1994,11,32.6,18.1,0,74,0.4,2.8,41886,0
5819,Mymensingh,1994,12,29,12.1,0,68,0.3,0.7,41886,0
5820,Mymensingh,1995,1,27.5,10.7,10,67,0.7,1.6,41886,0
5821,Mymensingh,1995,2,28.8,14.5,19,69,1.2,1.9,41886,0
5822,Mymensingh,1995,3,36.2,17.6,20,65,1.2,2,41886,0
5823,Mymensingh,1995,4,37.6,22.9,81,71,2.1,3,41886,0
5824,Mymensingh,1995,5,35.6,25.1,285,78,2.9,4.7,41886,0
5825,Mymensingh,1995,6,35.5,26,565,85,2,6.2,41886,1
5826,Mymensingh,1995,7,33,25.8,637,86,2.3,6.5,41886,1
5827,Mymensingh,1995,8,34.4,26.1,528,85,1.6,6.2,41886,1
5828,Mymensingh,1995,9,35.6,25.9,230,84,1.5,6.2,41886,0
5829,Mymensingh,1995,10,34.5,23.4,115,81,0.5,2.8,41886,0
5830,Mymensingh,1995,11,32.4,19.5,101,77,0.7,2.6,41886,0
5831,Mymensingh,1995,12,26.8,13.5,0,76,0.3,0.6,41886,0
5832,Mymensingh,1996,1,26.9,12,0,75,0.6,0.8,41886,0
5833,Mymensingh,1996,2,29.7,14.9,14,72,0.8,1.2,41886,0
5834,Mymensingh,1996,3,35,19.9,18,73,1.3,1.8,41886,0
5835,Mymensingh,1996,4,36.5,22.8,42,74,1.7,3.1,41886,0
5836,Mymensingh,1996,5,36,24.4,171,81,2.6,5,41886,0
5837,Mymensingh,1996,6,34.7,25.2,201,85,2,5.7,41886,0
5838,Mymensingh,1996,7,34,26.3,291,87,1.7,6.4,41886,0
5839,Mymensingh,1996,8,34.6,26.2,276,87,1.6,6.2,41886,0
5840,Mymensingh,1996,9,37.2,25.9,306,86,0.9,4.5,41886,0
5841,Mymensingh,1996,10,35,22.8,291,83,0.8,2.7,41886,0
5842,Mymensingh,1996,11,33.2,18.2,0,80,0.3,1,41886,0
5843,Mymensingh,1996,12,30.5,13.3,0,77,0.6,1,41886,0
5844,Mymensingh,1997,1,27,10.6,1,75,0.6,1.1,41886,0
5845,Mymensingh,1997,2,30,13.6,12,70,1.4,1.6,41886,0
5846,Mymensingh,1997,3,34,19.5,31,71,1.5,2,41886,0
5847,Mymensingh,1997,4,33.2,20.2,172,78,1.7,3.8,41886,0
5848,Mymensingh,1997,5,36,23.4,131,80,2.3,4.6,41886,0
5849,Mymensingh,1997,6,34.2,24.9,396,86,2.4,6.5,41886,0
5850,Mymensingh,1997,7,33.7,26.1,523,88,2.3,6.3,41886,1
5851,Mymensingh,1997,8,35.5,26.4,417,86,1.8,6.1,41886,1
5852,Mymensingh,1997,9,33.3,24.8,485,87,1.5,5.8,41886,1
5853,Mymensingh,1997,10,33.6,21.8,8,81,0.5,2.2,41886,0
5854,Mymensingh,1997,11,33.5,18.1,11,79,0.6,1.9,41886,0
5855,Mymensingh,1997,12,29.2,13.7,21,83,0.6,2.5,41886,0
5856,Mymensingh,1998,1,27,11.6,9,78,0.8,2.4,41886,0
5857,Mymensingh,1998,2,29.8,15.2,11,71,0.8,1.7,41886,0
5858,Mymensingh,1998,3,32.5,17.2,68,72,1,2.3,41886,0
5859,Mymensingh,1998,4,35,22.2,161,81,1.7,3.9,41886,0
5860,Mymensingh,1998,5,37.4,24.8,299,82,1.8,5,41886,0
5861,Mymensingh,1998,6,35.6,26.6,176,86,2,6,41886,0
5862,Mymensingh,1998,7,33.4,26.2,745,90,1.8,6.9,41886,1
5863,Mymensingh,1998,8,34.6,26.2,517,90,1.5,6.7,41886,1
5864,Mymensingh,1998,9,35.8,26.2,270,86,0.9,4.5,41886,0
5865,Mymensingh,1998,10,35.5,25.3,50,85,0.8,3.6,41886,0
5866,Mymensingh,1998,11,33,20.2,31,80,0.5,2.1,41886,0
5867,Mymensingh,1998,12,30,14.5,0,78,0.5,0.3,41886,0
5868,Mymensingh,1999,1,28.5,12,0,76,0.8,0.5,41886,0
5869,Mymensingh,1999,2,32.4,16,0,72,0.6,0.7,41886,0
5870,Mymensingh,1999,3,34.4,19,1,69,1.1,0.8,41886,0
5871,Mymensingh,1999,4,36.2,24.5,108,78,2,3,41886,0
5872,Mymensingh,1999,5,35.5,24.1,415,83,2,5.3,41886,0
5873,Mymensingh,1999,6,35.7,26,211,86,1.8,5.8,41886,0
5874,Mymensingh,1999,7,36,26.1,401,88,1.7,6.4,41886,1
5875,Mymensingh,1999,8,34.4,26.1,349,88,1.9,6.3,41886,0
5876,Mymensingh,1999,9,34.4,25.9,175,88,1.4,5.2,41886,0
5877,Mymensingh,1999,10,34,24,513,87,1,4.4,41886,1
5878,Mymensingh,1999,11,33.2,18.3,1,81,0.4,1.2,41886,0
5879,Mymensingh,1999,12,30,14.1,0,81,0.6,0.5,41886,0
5880,Mymensingh,2000,1,27.6,11.9,18,81,0.8,0.6,41886,0
5881,Mymensingh,2000,2,27.8,13.8,13,73,0.9,1.9,41886,0
5882,Mymensingh,2000,3,35,18.6,74,77,1.2,2.5,41886,0
5883,Mymensingh,2000,4,35,21.7,320,82,2.2,4.4,41886,0
5884,Mymensingh,2000,5,37.6,24,461,86,1.8,5.2,41886,1
5885,Mymensingh,2000,6,36.6,25.9,468,87,2,6.3,41886,1
5886,Mymensingh,2000,7,34.6,26.5,150,86,2.2,6,41886,0
5887,Mymensingh,2000,8,36,26.2,257,89,1.5,6.5,41886,0
5888,Mymensingh,2000,9,34,25.2,385,90,1.5,5.7,41886,0
5889,Mymensingh,2000,10,35.1,23.9,120,86,1.1,3.2,41886,0
5890,Mymensingh,2000,11,32.2,19.1,0,82,0.7,0.8,41886,0
5891,Mymensingh,2000,12,28.1,13.3,0,77,0.6,0.8,41886,0
5892,Mymensingh,2001,1,27.8,10.6,0,77,0.4,0.6,41886,0
5893,Mymensingh,2001,2,30.5,15,11,75,0.7,1.1,41886,0
5894,Mymensingh,2001,3,33.7,18.3,16,71,1,1.5,41886,0
5895,Mymensingh,2001,4,35.8,22.4,156,75,1.9,3.3,41886,0
5896,Mymensingh,2001,5,36.3,23.5,358,83,1.7,4.8,41886,0
5897,Mymensingh,2001,6,34,25.7,408,87,2.1,6.5,41886,1
5898,Mymensingh,2001,7,35,26.4,183,86,2,6.3,41886,0
5899,Mymensingh,2001,8,35.6,26.6,227,85,1.3,5.8,41886,0
5900,Mymensingh,2001,9,35.3,26.1,356,87,1.1,5.2,41886,0
5901,Mymensingh,2001,10,35,24.4,222,86,0.8,4.1,41886,0
5902,Mymensingh,2001,11,31.6,19.7,11,84,0.4,2,41886,0
5903,Mymensingh,2001,12,28.7,13,0,81,0.3,0.9,41886,0
5904,Mymensingh,2002,1,28,12.8,6,77,0.6,1.4,41886,0
5905,Mymensingh,2002,2,30.2,15,0,73,0.6,0.7,41886,0
5906,Mymensingh,2002,3,33.7,18.7,41,74,1.1,2.3,41886,0
5907,Mymensingh,2002,4,33,21.6,260,81,1.8,4.4,41886,0
5908,Mymensingh,2002,5,36,23.3,389,83,1.7,5.1,41886,0
5909,Mymensingh,2002,6,33,25.5,578,87,1.4,6.4,41886,1
5910,Mymensingh,2002,7,32.6,25.8,443,91,1.3,7.2,41886,1
5911,Mymensingh,2002,8,34,26.3,204,86,1.4,5.7,41886,0
5912,Mymensingh,2002,9,35.2,25.9,255,84,1,5.3,41886,0
5913,Mymensingh,2002,10,34.2,22.9,132,85,0.4,3,41886,0
5914,Mymensingh,2002,11,31.7,18.5,87,83,0.5,2.6,41886,0
5915,Mymensingh,2002,12,29.5,14.4,0,84,0.4,1.5,41886,0
5916,Mymensingh,2003,1,26.8,10.2,0,84,0.8,1.5,41886,0
5917,Mymensingh,2003,2,30.2,15.3,27,75,0.9,1.8,41886,0
5918,Mymensingh,2003,3,32.5,18.1,87,75,1.3,2.8,41886,0
5919,Mymensingh,2003,4,35.3,22.3,130,80,1.6,4.3,41886,0
5920,Mymensingh,2003,5,35.2,23.5,267,81,1.5,4.8,41886,0
5921,Mymensingh,2003,6,36,25.6,420,86,2,6.4,41886,1
5922,Mymensingh,2003,7,35.5,26.8,213,85,1.5,6,41886,0
5923,Mymensingh,2003,8,35.6,26.9,124,85,1.5,5.3,41886,0
5924,Mymensingh,2003,9,34.5,26,190,88,1,5.3,41886,0
5925,Mymensingh,2003,10,33.5,24.1,345,88,0.7,4.6,41886,0
5926,Mymensingh,2003,11,31.5,17.5,0,81,0.5,0.6,41886,0
5927,Mymensingh,2003,12,29,14.4,10,80,0.6,1.9,41886,0
5928,Mymensingh,2004,1,26.2,12.2,6,81,0.8,1.9,41886,0
5929,Mymensingh,2004,2,30.6,14.7,2,73,0.8,0.6,41886,0
5930,Mymensingh,2004,3,33.8,21.3,13,76,1.4,2.5,41886,0
5931,Mymensingh,2004,4,34.2,21.8,244,82,2,5.3,41886,0
5932,Mymensingh,2004,5,36.5,25.4,87,81,1.5,4.1,41886,0
5933,Mymensingh,2004,6,34,25.5,392,88,1.4,6,41886,0
5934,Mymensingh,2004,7,34.5,25.7,753,87,1.4,6.5,41886,1
5935,Mymensingh,2004,8,33.6,26.4,241,85,1.5,5.7,41886,0
5936,Mymensingh,2004,9,32.8,25.3,950,91,1.4,6.4,41886,1
5937,Mymensingh,2004,10,34,22.4,487,87,0.6,3.2,41886,1
5938,Mymensingh,2004,11,30.5,16.7,0,83,0.4,0.5,41886,0
5939,Mymensingh,2004,12,29.4,13.9,18,82,0.5,1,41886,0
5940,Mymensingh,2005,1,27.2,12.5,3,80,0.7,2.1,41886,0
5941,Mymensingh,2005,2,30.5,16.4,27,74,1.1,1.5,41886,0
5942,Mymensingh,2005,3,33,20.6,77,80,1.5,3.4,41886,0
5943,Mymensingh,2005,4,33.7,22.3,142,79,1.8,3.4,41886,0
5944,Mymensingh,2005,5,35.5,22.5,495,83,2,5,41886,1
5945,Mymensingh,2005,6,35.3,25.9,255,84,1.7,5.2,41886,0
5946,Mymensingh,2005,7,33.8,26.2,405,87,1.4,6.3,41886,1
5947,Mymensingh,2005,8,34.5,26.3,514,88,1.4,6.9,41886,1
5948,Mymensingh,2005,9,36.2,25.6,360,86,1,5.6,41886,0
5949,Mymensingh,2005,10,34,23.5,394,88,0.8,5,41886,0
5950,Mymensingh,2005,11,31.6,18,0,84,0.3,1.1,41886,0
5951,Mymensingh,2005,12,28.8,13.2,0,81,0.3,1.1,41886,0
5952,Mymensingh,2006,1,28.2,12.1,0,85,0.5,1.3,41886,0
5953,Mymensingh,2006,2,32.9,18.4,0,82,0.7,1.3,41886,0
5954,Mymensingh,2006,3,35,19.1,2,76,0.8,1.5,41886,0
5955,Mymensingh,2006,4,35,21.9,153,80,1.4,4.1,41886,0
5956,Mymensingh,2006,5,37.5,24.1,379,82,1.3,5.1,41886,0
5957,Mymensingh,2006,6,35.5,25.7,371,88,1.4,6.3,41886,0
5958,Mymensingh,2006,7,35.5,26.7,274,86,1.3,6.5,41886,0
5959,Mymensingh,2006,8,35.7,26.4,339,85,1.3,5.9,41886,0
5960,Mymensingh,2006,9,34.6,25.8,420,89,1.1,5.5,41886,1
5961,Mymensingh,2006,10,34,23.2,23,88,0.5,3.2,41886,0
5962,Mymensingh,2006,11,31.6,18.2,0,86,0.4,2.4,41886,0
5963,Mymensingh,2006,12,28.7,13.5,0,86,0.4,0.1,41886,0
5964,Mymensingh,2007,1,28,10.8,0,83,0.4,0.7,41886,0
5965,Mymensingh,2007,2,29.5,15.7,55,81,0.7,2.7,41886,0
5966,Mymensingh,2007,3,34.5,17.7,18,75,0.8,1.5,41886,0
5967,Mymensingh,2007,4,35,22.2,208,82,1.7,4.5,41886,0
5968,Mymensingh,2007,5,37,24.8,123,80,1.1,4.3,41886,0
5969,Mymensingh,2007,6,35.2,25.3,849,88,1.3,6.4,41886,1
5970,Mymensingh,2007,7,34.6,26.2,726,90,1.5,6.7,41886,1
5971,Mymensingh,2007,8,36.5,26.8,368,87,1.1,5.9,41886,0
5972,Mymensingh,2007,9,34.6,26.4,149,87,1,5.7,41886,0
5973,Mymensingh,2007,10,36.4,23.2,219,85,0.7,3.4,41886,0
5974,Mymensingh,2007,11,32.5,18.5,67,85,0.4,1.2,41886,0
5975,Mymensingh,2007,12,28.6,13.2,0,83,0.3,0.7,41886,0
5976,Mymensingh,2008,1,27,13.1,30,84,0.6,2,41886,0
5977,Mymensingh,2008,2,29.4,13.8,5,75,0.7,1.5,41886,0
5978,Mymensingh,2008,3,31.9,20.3,96,81,1,3.3,41886,0
5979,Mymensingh,2008,4,35.5,23,25,79,1.2,3.1,41886,0
5980,Mymensingh,2008,5,36,23.9,280,80,1.4,4.3,41886,0
5981,Mymensingh,2008,6,35.8,25.6,675,87,1.3,6.5,41886,1
5982,Mymensingh,2008,7,33.2,26.3,473,89,1.2,6.8,41886,1
5983,Mymensingh,2008,8,35.6,26.2,354,91,1.2,6.8,41886,0
5984,Mymensingh,2008,9,35.2,26.1,131,86,0.9,5.9,41886,0
5985,Mymensingh,2008,10,35.2,23,170,87,0.6,3.1,41886,0
5986,Mymensingh,2008,11,32.5,16.7,0,83,0.2,1.2,41886,0
5987,Mymensingh,2008,12,30,15.7,0,88,0.2,1.5,41886,0
5988,Mymensingh,2009,1,27.7,13.4,0,86,0.8,0.5,41886,0
5989,Mymensingh,2009,2,31.7,15.3,0,75,0.9,0.5,41886,0
5990,Mymensingh,2009,3,33,18.9,17,76,1,2.1,41886,0
5991,Mymensingh,2009,4,36.8,23.6,54,80,1.1,3.4,41886,0
5992,Mymensingh,2009,5,37,24.1,411,81,1,4.6,41886,1
5993,Mymensingh,2009,6,35.3,25.7,130,85,1.1,5.7,41886,0
5994,Mymensingh,2009,7,35.1,26.6,431,84,1.1,6.3,41886,1
5995,Mymensingh,2009,8,34.6,26.3,359,87,1,6.9,41886,0
5996,Mymensingh,2009,9,35.2,26,231,85,0.9,5.5,41886,0
5997,Mymensingh,2009,10,35.1,23.2,29,83,0.4,2.9,41886,0
5998,Mymensingh,2009,11,33.5,18.6,0,82,0.4,1.9,41886,0
5999,Mymensingh,2009,12,28.7,13.2,0,85,0.2,0.6,41886,0
6000,Mymensingh,2010,1,29.5,11.7,0,82,0.9,0.6,41886,0
6001,Mymensingh,2010,2,30,14.9,4,75,0.9,1.3,41886,0
6002,Mymensingh,2010,3,35.7,20.7,16,74,1.9,2.2,41886,0
6003,Mymensingh,2010,4,35.2,23.5,123,83,3.1,4.9,41886,0
6004,Mymensingh,2010,5,36,24.2,337,82,2.1,5.6,41886,0
6005,Mymensingh,2010,6,34.8,25.7,384,87,2.1,6.7,41886,0
6006,Mymensingh,2010,7,35.6,27,458,86,2,6.3,41886,1
6007,Mymensingh,2010,8,35.2,26.6,368,85,1.7,6.3,41886,0
6008,Mymensingh,2010,9,34,26.1,211,87,1.8,6.2,41886,0
6009,Mymensingh,2010,10,35.7,23.9,148,86,1.8,3.6,41886,0
6010,Mymensingh,2010,11,34.8,19,4,82,1.1,1.4,41886,0
6011,Mymensingh,2010,12,29.1,13.5,42,81,1.2,1.4,41886,0
6012,Mymensingh,2011,1,25.6,10.8,1,83,1.6,0.9,41886,0
6013,Mymensingh,2011,2,29.5,15.3,12,73,1.5,1.3,41886,0
6014,Mymensingh,2011,3,33,19.7,32,73,2.3,2.9,41886,0
6015,Mymensingh,2011,4,34.4,21.9,80,78,2.2,3.4,41886,0
6016,Mymensingh,2011,5,34.2,23.5,239,82,2.2,5.2,41886,0
6017,Mymensingh,2011,6,35.2,25.9,449,85,2.3,6.2,41886,1
6018,Mymensingh,2011,7,35.1,26.1,333,87,2,6.5,41886,0
6019,Mymensingh,2011,8,35.5,26.3,741,87,1.8,6.8,41886,1
6020,Mymensingh,2011,9,36.5,26.1,242,85,1.6,5.7,41886,0
6021,Mymensingh,2011,10,35,23.8,18,84,0.6,2.2,41886,0
6022,Mymensingh,2011,11,31.7,16.9,0,82,1,0.7,41886,0
6023,Mymensingh,2011,12,29.8,13.6,0,83,1,2.1,41886,0
6024,Mymensingh,2012,1,27.2,12.4,18,80,1.3,2.3,41886,0
6025,Mymensingh,2012,2,31.3,13.9,0,71,1.6,0.7,41886,0
6026,Mymensingh,2012,3,34.8,19.2,1,73,1.8,1.1,41886,0
6027,Mymensingh,2012,4,35.6,22.1,202,80,2.6,4.4,41886,0
6028,Mymensingh,2012,5,36.2,24.3,85,78,2,4.7,41886,0
6029,Mymensingh,2012,6,35.2,25.6,241,85,2.6,6.8,41886,0
6030,Mymensingh,2012,7,34.6,26.5,409,87,2.3,7.1,41886,1
6031,Mymensingh,2012,8,34.5,26.7,238,85,1.7,6.7,41886,0
6032,Mymensingh,2012,9,37,26.3,221,86,1.7,6.1,41886,0
6033,Mymensingh,2012,10,34.5,23,45,82,0.6,3.2,41886,0
6034,Mymensingh,2012,11,31.8,16.9,19,81,0.7,2.1,41886,0
6035,Mymensingh,2012,12,28,13.1,0,88,0.5,1.8,41886,0
6036,Mymensingh,2013,1,28,10.5,0,78,0.8,0.7,41886,0
6037,Mymensingh,2013,2,32.5,15.5,18,71,1.4,1.3,41886,0
6038,Mymensingh,2013,3,35,19.6,21,75,2.3,1.4,41886,0
6039,Mymensingh,2013,4,35.6,22.4,69,77,2.3,3.2,41886,0
6040,Mymensingh,2013,5,35.5,23.8,308,84,3,6.8,41886,0
6041,Mymensingh,2013,6,36.4,26.4,267,83,1.8,6.1,41886,0
6042,Mymensingh,2013,7,34.3,26.8,318,84,2.2,6.7,41886,0
6043,Mymensingh,2013,8,34.8,26.2,343,85,2.4,6.8,41886,0
6044,Mymensingh,2013,9,36.5,26.2,132,85,1.5,6.1,41886,0
6045,Mymensingh,2013,10,34.2,23.6,263,86,1.2,4.5,41886,0
6046,Mymensingh,2013,11,32,16.1,0,81,0.6,0.8,41886,0
6047,Mymensingh,2013,12,30.8,13.6,0,82,1,1.2,41886,0
6048,Patuakhali,1990,1,28.8,14.1,0,79,0.7,0.3,41960,0
6049,Patuakhali,1990,2,31,18.4,100,83,0.8,2.5,41960,0
6050,Patuakhali,1990,3,32.6,20,233,81,1.5,3.5,41960,0
6051,Patuakhali,1990,4,34.8,23.8,107,86,2.1,4.1,41960,0
6052,Patuakhali,1990,5,35.3,25.4,292,83,1.2,4.8,41960,0
6053,Patuakhali,1990,6,33.6,26.4,306,88,1.8,6,41960,0
6054,Patuakhali,1990,7,32,25.6,602,91,1.5,6.4,41960,1
6055,Patuakhali,1990,8,34,26.1,220,86,1.8,5.6,41960,0
6056,Patuakhali,1990,9,33,25.6,531,88,1.2,5.8,41960,1
6057,Patuakhali,1990,10,33,23.4,318,85,1,3.8,41960,0
6058,Patuakhali,1990,11,32,21.3,81,84,0.7,2.7,41960,0
6059,Patuakhali,1990,12,29,15.7,28,83,0.4,1.2,41960,0
6060,Patuakhali,1991,1,28.5,13.9,3,82,0.6,1.3,41960,0
6061,Patuakhali,1991,2,33.5,18,4,80,0.7,0.9,41960,0
6062,Patuakhali,1991,3,36.5,22.5,55,76,0.8,1.8,41960,0
6063,Patuakhali,1991,4,35.6,24.9,190,79,1.4,3.5,41960,0
6064,Patuakhali,1991,5,34.5,25.6,112,84,2.6,5.3,41960,0
6065,Patuakhali,1991,6,33.5,25.8,680,88,1.5,5.8,41960,1
6066,Patuakhali,1991,7,32.5,26.1,472,87,2.3,5.9,41960,1
6067,Patuakhali,1991,8,35,25.9,439,88,1.6,6.3,41960,1
6068,Patuakhali,1991,9,33.2,25.9,409,89,1.1,5.4,41960,1
6069,Patuakhali,1991,10,33.5,24.6,295,87,0.9,4,41960,0
6070,Patuakhali,1991,11,29.5,19.1,3,80,0.4,2,41960,0
6071,Patuakhali,1991,12,28.5,14.9,19,78,0.4,1.4,41960,0
6072,Patuakhali,1992,1,28.3,13.2,0,79,0.5,0.6,41960,0
6073,Patuakhali,1992,2,29,16.8,173,78,0.9,2,41960,0
6074,Patuakhali,1992,3,35.5,22.5,0,80,1.2,1.9,41960,0
6075,Patuakhali,1992,4,37.6,25.1,8,81,1.5,2.2,41960,0
6076,Patuakhali,1992,5,35.1,24.5,585,82,1.5,4,41960,1
6077,Patuakhali,1992,6,34.6,26.3,287,86,1.3,4.7,41960,0
6078,Patuakhali,1992,7,33,26,713,89,1.4,6.3,41960,1
6079,Patuakhali,1992,8,34.3,26.1,599,86,1.3,5.6,41960,1
6080,Patuakhali,1992,9,34,25.9,393,86,0.8,4.9,41960,0
6081,Patuakhali,1992,10,34,24.5,244,85,0.6,3.3,41960,0
6082,Patuakhali,1992,11,33,20.3,3,81,0.6,3,41960,0
6083,Patuakhali,1992,12,27.7,14.4,1,78,0.6,0.4,41960,0
6084,Patuakhali,1993,1,28.5,14,24,80,0.6,0.9,41960,0
6085,Patuakhali,1993,2,30.6,17.3,27,82,0.9,1.3,41960,0
6086,Patuakhali,1993,3,34.1,19.6,143,76,0.8,1.9,41960,0
6087,Patuakhali,1993,4,35.6,23.5,148,81,1.1,3.9,41960,0
6088,Patuakhali,1993,5,34.5,25,223,82,1.8,4.6,41960,0
6089,Patuakhali,1993,6,33.5,25.9,563,87,2.2,6.1,41960,1
6090,Patuakhali,1993,7,32.5,26.5,572,90,1.6,6,41960,1
6091,Patuakhali,1993,8,33,26.2,786,91,1.1,6,41960,1
6092,Patuakhali,1993,9,34.2,25.4,363,90,0.8,5.7,41960,0
6093,Patuakhali,1993,10,34,24.8,100,86,0.3,4,41960,0
6094,Patuakhali,1993,11,30.7,20.4,45,83,0.2,1.3,41960,0
6095,Patuakhali,1993,12,29.2,15.8,0,80,0.3,1.3,41960,0
6096,Patuakhali,1994,1,29.1,14.2,3,74,0.6,0.6,41960,0
6097,Patuakhali,1994,2,31.5,16.2,10,76,0.5,1.3,41960,0
6098,Patuakhali,1994,3,34.2,22,92,78,1.5,2.7,41960,0
6099,Patuakhali,1994,4,36.5,23.7,267,79,1,3.5,41960,0
6100,Patuakhali,1994,5,36,25.8,122,81,1.3,4.3,41960,0
6101,Patuakhali,1994,6,35.8,26.3,706,89,1.1,6.3,41960,1
6102,Patuakhali,1994,7,33.6,26,400,90,1.4,6.6,41960,1
6103,Patuakhali,1994,8,32.5,25.8,701,91,1.6,6.8,41960,1
6104,Patuakhali,1994,9,34.3,25.9,158,85,1.5,4.6,41960,0
6105,Patuakhali,1994,10,37.7,24.4,140,81,0.3,3.1,41960,0
6106,Patuakhali,1994,11,31.8,20.2,13,77,0.5,3,41960,0
6107,Patuakhali,1994,12,29.5,14.1,0,71,0.4,0.6,41960,0
6108,Patuakhali,1995,1,29,12.5,14,71,0.9,1.7,41960,0
6109,Patuakhali,1995,2,32,16,60,75,0.8,2,41960,0
6110,Patuakhali,1995,3,36.8,20.2,17,72,1,1.5,41960,0
6111,Patuakhali,1995,4,38,24.6,41,77,1.6,2.7,41960,0
6112,Patuakhali,1995,5,35.5,26.6,285,85,2.4,5,41960,0
6113,Patuakhali,1995,6,34,26.3,767,88,1.7,6.2,41960,1
6114,Patuakhali,1995,7,33.6,25.9,735,89,1.3,6.8,41960,1
6115,Patuakhali,1995,8,34.4,26.1,626,87,1.2,6.2,41960,1
6116,Patuakhali,1995,9,34.5,25.9,337,88,0.9,6.1,41960,0
6117,Patuakhali,1995,10,34.5,24.8,289,85,0.6,3.8,41960,0
6118,Patuakhali,1995,11,32.5,21,163,83,1,3.4,41960,0
6119,Patuakhali,1995,12,29.6,14.5,0,72,0.5,0.3,41960,0
6120,Patuakhali,1996,1,29.9,13.6,3,81,0.7,0.5,41960,0
6121,Patuakhali,1996,2,32,15.9,394,78,0.7,0.9,41960,0
6122,Patuakhali,1996,3,35.2,22.7,4,81,1.9,2.4,41960,0
6123,Patuakhali,1996,4,37,23.5,305,83,1.6,2.8,41960,0
6124,Patuakhali,1996,5,36.2,25.8,150,84,3.4,3.6,41960,0
6125,Patuakhali,1996,6,35,25.5,739,89,2.2,3.2,41960,1
6126,Patuakhali,1996,7,33.2,26,448,91,1.5,6.5,41960,1
6127,Patuakhali,1996,8,32.8,25.5,585,92,1.2,6.4,41960,1
6128,Patuakhali,1996,9,35.4,25.9,217,90,0.7,5.2,41960,0
6129,Patuakhali,1996,10,34,23.7,291,88,0.9,2.9,41960,0
6130,Patuakhali,1996,11,33.5,19.3,57,84,0.4,1.5,41960,0
6131,Patuakhali,1996,12,28.5,14.8,0,82,0.5,1.5,41960,0
6132,Patuakhali,1997,1,28.8,12.1,1,78,0.6,1.2,41960,0
6133,Patuakhali,1997,2,31.5,15.4,45,78,0.7,1.8,41960,0
6134,Patuakhali,1997,3,34.2,21.3,147,80,1.1,2.7,41960,0
6135,Patuakhali,1997,4,34.3,20.9,208,84,1.1,4,41960,0
6136,Patuakhali,1997,5,35.6,24.6,237,85,1.7,4.5,41960,0
6137,Patuakhali,1997,6,34.8,25.5,283,86,1.7,6,41960,0
6138,Patuakhali,1997,7,34,26,594,92,1.2,6.9,41960,1
6139,Patuakhali,1997,8,34.7,26,479,88,1.6,6.2,41960,1
6140,Patuakhali,1997,9,34.2,25.7,487,89,1.1,5.7,41960,1
6141,Patuakhali,1997,10,34.5,23.1,28,84,0.5,1.9,41960,0
6142,Patuakhali,1997,11,33,20.6,1,82,0.4,2.3,41960,0
6143,Patuakhali,1997,12,28.5,15.2,7,82,0.8,2.1,41960,0
6144,Patuakhali,1998,1,29.2,13.4,22,83,0.9,2,41960,0
6145,Patuakhali,1998,2,31.5,16.6,84,79,0.6,2.1,41960,0
6146,Patuakhali,1998,3,33.7,19.1,93,74,1.1,2.6,41960,0
6147,Patuakhali,1998,4,34.5,23,124,81,1.5,3.8,41960,0
6148,Patuakhali,1998,5,36.8,25.8,234,85,2.2,4.8,41960,0
6149,Patuakhali,1998,6,35.1,27.6,280,87,2.2,5.6,41960,0
6150,Patuakhali,1998,7,33.8,26.1,804,91,1.7,6.8,41960,1
6151,Patuakhali,1998,8,34.6,26.1,618,90,1,6.4,41960,1
6152,Patuakhali,1998,9,35.6,26.1,362,89,0.5,5.3,41960,0
6153,Patuakhali,1998,10,35.3,25.5,134,87,0.3,3.8,41960,0
6154,Patuakhali,1998,11,33,22,97,84,0.5,2.5,41960,0
6155,Patuakhali,1998,12,30,16,0,82,0.3,0.2,41960,0
6156,Patuakhali,1999,1,29.6,13.6,0,79,0.5,0.4,41960,0
6157,Patuakhali,1999,2,34.6,16.9,0,72,0.6,1.2,41960,0
6158,Patuakhali,1999,3,37.8,21.6,0,73,0.8,1.5,41960,0
6159,Patuakhali,1999,4,36.2,25.1,8,77,1.6,3.1,41960,0
6160,Patuakhali,1999,5,36.8,25.5,332,85,1.8,5.3,41960,0
6161,Patuakhali,1999,6,36.5,25.9,479,89,1.6,6.1,41960,1
6162,Patuakhali,1999,7,34.7,25.8,749,91,1.3,6.7,41960,1
6163,Patuakhali,1999,8,34.2,25.8,588,91,0.9,6.7,41960,1
6164,Patuakhali,1999,9,34.2,25.6,417,90,1,6,41960,1
6165,Patuakhali,1999,10,34.6,24.8,231,89,0.9,4.7,41960,0
6166,Patuakhali,1999,11,32.7,19.8,5,82,0.3,1.3,41960,0
6167,Patuakhali,1999,12,29.3,15.6,8,81,0.3,1.1,41960,0
6168,Patuakhali,2000,1,30.3,13.9,26,81,0.7,0.8,41960,0
6169,Patuakhali,2000,2,29.6,15.9,8,75,0.8,3.3,41960,0
6170,Patuakhali,2000,3,35.3,20.9,15,76,1.4,2.9,41960,0
6171,Patuakhali,2000,4,35.9,23.8,133,81,2,3.9,41960,0
6172,Patuakhali,2000,5,36.8,25.4,212,84,1.7,5.5,41960,0
6173,Patuakhali,2000,6,34.6,26,282,91,1.5,6.4,41960,0
6174,Patuakhali,2000,7,35.4,26,497,90,1.6,6.3,41960,1
6175,Patuakhali,2000,8,35,26.3,300,89,1.7,6.3,41960,0
6176,Patuakhali,2000,9,34.6,25.6,330,89,0.9,5.6,41960,0
6177,Patuakhali,2000,10,35,24.6,232,88,0.8,4.2,41960,0
6178,Patuakhali,2000,11,33.3,20,95,83,0.4,1.1,41960,0
6179,Patuakhali,2000,12,28.5,14.3,0,80,0.5,0.3,41960,0
6180,Patuakhali,2001,1,30.5,11.7,0,77,0.8,0.3,41960,0
6181,Patuakhali,2001,2,32.2,16.3,15,76,0.8,1.2,41960,0
6182,Patuakhali,2001,3,36.6,20.3,3,74,1,1.8,41960,0
6183,Patuakhali,2001,4,38.4,24.4,61,81,1.5,3.6,41960,0
6184,Patuakhali,2001,5,36,24.6,379,85,1.2,5,41960,0
6185,Patuakhali,2001,6,34,25.6,1084,93,1.6,7.1,41960,1
6186,Patuakhali,2001,7,33.5,26.1,534,90,2.2,6.6,41960,1
6187,Patuakhali,2001,8,35.4,26.8,146,87,1.5,5.8,41960,0
6188,Patuakhali,2001,9,35.5,25.8,217,89,1,5.2,41960,0
6189,Patuakhali,2001,10,35,24.7,386,89,0.7,4.4,41960,1
6190,Patuakhali,2001,11,32.2,21.1,90,87,0.5,2.8,41960,0
6191,Patuakhali,2001,12,29.8,14.6,0,82,0.5,1,41960,0
6192,Patuakhali,2002,1,30.4,14.3,11,81,0.6,1.7,41960,0
6193,Patuakhali,2002,2,34.5,15.7,0,73,0.7,0.8,41960,0
6194,Patuakhali,2002,3,36.2,20.7,4,74,0.8,2.2,41960,0
6195,Patuakhali,2002,4,35.6,23.3,101,82,1.9,4.1,41960,0
6196,Patuakhali,2002,5,35.6,24.7,185,86,1.4,5.1,41960,0
6197,Patuakhali,2002,6,36.4,25.8,809,91,1.2,6.3,41960,1
6198,Patuakhali,2002,7,35.5,26.1,560,93,1.1,7.1,41960,1
6199,Patuakhali,2002,8,34,25.8,458,93,1,6.2,41960,1
6200,Patuakhali,2002,9,35,25.5,481,90,0.8,5.1,41960,1
6201,Patuakhali,2002,10,35.2,23.7,81,87,0.5,3.3,41960,0
6202,Patuakhali,2002,11,33,20.3,14,85,0.5,3.2,41960,0
6203,Patuakhali,2002,12,30.5,15.2,0,86,0.4,0.6,41960,0
6204,Patuakhali,2003,1,28,12.3,0,85,0.8,1,41960,0
6205,Patuakhali,2003,2,32.2,16.9,5,84,0.5,1.5,41960,0
6206,Patuakhali,2003,3,35.5,19.7,113,81,0.8,2.4,41960,0
6207,Patuakhali,2003,4,35.8,24.6,59,83,1.3,3.7,41960,0
6208,Patuakhali,2003,5,35.8,25.6,189,84,1.1,4.6,41960,0
6209,Patuakhali,2003,6,36.4,25.3,1023,93,1.3,7,41960,1
6210,Patuakhali,2003,7,33.5,26.2,461,91,1.1,6,41960,1
6211,Patuakhali,2003,8,37.4,26.5,360,90,0.9,5.3,41960,0
6212,Patuakhali,2003,9,34.5,25.9,259,91,0.6,5.4,41960,0
6213,Patuakhali,2003,10,34.8,24.8,387,89,0.5,4.3,41960,1
6214,Patuakhali,2003,11,32.8,19.6,0,86,0.3,0.4,41960,0
6215,Patuakhali,2003,12,30.2,15.5,1,88,0.3,1.7,41960,0
6216,Patuakhali,2004,1,29.8,14,0,84,0.6,1.9,41960,0
6217,Patuakhali,2004,2,32.5,15.8,1,76,0.5,1.1,41960,0
6218,Patuakhali,2004,3,36,22,12,85,1,2.8,41960,0
6219,Patuakhali,2004,4,34.8,24.3,179,89,1.8,4.6,41960,0
6220,Patuakhali,2004,5,38.5,25.8,147,85,1,4,41960,0
6221,Patuakhali,2004,6,35.2,25.8,277,89,0.9,5.9,41960,0
6222,Patuakhali,2004,7,34.5,25.8,544,90,1.1,6.3,41960,1
6223,Patuakhali,2004,8,33.8,26,448,91,0.8,6.2,41960,1
6224,Patuakhali,2004,9,35.2,25.7,756,91,1,5.7,41960,1
6225,Patuakhali,2004,10,34,23.4,283,88,0.5,2.7,41960,0
6226,Patuakhali,2004,11,31,18.2,0,84,0.2,0.5,41960,0
6227,Patuakhali,2004,12,30,15.7,0,81,0.1,0.8,41960,0
6228,Patuakhali,2005,1,28.7,13.5,22,79,0.3,1.8,41960,0
6229,Patuakhali,2005,2,35.5,17.4,0,75,0.5,1.3,41960,0
6230,Patuakhali,2005,3,36.2,21.8,139,81,0.9,3.3,41960,0
6231,Patuakhali,2005,4,36.6,24.3,45,81,0.6,3.1,41960,0
6232,Patuakhali,2005,5,36.6,25.4,109,83,0.9,4.2,41960,0
6233,Patuakhali,2005,6,36.5,26.9,220,88,0.7,5.9,41960,0
6234,Patuakhali,2005,7,34.2,25.8,923,90,0.9,6.2,41960,1
6235,Patuakhali,2005,8,35.2,26.3,391,91,0.6,6.5,41960,0
6236,Patuakhali,2005,9,35,25.9,274,90,0.6,5.7,41960,0
6237,Patuakhali,2005,10,34.6,24.6,573,90,0.4,4.7,41960,1
6238,Patuakhali,2005,11,31.8,19.1,0,85,0.3,1.7,41960,0
6239,Patuakhali,2005,12,31,15.2,7,82,0.4,1.8,41960,0
6240,Patuakhali,2006,1,31.5,13.4,0,80,0.3,1.2,41960,0
6241,Patuakhali,2006,2,36.4,18.8,0,79,0.5,1.3,41960,0
6242,Patuakhali,2006,3,37.5,21.4,1,73,0.4,2.3,41960,0
6243,Patuakhali,2006,4,37.6,24.4,7,78,0.9,3.5,41960,0
6244,Patuakhali,2006,5,36.2,25.4,339,84,0.8,4.2,41960,0
6245,Patuakhali,2006,6,36.2,26.7,533,89,0.9,6,41960,1
6246,Patuakhali,2006,7,33.6,26.2,354,91,1.1,6.3,41960,0
6247,Patuakhali,2006,8,33.5,25.9,406,90,1.4,6.3,41960,1
6248,Patuakhali,2006,9,34.4,25.9,620,90,0.9,5.6,41960,1
6249,Patuakhali,2006,10,34.7,24.8,24,87,0.4,4.1,41960,0
6250,Patuakhali,2006,11,33,20.1,3,85,0.3,2.5,41960,0
6251,Patuakhali,2006,12,29.8,14.9,0,82,0.3,0.4,41960,0
6252,Patuakhali,2007,1,30.2,12.2,1,80,0.5,0.8,41960,0
6253,Patuakhali,2007,2,31,17,113,80,0.8,2.1,41960,0
6254,Patuakhali,2007,3,36.5,19.3,0,72,0.7,1.1,41960,0
6255,Patuakhali,2007,4,35.7,23.8,35,83,1.5,3.7,41960,0
6256,Patuakhali,2007,5,37,26.1,158,83,0.9,4,41960,0
6257,Patuakhali,2007,6,35.4,26.2,426,90,1.1,6.1,41960,1
6258,Patuakhali,2007,7,33.5,25.9,815,94,1.2,6.7,41960,1
6259,Patuakhali,2007,8,34.7,26.4,301,91,1,5.8,41960,0
6260,Patuakhali,2007,9,35,25.7,639,93,1,5.9,41960,1
6261,Patuakhali,2007,10,35.5,23.7,369,87,0.7,3.3,41960,0
6262,Patuakhali,2007,11,32.2,20.8,0,84,0.6,2.3,41960,0
6263,Patuakhali,2007,12,29.7,15,0,78,0.4,1.3,41960,0
6264,Patuakhali,2008,1,30.5,13.9,34,79,0.6,1.4,41960,0
6265,Patuakhali,2008,2,30.7,14.8,20,74,0.5,1.2,41960,0
6266,Patuakhali,2008,3,35.4,21.9,2,80,0.8,3.2,41960,0
6267,Patuakhali,2008,4,38.4,23.8,9,78,0.9,2.6,41960,0
6268,Patuakhali,2008,5,36.6,25.5,91,80,0.9,4.1,41960,0
6269,Patuakhali,2008,6,34.3,25.8,241,90,1,6.1,41960,0
6270,Patuakhali,2008,7,33,25.8,1016,92,0.8,6.7,41960,1
6271,Patuakhali,2008,8,34.3,26.1,306,89,0.8,5.7,41960,0
6272,Patuakhali,2008,9,34.4,25.9,387,90,0.6,5.2,41960,1
6273,Patuakhali,2008,10,34.5,23.9,408,87,0.5,3.1,41960,1
6274,Patuakhali,2008,11,32,19.1,0,84,0.3,1.3,41960,0
6275,Patuakhali,2008,12,29.8,16.3,0,87,0.2,1.4,41960,0
6276,Patuakhali,2009,1,29.5,14.4,0,83,1.7,0.7,41960,0
6277,Patuakhali,2009,2,34,16.5,0,75,2.1,0.6,41960,0
6278,Patuakhali,2009,3,35.8,21.5,55,76,1.8,2.4,41960,0
6279,Patuakhali,2009,4,38,25.3,73,80,2.5,2.6,41960,0
6280,Patuakhali,2009,5,36.8,25.7,209,81,2.8,4.5,41960,0
6281,Patuakhali,2009,6,37,27,196,86,1.9,4.9,41960,0
6282,Patuakhali,2009,7,35,26.1,695,92,2.2,6.5,41960,1
6283,Patuakhali,2009,8,35,26.2,705,91,1.9,6.3,41960,1
6284,Patuakhali,2009,9,35.5,26.1,168,89,1.9,5,41960,0
6285,Patuakhali,2009,10,35.4,23.7,197,86,1.8,2.9,41960,0
6286,Patuakhali,2009,11,33.6,20.1,11,82,1.7,2.3,41960,0
6287,Patuakhali,2009,12,30.6,14.2,0,83,1.5,0.8,41960,0
6288,Patuakhali,2010,1,28.5,12.2,0,87,1.8,1.2,41960,0
6289,Patuakhali,2010,2,33.5,16.4,13,81,1.7,2.1,41960,0
6290,Patuakhali,2010,3,37.7,23.1,0,83,2.5,2.6,41960,0
6291,Patuakhali,2010,4,38.8,26.4,8,84,3.1,4.2,41960,0
6292,Patuakhali,2010,5,38,25.9,219,85,2.1,5,41960,0
6293,Patuakhali,2010,6,35.4,26.6,513,93,2,6.1,41960,1
6294,Patuakhali,2010,7,34.5,26.6,418,95,1.8,5.9,41960,1
6295,Patuakhali,2010,8,35.2,26.6,200,94,1.6,5.6,41960,0
6296,Patuakhali,2010,9,35,26.3,223,93,1.6,4.8,41960,0
6297,Patuakhali,2010,10,35.7,25.1,548,92,1.7,4,41960,1
6298,Patuakhali,2010,11,34,21.1,19,91,1.6,1.6,41960,0
6299,Patuakhali,2010,12,30.8,14.6,6,89,1.9,1.5,41960,0
6300,Patuakhali,2011,1,28.7,12.1,0,86,2.1,0.8,41960,0
6301,Patuakhali,2011,2,32.5,15.8,0,75,1.9,0.9,41960,0
6302,Patuakhali,2011,3,36.7,20.4,17,73,2.6,2.5,41960,0
6303,Patuakhali,2011,4,36.5,23.3,34,80,1.7,3.3,41960,0
6304,Patuakhali,2011,5,36.5,25.3,180,84,2.3,4.7,41960,0
6305,Patuakhali,2011,6,36,26.2,680,90,2.4,6.1,41960,1
6306,Patuakhali,2011,7,35.5,26.2,356,89,1.9,5.8,41960,0
6307,Patuakhali,2011,8,35.2,25.8,655,92,1.9,6.3,41960,1
6308,Patuakhali,2011,9,35.7,25.7,406,92,1.8,5.4,41960,1
6309,Patuakhali,2011,10,38.7,24.5,80,86,1.4,2.8,41960,0
6310,Patuakhali,2011,11,32.6,18.8,6,84,1.3,0.6,41960,0
6311,Patuakhali,2011,12,31.3,15,0,84,1.5,1.8,41960,0
6312,Patuakhali,2012,1,29.5,13.9,7,81,2.1,1.8,41960,0
6313,Patuakhali,2012,2,34.6,15.1,2,73,2.1,0.3,41960,0
6314,Patuakhali,2012,3,35.5,21.9,48,77,1.9,1.6,41960,0
6315,Patuakhali,2012,4,37.5,24.1,80,81,2.1,3.5,41960,0
6316,Patuakhali,2012,5,36.5,26,79,86,1.8,3.2,41960,0
6317,Patuakhali,2012,6,37,27.4,287,86,2,6.2,41960,0
6318,Patuakhali,2012,7,33.6,26.4,392,91,1.8,6.3,41960,1
6319,Patuakhali,2012,8,34.6,26.2,439,90,1.8,6.6,41960,1
6320,Patuakhali,2012,9,35.6,26,348,91,1.8,5.8,41960,0
6321,Patuakhali,2012,10,34,23.5,142,87,1.7,2.7,41960,0
6322,Patuakhali,2012,11,33.1,19.4,71,84,1.9,2.7,41960,0
6323,Patuakhali,2012,12,29.2,13.4,0,85,2.3,1.3,41960,0
6324,Patuakhali,2013,1,29.5,11.7,1,78,2.4,0.5,41960,0
6325,Patuakhali,2013,2,33.5,15.5,4,72,2.5,1.4,41960,0
6326,Patuakhali,2013,3,36.5,20.6,0,73,2.1,2,41960,0
6327,Patuakhali,2013,4,37.2,24,27,78,2.1,3.1,41960,0
6328,Patuakhali,2013,5,38,25,637,88,4,6.8,41960,1
6329,Patuakhali,2013,6,36,26.6,333,87,2.1,5.4,41960,0
6330,Patuakhali,2013,7,33.6,26.2,552,90,2.3,6.2,41960,1
6331,Patuakhali,2013,8,34.6,26.1,411,90,2,6.2,41960,1
6332,Patuakhali,2013,9,35.6,25.8,412,91,1.7,5.7,41960,1
6333,Patuakhali,2013,10,34.6,24.4,281,89,1.8,4.9,41960,0
6334,Patuakhali,2013,11,32,18.7,0,80,2,1.4,41960,0
6335,Patuakhali,2013,12,30.2,14.9,0,82,1.5,0.9,41960,0
6336,Rajshahi,1990,1,29.7,10,0,80,1.1,0.2,41895,0
6337,Rajshahi,1990,2,30.5,13.6,34,77,1.2,2.3,41895,0
6338,Rajshahi,1990,3,36.4,16.5,46,75,1.5,2.8,41895,0
6339,Rajshahi,1990,4,39.4,21.5,97,71,2.4,3.2,41895,0
6340,Rajshahi,1990,5,36.2,23.4,301,82,1.8,4.4,41895,1
6341,Rajshahi,1990,6,36.2,25.4,263,86,2.3,5.9,41895,0
6342,Rajshahi,1990,7,33.7,25.4,462,89,1.7,6.8,41895,1
6343,Rajshahi,1990,8,36.4,25.4,238,85,1.6,5.4,41895,1
6344,Rajshahi,1990,9,35.9,24.8,180,87,1.7,6.1,41895,1
6345,Rajshahi,1990,10,33.2,20.6,127,84,1.3,4,41895,0
6346,Rajshahi,1990,11,32.7,17.7,17,78,1.2,2,41895,0
6347,Rajshahi,1990,12,29.2,10.9,0,77,1.1,0.8,41895,0
6348,Rajshahi,1991,1,29.3,9.4,24,76,1.2,1.3,41895,0
6349,Rajshahi,1991,2,34,13.2,0,71,1.4,0.9,41895,0
6350,Rajshahi,1991,3,38.7,18.3,18,66,1.3,1.7,41895,0
6351,Rajshahi,1991,4,40.2,22,20,62,1.8,2.3,41895,0
6352,Rajshahi,1991,5,40.2,24.4,157,79,2.6,5.1,41895,0
6353,Rajshahi,1991,6,35.2,25.5,211,86,1.8,6,41895,1
6354,Rajshahi,1991,7,35.3,25.7,286,88,2.3,6.2,41895,1
6355,Rajshahi,1991,8,36.1,25.7,96,87,1.9,6,41895,0
6356,Rajshahi,1991,9,35.3,24.9,511,90,1.2,6.6,41895,1
6357,Rajshahi,1991,10,35,22.4,84,86,1,3.4,41895,0
6358,Rajshahi,1991,11,32,15.2,0,79,0.9,1.2,41895,0
6359,Rajshahi,1991,12,29,11.7,92,81,1.1,1.6,41895,0
6360,Rajshahi,1992,1,27.5,10.4,0,82,1,0.5,41895,0
6361,Rajshahi,1992,2,28.5,11.9,33,76,1.1,1.1,41895,0
6362,Rajshahi,1992,3,39.5,17.1,0,57,1.8,0.8,41895,0
6363,Rajshahi,1992,4,42.7,22.9,16,53,2,1.7,41895,0
6364,Rajshahi,1992,5,40.6,23.3,118,71,2.3,3.1,41895,0
6365,Rajshahi,1992,6,39.6,25.7,85,78,2.1,4.5,41895,0
6366,Rajshahi,1992,7,36.5,25.3,244,87,1.7,6.2,41895,1
6367,Rajshahi,1992,8,36,25.7,185,86,1.5,5.5,41895,1
6368,Rajshahi,1992,9,35.3,25.2,124,83,1.3,4.1,41895,1
6369,Rajshahi,1992,10,35,22.2,29,83,0.7,2.5,41895,0
6370,Rajshahi,1992,11,32.8,16.3,5,78,0.9,1.8,41895,0
6371,Rajshahi,1992,12,27.9,10.7,0,78,1,0.6,41895,0
6372,Rajshahi,1993,1,31.6,9,0,77,0.9,1.1,41895,0
6373,Rajshahi,1993,2,34,13.4,5,68,1.2,1.1,41895,0
6374,Rajshahi,1993,3,37.3,15.8,55,58,1.3,1.6,41895,0
6375,Rajshahi,1993,4,39.6,21.9,84,66,1.7,3.4,41895,0
6376,Rajshahi,1993,5,39.2,23.1,74,78,2.2,4.8,41895,0
6377,Rajshahi,1993,6,37.6,25.2,455,84,2.1,5.8,41895,1
6378,Rajshahi,1993,7,34.6,26,241,87,1.7,6,41895,1
6379,Rajshahi,1993,8,34.4,26.5,177,88,1.4,6.1,41895,0
6380,Rajshahi,1993,9,34.9,25.5,357,89,1.3,5.6,41895,1
6381,Rajshahi,1993,10,34.5,23.5,159,85,0.7,3.1,41895,1
6382,Rajshahi,1993,11,31,18.1,4,81,0.7,1.1,41895,0
6383,Rajshahi,1993,12,29,13.5,0,77,0.9,1.2,41895,0
6384,Rajshahi,1994,1,28.2,11.7,18,73,0.9,1.1,41895,0
6385,Rajshahi,1994,2,31.8,12.6,36,72,0.8,1.3,41895,0
6386,Rajshahi,1994,3,38,18.3,5,65,1.3,1.4,41895,0
6387,Rajshahi,1994,4,39.6,22.6,31,63,1.5,2.9,41895,0
6388,Rajshahi,1994,5,42.5,25.3,115,73,1.7,3.9,41895,0
6389,Rajshahi,1994,6,38.4,26,237,85,1.5,5.8,41895,1
6390,Rajshahi,1994,7,33.8,26.3,171,84,1.6,5.5,41895,0
6391,Rajshahi,1994,8,35,26.2,206,84,1.4,5.6,41895,1
6392,Rajshahi,1994,9,34.6,24.8,171,79,0.9,4.4,41895,1
6393,Rajshahi,1994,10,34.4,22.3,130,72,0.6,2.4,41895,0
6394,Rajshahi,1994,11,31.5,17.8,22,69,0.4,1.7,41895,0
6395,Rajshahi,1994,12,28.8,11.6,0,69,0.7,0.4,41895,0
6396,Rajshahi,1995,1,26.5,9.6,17,70,0.8,1.5,41895,0
6397,Rajshahi,1995,2,29.6,12.9,31,71,0.5,1.4,41895,0
6398,Rajshahi,1995,3,39.8,17.3,9,62,0.7,2,41895,0
6399,Rajshahi,1995,4,42.2,23.1,8,58,1,2.1,41895,0
6400,Rajshahi,1995,5,43.3,26.5,91,69,1.6,4,41895,0
6401,Rajshahi,1995,6,38.6,26.5,291,84,1.3,6,41895,1
6402,Rajshahi,1995,7,34.2,26.1,287,88,1.4,6.4,41895,1
6403,Rajshahi,1995,8,35.5,26.1,270,86,1,5.9,41895,1
6404,Rajshahi,1995,9,34.5,25.8,370,86,1.2,5.8,41895,1
6405,Rajshahi,1995,10,34.6,23.8,13,80,0.5,2.7,41895,0
6406,Rajshahi,1995,11,33,18.1,44,75,0.6,2.5,41895,0
6407,Rajshahi,1995,12,28.4,12.5,1,72,0.5,0.8,41895,0
6408,Rajshahi,1996,1,26.4,11,0,79,0.6,1.3,41895,0
6409,Rajshahi,1996,2,31.2,13.2,21,76,0.7,1.1,41895,0
6410,Rajshahi,1996,3,38.2,19.4,4,64,0.8,1.6,41895,0
6411,Rajshahi,1996,4,42,22.5,73,61,1,2.4,41895,0
6412,Rajshahi,1996,5,41.4,25.3,95,74,1.3,3.7,41895,0
6413,Rajshahi,1996,6,36.5,25.1,284,85,1.3,5.4,41895,1
6414,Rajshahi,1996,7,35.2,26.3,106,88,1.1,6.3,41895,0
6415,Rajshahi,1996,8,35.2,26,270,88,1,6.3,41895,1
6416,Rajshahi,1996,9,35.7,26.1,298,86,0.7,4.6,41895,1
6417,Rajshahi,1996,10,34.7,22.8,118,85,0.7,2.8,41895,0
6418,Rajshahi,1996,11,32.6,16.8,0,79,0.6,0.9,41895,0
6419,Rajshahi,1996,12,28,12,0,75,0.9,0.9,41895,0
6420,Rajshahi,1997,1,26,9.7,8,76,0.7,1.4,41895,0
6421,Rajshahi,1997,2,30.8,12.2,35,72,0.8,1.5,41895,0
6422,Rajshahi,1997,3,36,18.7,19,66,1,2.1,41895,0
6423,Rajshahi,1997,4,37.8,20.4,56,72,1.4,3.6,41895,0
6424,Rajshahi,1997,5,40.2,24.4,53,71,1.3,3.8,41895,0
6425,Rajshahi,1997,6,38.5,25.4,242,82,1.7,5.4,41895,0
6426,Rajshahi,1997,7,34.8,26,763,89,1.3,6.2,41895,1
6427,Rajshahi,1997,8,35.8,26.4,468,88,1.2,6.1,41895,1
6428,Rajshahi,1997,9,34.2,25.2,348,88,0.7,5.8,41895,1
6429,Rajshahi,1997,10,33.7,22,4,82,0.3,2.1,41895,0
6430,Rajshahi,1997,11,32.6,18.7,44,81,0.4,2.5,41895,0
6431,Rajshahi,1997,12,27.5,13.5,22,85,0.7,3,41895,0
6432,Rajshahi,1998,1,25.6,10.4,16,84,0.5,2.7,41895,0
6433,Rajshahi,1998,2,31.7,13.9,5,75,0.6,2.2,41895,0
6434,Rajshahi,1998,3,35.6,16.2,52,69,0.9,2.7,41895,0
6435,Rajshahi,1998,4,38.5,22.1,33,74,1.2,3.3,41895,0
6436,Rajshahi,1998,5,41.8,24.9,129,76,1.6,4.9,41895,0
6437,Rajshahi,1998,6,42.8,27.5,92,82,1.5,5.2,41895,0
6438,Rajshahi,1998,7,35.5,26.5,404,90,1.4,6.6,41895,1
6439,Rajshahi,1998,8,35,26.8,268,89,1.2,6.7,41895,1
6440,Rajshahi,1998,9,36,26.2,310,88,1,5,41895,1
6441,Rajshahi,1998,10,35.7,25,198,86,0.5,3.9,41895,0
6442,Rajshahi,1998,11,31.7,20.3,33,84,0.8,2.4,41895,0
6443,Rajshahi,1998,12,29.2,14,0,79,0.9,0.2,41895,0
6444,Rajshahi,1999,1,28.5,11.2,0,78,1,0.5,41895,0
6445,Rajshahi,1999,2,34.3,14.1,0,72,0.9,0.7,41895,0
6446,Rajshahi,1999,3,38.7,17.8,0,58,0.9,0.4,41895,0
6447,Rajshahi,1999,4,41.8,25.7,9,69,1.5,2.5,41895,0
6448,Rajshahi,1999,5,39.8,24.9,144,80,1.6,4.4,41895,0
6449,Rajshahi,1999,6,39.7,26.3,348,84,1.3,5.6,41895,1
6450,Rajshahi,1999,7,34.9,25.9,349,90,1.1,6.6,41895,1
6451,Rajshahi,1999,8,35,26,354,90,1,6.6,41895,1
6452,Rajshahi,1999,9,34.2,25.6,502,90,1.2,5.8,41895,1
6453,Rajshahi,1999,10,33.1,24.3,155,87,0.7,4,41895,1
6454,Rajshahi,1999,11,32.5,18.2,1,80,0.4,1.3,41895,0
6455,Rajshahi,1999,12,29.1,14.1,0,78,0.7,0.5,41895,0
6456,Rajshahi,2000,1,28.1,10.7,4,80,0.7,1.2,41895,0
6457,Rajshahi,2000,2,28.8,12.9,47,76,0.7,2.5,41895,0
6458,Rajshahi,2000,3,35.8,17.6,27,68,0.8,1.7,41895,0
6459,Rajshahi,2000,4,39.5,23.1,136,73,1.6,3.2,41895,0
6460,Rajshahi,2000,5,38.4,24.3,198,82,1.2,4.6,41895,0
6461,Rajshahi,2000,6,36.3,25.9,222,85,1.3,5.6,41895,1
6462,Rajshahi,2000,7,35.1,26.6,115,86,1.3,5.8,41895,0
6463,Rajshahi,2000,8,35.3,26.4,192,87,0.8,5.9,41895,1
6464,Rajshahi,2000,9,34.6,25.3,644,90,0.9,5.4,41895,1
6465,Rajshahi,2000,10,34.8,24,85,85,0.5,3.3,41895,1
6466,Rajshahi,2000,11,32,18.3,0,81,0.4,0.6,41895,0
6467,Rajshahi,2000,12,27.3,12.7,0,77,0.6,0.7,41895,0
6468,Rajshahi,2001,1,28,9.4,0,75,0.7,0.6,41895,0
6469,Rajshahi,2001,2,31.6,12.9,0,72,0.7,0.9,41895,0
6470,Rajshahi,2001,3,37.9,17.5,9,62,0.8,1.7,41895,0
6471,Rajshahi,2001,4,40,22.9,13,63,1.2,2.8,41895,0
6472,Rajshahi,2001,5,37,23.8,189,82,1.2,4.3,41895,0
6473,Rajshahi,2001,6,35.2,25.6,324,87,1.8,6.2,41895,1
6474,Rajshahi,2001,7,34.5,26.4,338,87,1.6,6,41895,1
6475,Rajshahi,2001,8,35,26.6,210,86,1.1,5.7,41895,1
6476,Rajshahi,2001,9,35.5,26.1,95,87,1,5.4,41895,0
6477,Rajshahi,2001,10,34,24,184,87,0.7,4.2,41895,1
6478,Rajshahi,2001,11,33.2,19.2,1,83,0.6,2,41895,0
6479,Rajshahi,2001,12,27.5,12.9,0,83,0.8,0.9,41895,0
6480,Rajshahi,2002,1,28,12.3,10,79,0.9,1.8,41895,0
6481,Rajshahi,2002,2,32.7,13.3,0,71,0.7,1.2,41895,0
6482,Rajshahi,2002,3,37.3,18.4,20,65,1.1,2,41895,0
6483,Rajshahi,2002,4,37.9,22.6,96,76,1.9,4,41895,0
6484,Rajshahi,2002,5,39.2,24.2,196,83,1.4,4.6,41895,0
6485,Rajshahi,2002,6,35.8,25.7,222,86,1.4,6,41895,0
6486,Rajshahi,2002,7,37.2,26.6,316,88,1.2,6.5,41895,1
6487,Rajshahi,2002,8,35.3,26.2,238,87,1.3,5.8,41895,1
6488,Rajshahi,2002,9,35.3,25.6,281,86,1.1,5.1,41895,1
6489,Rajshahi,2002,10,35,22.3,48,82,0.5,2.4,41895,0
6490,Rajshahi,2002,11,31.5,17.8,17,81,0.9,2,41895,0
6491,Rajshahi,2002,12,29.4,12.9,0,82,0.8,1,41895,0
6492,Rajshahi,2003,1,26.1,8.5,3,81,1.1,1.4,41895,0
6493,Rajshahi,2003,2,33,14.2,18,77,0.7,1.9,41895,0
6494,Rajshahi,2003,3,35.8,18,64,72,1,2.4,41895,0
6495,Rajshahi,2003,4,40.3,23.5,45,70,1.3,2.9,41895,0
6496,Rajshahi,2003,5,41.4,24.6,84,73,1.5,3.3,41895,0
6497,Rajshahi,2003,6,38.6,25.8,280,83,1.3,5.5,41895,1
6498,Rajshahi,2003,7,34.8,26.6,230,86,1.4,5.8,41895,1
6499,Rajshahi,2003,8,35.5,26.8,128,85,1.1,5,41895,0
6500,Rajshahi,2003,9,34.6,26.1,262,87,1,5.5,41895,1
6501,Rajshahi,2003,10,34.4,24,292,88,0.7,5,41895,1
6502,Rajshahi,2003,11,31.6,17.4,0,80,0.4,0.5,41895,0
6503,Rajshahi,2003,12,29,13.5,6,79,0.8,1.4,41895,0
6504,Rajshahi,2004,1,26,10.9,10,83,1,2,41895,0
6505,Rajshahi,2004,2,35,13.4,0,71,0.7,0.4,41895,0
6506,Rajshahi,2004,3,39.7,20.1,0,65,1.1,1.4,41895,0
6507,Rajshahi,2004,4,40.8,23.3,61,73,1.6,3.9,41895,0
6508,Rajshahi,2004,5,42.2,25.3,92,68,1.4,3.5,41895,0
6509,Rajshahi,2004,6,36.6,25.4,507,84,1.3,5.9,41895,1
6510,Rajshahi,2004,7,35.8,25.9,339,87,1.3,6.4,41895,1
6511,Rajshahi,2004,8,35,26.3,275,86,1.4,5.6,41895,1
6512,Rajshahi,2004,9,34.6,25.5,349,88,1.7,6.3,41895,1
6513,Rajshahi,2004,10,35,22.2,153,84,0.7,3,41895,0
6514,Rajshahi,2004,11,30.5,16.3,0,78,0.4,0.5,41895,0
6515,Rajshahi,2004,12,29,14.2,0,78,0.7,0.5,41895,0
6516,Rajshahi,2005,1,26.4,11.3,14,80,0.7,2.1,41895,0
6517,Rajshahi,2005,2,33.2,15,1,70,1,1.4,41895,0
6518,Rajshahi,2005,3,36,19.7,104,71,0.9,3.1,41895,0
6519,Rajshahi,2005,4,38.6,23.5,27,69,1.1,2.8,41895,0
6520,Rajshahi,2005,5,39.8,24.4,108,76,1.3,4,41895,0
6521,Rajshahi,2005,6,42.8,26.1,92,77,1.3,5.2,41895,0
6522,Rajshahi,2005,7,34.3,26.1,492,87,1.2,6.3,41895,1
6523,Rajshahi,2005,8,36,26.7,161,87,0.9,6.3,41895,1
6524,Rajshahi,2005,9,36.2,26,131,85,0.9,5.4,41895,0
6525,Rajshahi,2005,10,33.6,23.2,275,87,0.7,4.5,41895,1
6526,Rajshahi,2005,11,30.8,16.6,0,81,0.5,1,41895,0
6527,Rajshahi,2005,12,27.8,13,0,75,0.7,1,41895,0
6528,Rajshahi,2006,1,27.8,10.6,0,76,0.6,0.7,41895,0
6529,Rajshahi,2006,2,36.8,16.2,0,72,0.5,0.6,41895,0
6530,Rajshahi,2006,3,39.6,18.5,7,59,0.8,2,41895,0
6531,Rajshahi,2006,4,39,23,36,70,1.3,3.6,41895,0
6532,Rajshahi,2006,5,39,24.4,189,77,1.2,4.4,41895,0
6533,Rajshahi,2006,6,37.5,26.2,188,85,0.9,5.8,41895,0
6534,Rajshahi,2006,7,36.4,26.6,130,86,1.4,6,41895,0
6535,Rajshahi,2006,8,35.8,26,247,86,1.2,5.7,41895,1
6536,Rajshahi,2006,9,35.5,25.5,302,87,1.1,5.6,41895,1
6537,Rajshahi,2006,10,36,23.5,36,83,0.5,2.5,41895,0
6538,Rajshahi,2006,11,31.5,17.8,10,80,0.4,2.5,41895,0
6539,Rajshahi,2006,12,28.2,12.7,0,79,0.4,0.2,41895,0
6540,Rajshahi,2007,1,28.3,9.4,0,76,0.3,0.5,41895,0
6541,Rajshahi,2007,2,30.5,14.6,27,79,0.6,2.3,41895,0
6542,Rajshahi,2007,3,37.4,17.1,59,67,0.6,1.3,41895,0
6543,Rajshahi,2007,4,39.4,23.7,13,69,1.1,3.3,41895,0
6544,Rajshahi,2007,5,40.2,24.9,260,75,0.8,3.3,41895,0
6545,Rajshahi,2007,6,39.8,25.6,313,84,1.2,5.9,41895,1
6546,Rajshahi,2007,7,36.7,26,724,88,1,6.6,41895,1
6547,Rajshahi,2007,8,36.8,26.7,236,86,0.8,5.3,41895,1
6548,Rajshahi,2007,9,35.6,26.1,309,87,0.8,5.8,41895,1
6549,Rajshahi,2007,10,35.5,23.3,76,84,0.4,3.3,41895,1
6550,Rajshahi,2007,11,32.5,18.5,1,79,0.6,1.3,41895,0
6551,Rajshahi,2007,12,28,11.5,0,78,0.5,0.3,41895,0
6552,Rajshahi,2008,1,28.3,11.1,26,79,0.6,1.9,41895,0
6553,Rajshahi,2008,2,30.4,12,0,73,0.6,1.1,41895,0
6554,Rajshahi,2008,3,38.2,20.1,0,69,0.9,2.2,41895,0
6555,Rajshahi,2008,4,40,23.1,30,67,0.9,2.2,41895,0
6556,Rajshahi,2008,5,38,24.2,144,75,1,3.4,41895,0
6557,Rajshahi,2008,6,36,25.7,247,86,1.2,5.8,41895,0
6558,Rajshahi,2008,7,34.5,26,373,89,1,6.4,41895,1
6559,Rajshahi,2008,8,35.4,26.4,245,86,1.1,6,41895,1
6560,Rajshahi,2008,9,35.3,25.8,129,86,0.8,5.3,41895,1
6561,Rajshahi,2008,10,34,22.6,121,84,0.6,2.7,41895,0
6562,Rajshahi,2008,11,32,16.5,0,79,0.4,0.9,41895,0
6563,Rajshahi,2008,12,29,15,0,86,0.5,2.4,41895,0
6564,Rajshahi,2009,1,26.8,12.3,1,83,1.9,0.6,41895,0
6565,Rajshahi,2009,2,33.8,12.6,7,68,2.4,0.4,41895,0
6566,Rajshahi,2009,3,35.8,18,28,63,2.2,2.1,41895,0
6567,Rajshahi,2009,4,41.2,23.9,0,62,2.6,2.1,41895,0
6568,Rajshahi,2009,5,41.5,24.4,131,76,2.2,3.8,41895,0
6569,Rajshahi,2009,6,39.5,26.6,126,77,1.9,4.4,41895,0
6570,Rajshahi,2009,7,36,26.6,183,85,2.2,6,41895,0
6571,Rajshahi,2009,8,35.5,26.4,240,87,1.9,6.4,41895,1
6572,Rajshahi,2009,9,35.7,25.9,282,85,2,4.8,41895,1
6573,Rajshahi,2009,10,34.2,22.1,45,81,1.7,2.7,41895,0
6574,Rajshahi,2009,11,33.8,17.8,0,77,1.7,1.9,41895,0
6575,Rajshahi,2009,12,29.2,11.6,0,81,1.7,0.4,41895,0
6576,Rajshahi,2010,1,27.4,9.4,0,80,2.2,1.4,41895,0
6577,Rajshahi,2010,2,33,13.1,2,70,2,1,41895,0
6578,Rajshahi,2010,3,40.5,19.8,2,61,2.5,0.9,41895,0
6579,Rajshahi,2010,4,42.5,25.7,37,67,2.5,2.5,41895,0
6580,Rajshahi,2010,5,40.5,25.4,75,74,2.3,4.3,41895,0
6581,Rajshahi,2010,6,38.3,26.1,211,82,2.1,6,41895,1
6582,Rajshahi,2010,7,36,26.6,94,84,2.1,5.6,41895,0
6583,Rajshahi,2010,8,37.8,26.6,101,84,2.4,5.3,41895,0
6584,Rajshahi,2010,9,36,25.8,101,86,2.1,4.8,41895,1
6585,Rajshahi,2010,10,35.8,23.4,127,86,2.2,3.4,41895,1
6586,Rajshahi,2010,11,33,18.4,3,81,1.7,1.3,41895,0
6587,Rajshahi,2010,12,28,11.9,39,79,1.8,1.4,41895,0
6588,Rajshahi,2011,1,26.4,8.6,6,81,2.1,0.6,41895,0
6589,Rajshahi,2011,2,32.5,12.6,0,73,2.2,0.8,41895,0
6590,Rajshahi,2011,3,38,18.7,10,65,2.2,1.7,41895,0
6591,Rajshahi,2011,4,37.6,22.2,94,72,2.3,2.8,41895,0
6592,Rajshahi,2011,5,37.4,23.9,187,82,1.9,3.1,41895,0
6593,Rajshahi,2011,6,37.5,25.8,341,85,2.5,5.3,41895,1
6594,Rajshahi,2011,7,36,26.4,144,85,2,5.8,41895,0
6595,Rajshahi,2011,8,36,26.2,454,88,2.1,5.9,41895,1
6596,Rajshahi,2011,9,36.6,25.9,203,86,2,5,41895,1
6597,Rajshahi,2011,10,35,23.3,35,82,1.3,1.6,41895,0
6598,Rajshahi,2011,11,31.2,17,1,81,1.5,0.6,41895,0
6599,Rajshahi,2011,12,29,12.5,0,83,1.8,1.1,41895,0
6600,Rajshahi,2012,1,26.5,11.5,6,79,1.9,2.4,41895,0
6601,Rajshahi,2012,2,33,12.2,0,66,2.3,0.7,41895,0
6602,Rajshahi,2012,3,39.3,17.5,6,59,2,0.4,41895,0
6603,Rajshahi,2012,4,40.2,22.9,123,69,2.1,2.8,41895,0
6604,Rajshahi,2012,5,41.6,25.9,17,67,1.9,2.4,41895,0
6605,Rajshahi,2012,6,42,26.9,137,80,2.1,5.5,41895,0
6606,Rajshahi,2012,7,35.6,26.4,314,87,2.1,6.3,41895,1
6607,Rajshahi,2012,8,36,26.7,179,85,1.8,5.7,41895,0
6608,Rajshahi,2012,9,36.4,26.1,178,87,1.9,5.6,41895,1
6609,Rajshahi,2012,10,36,21.9,102,81,1.6,2.3,41895,1
6610,Rajshahi,2012,11,31.2,16.4,101,78,1.8,2.1,41895,0
6611,Rajshahi,2012,12,27.9,11.8,1,85,1.7,2.2,41895,0
6612,Rajshahi,2013,1,27,9.3,0,79,1.7,0.7,41895,0
6613,Rajshahi,2013,2,32.8,13.6,22,74,2.2,1.4,41895,0
6614,Rajshahi,2013,3,37.4,18.2,12,65,2.2,0.8,41895,0
6615,Rajshahi,2013,4,41.2,22.6,51,63,2.3,2.1,41895,0
6616,Rajshahi,2013,5,40.5,24.8,188,80,2.8,5.5,41895,0
6617,Rajshahi,2013,6,37.4,26.5,178,83,2,5.1,41895,0
6618,Rajshahi,2013,7,36.7,26.7,101,84,2.6,5.4,41895,0
6619,Rajshahi,2013,8,36.6,26.3,254,87,2.3,6,41895,1
6620,Rajshahi,2013,9,37.9,26.3,238,84,1.6,5.1,41895,1
6621,Rajshahi,2013,10,34.8,23.4,204,87,2.4,4.3,41895,1
6622,Rajshahi,2013,11,32,16.2,0,77,2.3,0.7,41895,0
6623,Rajshahi,2013,12,29.3,12.7,0,81,1.8,0.6,41895,0
6624,Rangamati,1990,1,29.4,13.9,0,77,0.5,0.5,41966,0
6625,Rangamati,1990,2,30.1,17.1,22,71,0.7,2.5,41966,0
6626,Rangamati,1990,3,35.1,18.1,108,73,0.9,3.5,41966,0
6627,Rangamati,1990,4,34.6,21.6,269,76,1.5,2.9,41966,0
6628,Rangamati,1990,5,35.5,24.1,164,80,0.7,4.5,41966,0
6629,Rangamati,1990,6,34.4,24.9,374,83,1.1,5.7,41966,0
6630,Rangamati,1990,7,33.5,24.4,645,87,1.2,6.4,41966,1
6631,Rangamati,1990,8,34.7,24.8,123,82,0.6,5.1,41966,0
6632,Rangamati,1990,9,34.1,24.4,197,84,0.6,5.3,41966,0
6633,Rangamati,1990,10,35.1,22.2,129,82,0.5,3.9,41966,0
6634,Rangamati,1990,11,32,20.3,91,84,0.3,3.5,41966,0
6635,Rangamati,1990,12,28.4,15,54,82,0.2,2.3,41966,0
6636,Rangamati,1991,1,28.7,12.4,50,78,0.5,1.9,41966,0
6637,Rangamati,1991,2,33.5,15.3,5,71,0.7,1,41966,0
6638,Rangamati,1991,3,35.6,20.5,16,68,0.8,1.4,41966,0
6639,Rangamati,1991,4,36.5,22.7,137,74,1.6,3.2,41966,0
6640,Rangamati,1991,5,34.4,22.6,526,79,1.6,5.2,41966,1
6641,Rangamati,1991,6,34.5,24.9,615,85,1,6.2,41966,1
6642,Rangamati,1991,7,35,25,462,85,1.1,6.1,41966,1
6643,Rangamati,1991,8,37.3,24.8,606,85,0.8,5.9,41966,1
6644,Rangamati,1991,9,33.7,24.5,334,85,0.7,5.4,41966,0
6645,Rangamati,1991,10,34.7,23.6,103,84,0.6,3.9,41966,0
6646,Rangamati,1991,11,30,18.5,89,83,0.5,3.1,41966,0
6647,Rangamati,1991,12,28.3,14.6,14,80,0.7,2,41966,0
6648,Rangamati,1992,1,28.5,12.6,0,78,0.5,0.7,41966,0
6649,Rangamati,1992,2,29.5,14.8,93,75,0.8,2.3,41966,0
6650,Rangamati,1992,3,34.2,21.1,4,74,1.1,2.1,41966,0
6651,Rangamati,1992,4,38.4,23.4,31,72,1.5,2.1,41966,0
6652,Rangamati,1992,5,37.6,23.4,137,73,1.2,3.6,41966,0
6653,Rangamati,1992,6,36.9,25.1,428,82,0.8,4.7,41966,1
6654,Rangamati,1992,7,34.9,24.2,341,84,1,6.2,41966,0
6655,Rangamati,1992,8,35,24.2,239,82,0.8,5.7,41966,0
6656,Rangamati,1992,9,34.6,23.7,274,84,0.9,5.4,41966,0
6657,Rangamati,1992,10,34.1,22.4,154,84,0.5,4,41966,0
6658,Rangamati,1992,11,32.5,19.4,12,81,0.4,3.3,41966,0
6659,Rangamati,1992,12,28.5,13.7,15,82,0.5,1.3,41966,0
6660,Rangamati,1993,1,29,11.8,0,76,0.5,0.6,41966,0
6661,Rangamati,1993,2,31.4,13.5,151,71,0.8,1.6,41966,0
6662,Rangamati,1993,3,33.2,15.5,201,68,1.3,2.1,41966,0
6663,Rangamati,1993,4,35.5,19.8,138,74,0.8,2.5,41966,0
6664,Rangamati,1993,5,35.6,22.2,475,80,1.1,4.8,41966,1
6665,Rangamati,1993,6,34,24.3,784,84,1.2,6,41966,1
6666,Rangamati,1993,7,34.8,23.2,980,84,1.2,6.2,41966,1
6667,Rangamati,1993,8,34,22.8,727,86,1,5.9,41966,1
6668,Rangamati,1993,9,34.2,23.1,278,84,0.7,5.9,41966,0
6669,Rangamati,1993,10,34,23.7,152,84,0.5,3.7,41966,0
6670,Rangamati,1993,11,30.8,20.3,9,81,0.4,2.1,41966,0
6671,Rangamati,1993,12,29.3,15.7,0,79,0.2,2.2,41966,0
6672,Rangamati,1994,1,29.5,13.6,5,70,0.5,0.5,41966,0
6673,Rangamati,1994,2,31.4,14,6,65,0.7,0.9,41966,0
6674,Rangamati,1994,3,36.6,19.4,329,72,1.7,2.8,41966,0
6675,Rangamati,1994,4,38.4,22,207,72,0.7,2.9,41966,0
6676,Rangamati,1994,5,35.8,24.5,96,77,1.1,4.3,41966,0
6677,Rangamati,1994,6,35.4,25.1,264,82,0.8,6.1,41966,0
6678,Rangamati,1994,7,34.2,24.7,457,81,0.8,6.1,41966,1
6679,Rangamati,1994,8,34.6,24.6,366,82,0.6,6.3,41966,1
6680,Rangamati,1994,9,34.6,24.2,180,80,0.6,4.8,41966,0
6681,Rangamati,1994,10,34.2,22.7,106,80,0.5,3.6,41966,0
6682,Rangamati,1994,11,32.5,19,12,77,0.4,3.4,41966,0
6683,Rangamati,1994,12,28.8,13.4,0,72,0.2,1,41966,0
6684,Rangamati,1995,1,29.7,11.7,1,68,0.6,1.9,41966,0
6685,Rangamati,1995,2,32.5,14.4,7,69,0.5,2.1,41966,0
6686,Rangamati,1995,3,37.6,18.3,27,68,1,1.5,41966,0
6687,Rangamati,1995,4,39,23.6,44,66,1.3,2.5,41966,0
6688,Rangamati,1995,5,40.5,25.9,490,73,1.8,4.7,41966,1
6689,Rangamati,1995,6,35,25.5,339,81,1.2,6.2,41966,0
6690,Rangamati,1995,7,34.2,24.7,607,82,0.9,6.3,41966,1
6691,Rangamati,1995,8,35.6,24.9,351,83,0.7,6.1,41966,0
6692,Rangamati,1995,9,34.5,24.8,171,81,0.7,5.7,41966,0
6693,Rangamati,1995,10,35.2,23.8,146,81,0.4,3.8,41966,0
6694,Rangamati,1995,11,33.4,21.2,220,83,0.3,4.1,41966,0
6695,Rangamati,1995,12,27.8,14.7,0,75,0.3,0.8,41966,0
6696,Rangamati,1996,1,28,12.5,10,77,0.8,0.8,41966,0
6697,Rangamati,1996,2,31.5,14.7,17,69,1.1,1.5,41966,0
6698,Rangamati,1996,3,36,20.5,25,72,1.8,3,41966,0
6699,Rangamati,1996,4,35.2,22.7,77,76,1.1,2.9,41966,0
6700,Rangamati,1996,5,36,24.1,440,80,1.5,4.7,41966,0
6701,Rangamati,1996,6,35.2,24.3,454,84,1.3,5.6,41966,1
6702,Rangamati,1996,7,34.7,24.9,509,86,1,6.5,41966,1
6703,Rangamati,1996,8,33.8,24.5,430,88,0.8,6.8,41966,1
6704,Rangamati,1996,9,35.6,24.6,379,86,0.4,5.9,41966,1
6705,Rangamati,1996,10,35,22.5,246,85,0.5,3.7,41966,0
6706,Rangamati,1996,11,32.8,19.2,72,84,0.2,2.5,41966,0
6707,Rangamati,1996,12,30,15.3,4,82,0.3,2.3,41966,0
6708,Rangamati,1997,1,27,11.5,1,75,0.5,1.3,41966,0
6709,Rangamati,1997,2,32,13.4,14,70,0.9,1.7,41966,0
6710,Rangamati,1997,3,35.2,19.1,251,75,1,2.7,41966,0
6711,Rangamati,1997,4,35.4,20.2,33,77,0.7,3.5,41966,0
6712,Rangamati,1997,5,37,23.8,209,79,1.5,4.1,41966,0
6713,Rangamati,1997,6,34.7,23.7,508,84,1,6,41966,1
6714,Rangamati,1997,7,34.3,24.9,657,88,1.1,6.5,41966,1
6715,Rangamati,1997,8,35.6,25.1,481,85,0.8,5.9,41966,1
6716,Rangamati,1997,9,34.4,24.1,443,87,0.8,5.6,41966,1
6717,Rangamati,1997,10,33.6,21.7,134,83,0.3,2.6,41966,0
6718,Rangamati,1997,11,33.2,18.8,19,82,0.2,3.2,41966,0
6719,Rangamati,1997,12,29.4,14.3,15,82,0.3,2.6,41966,0
6720,Rangamati,1998,1,29,13.2,21,81,0.5,2.5,41966,0
6721,Rangamati,1998,2,33.1,14.9,79,75,0.7,2.2,41966,0
6722,Rangamati,1998,3,33.9,17.8,137,70,1,2.9,41966,0
6723,Rangamati,1998,4,34.7,22.1,157,77,0.7,3.4,41966,0
6724,Rangamati,1998,5,37.4,24.1,658,81,0.9,4.9,41966,1
6725,Rangamati,1998,6,35.2,25.7,294,84,1.2,5.8,41966,0
6726,Rangamati,1998,7,34.2,25.2,691,89,1.2,6.8,41966,1
6727,Rangamati,1998,8,34.4,25.1,485,88,0.9,6.6,41966,1
6728,Rangamati,1998,9,35.8,24.7,287,86,0.3,5.5,41966,0
6729,Rangamati,1998,10,35.3,24.3,102,85,0.2,3.6,41966,0
6730,Rangamati,1998,11,33.4,21.8,19,85,0.3,3.3,41966,0
6731,Rangamati,1998,12,29.5,15.2,0,82,0.6,0.7,41966,0
6732,Rangamati,1999,1,29.8,13,0,76,0.9,0.6,41966,0
6733,Rangamati,1999,2,35.2,15.9,0,67,0.6,1.2,41966,0
6734,Rangamati,1999,3,37,20.3,3,66,1.4,1.7,41966,0
6735,Rangamati,1999,4,38.2,24.7,0,70,1.8,3.1,41966,0
6736,Rangamati,1999,5,38,24.6,379,82,1.6,5.8,41966,0
6737,Rangamati,1999,6,36,24.7,840,88,1.5,6.6,41966,1
6738,Rangamati,1999,7,35,24.9,590,88,1.2,6.8,41966,1
6739,Rangamati,1999,8,34.4,24.7,474,88,1.1,6.8,41966,1
6740,Rangamati,1999,9,34.6,24.4,201,86,0.7,5.8,41966,0
6741,Rangamati,1999,10,34.5,23.9,149,86,0.3,4.8,41966,0
6742,Rangamati,1999,11,32,18.9,3,83,0.2,1.7,41966,0
6743,Rangamati,1999,12,29.8,15.6,115,84,0.3,2,41966,0
6744,Rangamati,2000,1,28.7,12.6,41,80,0.4,1.2,41966,0
6745,Rangamati,2000,2,30.5,14.4,1,73,0.5,2.8,41966,0
6746,Rangamati,2000,3,34.3,19.3,112,74,1,2.8,41966,0
6747,Rangamati,2000,4,35.2,22.4,210,76,1.5,3.1,41966,0
6748,Rangamati,2000,5,37.2,23.3,498,84,1.2,5.5,41966,1
6749,Rangamati,2000,6,35.5,24.7,565,87,1,6,41966,1
6750,Rangamati,2000,7,35.5,24.8,207,85,1.1,5.9,41966,0
6751,Rangamati,2000,8,35.2,24.6,534,87,0.7,6,41966,1
6752,Rangamati,2000,9,34.2,24.7,164,86,0.5,5.2,41966,0
6753,Rangamati,2000,10,35.2,23.8,356,86,0.5,4.2,41966,0
6754,Rangamati,2000,11,32.8,19.1,45,83,0.4,1.7,41966,0
6755,Rangamati,2000,12,28.6,14.2,0,81,0.3,0.8,41966,0
6756,Rangamati,2001,1,29,11.2,0,76,0.3,0.4,41966,0
6757,Rangamati,2001,2,32.6,15.1,8,68,0.4,1,41966,0
6758,Rangamati,2001,3,36.2,18.4,1,63,0.6,1.1,41966,0
6759,Rangamati,2001,4,38.8,23.3,34,64,1.3,2.6,41966,0
6760,Rangamati,2001,5,36,23.6,282,80,0.7,4.2,41966,0
6761,Rangamati,2001,6,34.7,24.7,569,85,1.1,6.1,41966,1
6762,Rangamati,2001,7,35.2,24.9,346,84,1.2,5.8,41966,1
6763,Rangamati,2001,8,35,25.4,332,83,0.5,5.5,41966,0
6764,Rangamati,2001,9,35.4,24.7,212,85,0.6,4.2,41966,0
6765,Rangamati,2001,10,35,24.1,181,86,0.2,4.4,41966,0
6766,Rangamati,2001,11,31.8,20.9,101,87,0.2,3,41966,0
6767,Rangamati,2001,12,29.6,14.9,0,83,0.4,1.1,41966,0
6768,Rangamati,2002,1,30.4,13.9,9,85,0.3,1.7,41966,0
6769,Rangamati,2002,2,33.3,14.3,0,74,0.4,0.4,41966,0
6770,Rangamati,2002,3,37.2,18.2,42,64,0.6,1.5,41966,0
6771,Rangamati,2002,4,35.7,22.3,66,79,0.8,2.5,41966,0
6772,Rangamati,2002,5,35.8,23.1,548,83,0.9,4.9,41966,1
6773,Rangamati,2002,6,36.7,24.8,262,84,0.6,5.2,41966,0
6774,Rangamati,2002,7,34.6,25.2,852,88,0.6,6.3,41966,1
6775,Rangamati,2002,8,34.6,24.7,472,86,0.5,6,41966,1
6776,Rangamati,2002,9,35.4,24.6,353,85,0.4,4.4,41966,1
6777,Rangamati,2002,10,34.6,22.7,79,84,0.3,3.2,41966,0
6778,Rangamati,2002,11,32.2,20,94,87,0.2,3.3,41966,0
6779,Rangamati,2002,12,30,15.2,7,85,0.2,1.1,41966,0
6780,Rangamati,2003,1,29.8,12.3,0,83,0.2,1.3,41966,0
6781,Rangamati,2003,2,33,15.4,1,73,0.3,1,41966,0
6782,Rangamati,2003,3,35.5,17.7,36,67,0.6,2,41966,0
6783,Rangamati,2003,4,37.3,23.1,82,72,0.9,2.3,41966,0
6784,Rangamati,2003,5,37.3,24,273,79,0.6,4,41966,0
6785,Rangamati,2003,6,37.2,24.4,1086,87,0.8,6.1,41966,1
6786,Rangamati,2003,7,35.5,25.4,252,84,0.6,5.3,41966,0
6787,Rangamati,2003,8,39.2,25.2,222,85,0.6,4.8,41966,0
6788,Rangamati,2003,9,35,24.9,370,85,0.4,4.9,41966,1
6789,Rangamati,2003,10,35,24.1,93,85,0.2,3.7,41966,0
6790,Rangamati,2003,11,32.7,17.9,0,84,0.1,0.3,41966,0
6791,Rangamati,2003,12,30.4,15.5,59,84,0.4,2,41966,0
6792,Rangamati,2004,1,29.8,13,0,81,0.5,1.7,41966,0
6793,Rangamati,2004,2,33.3,14.1,0,66,0.4,0.5,41966,0
6794,Rangamati,2004,3,35.5,20.3,8,70,1,2,41966,0
6795,Rangamati,2004,4,36.6,22.4,170,77,1.2,3.8,41966,0
6796,Rangamati,2004,5,38,25.5,116,75,0.6,3.5,41966,0
6797,Rangamati,2004,6,36.2,25,841,84,0.8,6,41966,1
6798,Rangamati,2004,7,34.5,24.6,1076,87,1.1,6.2,41966,1
6799,Rangamati,2004,8,35.8,24.9,229,85,0.8,5.4,41966,0
6800,Rangamati,2004,9,34.4,24.3,491,87,0.5,5.5,41966,1
6801,Rangamati,2004,10,35.5,22.8,182,86,0.4,3.7,41966,0
6802,Rangamati,2004,11,33,18,0,83,0.3,0.6,41966,0
6803,Rangamati,2004,12,30.7,15.3,0,80,0.4,1,41966,0
6804,Rangamati,2005,1,31.2,12.9,2,76,0.4,1.5,41966,0
6805,Rangamati,2005,2,33.8,16.7,0,65,0.9,1.3,41966,0
6806,Rangamati,2005,3,35.3,20.8,74,71,1.2,2.9,41966,0
6807,Rangamati,2005,4,37,22.9,199,73,0.8,2.6,41966,0
6808,Rangamati,2005,5,35.5,23.1,238,79,0.9,3.2,41966,0
6809,Rangamati,2005,6,36.4,25.8,185,81,0.9,4.7,41966,0
6810,Rangamati,2005,7,35.2,24.9,274,84,0.7,5.5,41966,0
6811,Rangamati,2005,8,34.7,25.1,644,88,1,6.8,41966,1
6812,Rangamati,2005,9,35.3,24.9,323,87,0.6,5.9,41966,0
6813,Rangamati,2005,10,34.5,23.7,125,85,0.6,4.8,41966,0
6814,Rangamati,2005,11,32,18.5,53,84,0.3,1.7,41966,0
6815,Rangamati,2005,12,29.5,16.1,7,84,0.5,2.6,41966,0
6816,Rangamati,2006,1,28.8,12.9,0,78,0.5,0.6,41966,0
6817,Rangamati,2006,2,34.6,17.1,0,72,0.5,0.5,41966,0
6818,Rangamati,2006,3,37.3,19.9,0,57,0.1,1.6,41966,0
6819,Rangamati,2006,4,38.8,23.6,36,68,0,2.5,41966,0
6820,Rangamati,2006,5,36.8,23.7,701,79,0.9,4.8,41966,1
6821,Rangamati,2006,6,35.5,25.1,313,85,0.6,5.7,41966,0
6822,Rangamati,2006,7,35.2,25.3,476,83,0.3,6,41966,1
6823,Rangamati,2006,8,35.2,24.9,370,83,0.1,5.5,41966,1
6824,Rangamati,2006,9,34.5,24.5,302,85,0.3,5.5,41966,0
6825,Rangamati,2006,10,35.2,23.9,99,85,0.1,3.7,41966,0
6826,Rangamati,2006,11,33.2,19.3,19,85,0.1,2.6,41966,0
6827,Rangamati,2006,12,29.5,14.2,0,83,0.2,0.5,41966,0
6828,Rangamati,2007,1,29,11.5,0,79,0.3,0.6,41966,0
6829,Rangamati,2007,2,30.6,14.7,58,74,0.3,1.7,41966,0
6830,Rangamati,2007,3,36.3,17.1,32,61,0.4,0.8,41966,0
6831,Rangamati,2007,4,36,22.2,168,76,0.8,3,41966,0
6832,Rangamati,2007,5,37.8,24.5,280,82,0.7,4.7,41966,0
6833,Rangamati,2007,6,36.2,24.8,591,86,0.8,6.1,41966,1
6834,Rangamati,2007,7,35,24.9,712,88,1.1,6.8,41966,1
6835,Rangamati,2007,8,35.3,24.9,268,85,0.7,6.2,41966,0
6836,Rangamati,2007,9,34.7,24.7,535,87,0.6,6.5,41966,1
6837,Rangamati,2007,10,34.8,22.5,351,86,0.5,4.6,41966,0
6838,Rangamati,2007,11,33,20.7,81,86,0.5,3.4,41966,0
6839,Rangamati,2007,12,28.2,14.6,0,83,0.6,2,41966,0
6840,Rangamati,2008,1,29,13.2,47,82,0.4,1.6,41966,0
6841,Rangamati,2008,2,30.5,13.2,8,71,0.5,1.3,41966,0
6842,Rangamati,2008,3,35.4,20.5,5,73,0.6,2.6,41966,0
6843,Rangamati,2008,4,40.2,22.7,0,66,1,2.2,41966,0
6844,Rangamati,2008,5,38.7,24.3,188,73,0.8,4.1,41966,0
6845,Rangamati,2008,6,39.8,25,262,83,0.7,5.8,41966,0
6846,Rangamati,2008,7,34.3,24.7,433,86,0.8,6,41966,1
6847,Rangamati,2008,8,34,24.6,400,86,0.6,6.1,41966,1
6848,Rangamati,2008,9,35.2,24.4,240,85,0.4,5.3,41966,0
6849,Rangamati,2008,10,35,23.2,172,85,0.4,3.6,41966,0
6850,Rangamati,2008,11,32.5,18.4,25,84,0.2,1.7,41966,0
6851,Rangamati,2008,12,30,16.2,0,84,0.1,1.6,41966,0
6852,Rangamati,2009,1,29.8,12.6,0,75,1.4,0,41966,0
6853,Rangamati,2009,2,34.8,14.5,0,65,1.9,0.5,41966,0
6854,Rangamati,2009,3,36.7,19.7,1,63,2.1,1.9,41966,0
6855,Rangamati,2009,4,39,24.2,61,72,4,2.3,41966,0
6856,Rangamati,2009,5,37,24.1,264,76,3.1,3.7,41966,0
6857,Rangamati,2009,6,36.5,25,295,82,3.2,5.1,41966,0
6858,Rangamati,2009,7,34.8,24.9,639,85,3,5.6,41966,1
6859,Rangamati,2009,8,34.2,25.1,472,87,2.2,6.1,41966,1
6860,Rangamati,2009,9,35,24.8,276,85,1.8,5.1,41966,0
6861,Rangamati,2009,10,34,22.9,338,85,1.5,2.9,41966,0
6862,Rangamati,2009,11,32.6,19.5,49,83,1.3,2.3,41966,0
6863,Rangamati,2009,12,29.2,14.1,0,83,1.3,0.8,41966,0
6864,Rangamati,2010,1,31.5,12.5,0,78,1.5,0.5,41966,0
6865,Rangamati,2010,2,32.8,13.6,9,66,1.7,1.4,41966,0
6866,Rangamati,2010,3,38.4,20.6,121,64,2.7,1.7,41966,0
6867,Rangamati,2010,4,39.4,24.8,112,74,3.1,2.8,41966,0
6868,Rangamati,2010,5,37,24.5,424,80,2.6,4.5,41966,1
6869,Rangamati,2010,6,34.4,24.9,653,86,2.2,5.7,41966,1
6870,Rangamati,2010,7,35.7,25.3,304,84,2.2,5.2,41966,0
6871,Rangamati,2010,8,35.4,25.3,496,84,2,5.7,41966,1
6872,Rangamati,2010,9,34.5,24.8,183,85,1.8,4.6,41966,0
6873,Rangamati,2010,10,35.9,24.3,281,85,1.3,4.2,41966,0
6874,Rangamati,2010,11,33.4,20.2,45,83,0.7,1.5,41966,0
6875,Rangamati,2010,12,30.5,14.9,17,82,1.3,1.3,41966,0
6876,Rangamati,2011,1,29,11.7,1,77,1.6,0.8,41966,0
6877,Rangamati,2011,2,33,14.9,1,69,1.9,1.6,41966,0
6878,Rangamati,2011,3,35,18.5,49,66,2.7,1.8,41966,0
6879,Rangamati,2011,4,36.7,22.2,78,73,2.3,3,41966,0
6880,Rangamati,2011,5,36.5,23.9,169,79,2.4,4.6,41966,0
6881,Rangamati,2011,6,36.2,24.7,516,84,2.2,5.7,41966,1
6882,Rangamati,2011,7,34.8,24.5,463,86,1.8,5.6,41966,1
6883,Rangamati,2011,8,35,24.3,566,87,1.7,6.2,41966,1
6884,Rangamati,2011,9,36,24,420,85,1.6,5.1,41966,1
6885,Rangamati,2011,10,34.5,23.2,98,85,1.3,3,41966,0
6886,Rangamati,2011,11,32,17.3,0,81,0.8,0.4,41966,0
6887,Rangamati,2011,12,30.5,15.1,0,83,1.3,1.4,41966,0
6888,Rangamati,2012,1,29.2,12.3,0,77,1.8,2,41966,0
6889,Rangamati,2012,2,35,13.7,0,63,2.1,0.3,41966,0
6890,Rangamati,2012,3,37,19.6,91,68,2.4,1.6,41966,0
6891,Rangamati,2012,4,38.5,22.3,284,77,2.4,3.5,41966,0
6892,Rangamati,2012,5,36.5,23.9,187,77,1.7,4,41966,0
6893,Rangamati,2012,6,35.3,25,834,85,2,5.8,41966,1
6894,Rangamati,2012,7,35.2,24.7,489,86,2.4,6.2,41966,1
6895,Rangamati,2012,8,35,24.4,297,84,2.1,5.9,41966,0
6896,Rangamati,2012,9,35.5,24.9,268,84,1.4,5.2,41966,0
6897,Rangamati,2012,10,34,23.1,344,86,1.3,4.1,41966,0
6898,Rangamati,2012,11,33,18.9,23,84,1.2,3.5,41966,0
6899,Rangamati,2012,12,29,13.3,0,83,1.2,0.6,41966,0
6900,Rangamati,2013,1,30,10.4,0,75,1.2,0.4,41966,0
6901,Rangamati,2013,2,35,14.6,2,63,1.7,1.4,41966,0
6902,Rangamati,2013,3,37,18.9,2,64,1.7,1.9,41966,0
6903,Rangamati,2013,4,37.5,22.7,83,69,2.3,2.6,41966,0
6904,Rangamati,2013,5,35.5,23.7,435,80,2.1,5.9,41966,1
6905,Rangamati,2013,6,36,25.4,280,83,1.6,5.5,41966,0
6906,Rangamati,2013,7,35.5,24.9,274,84,1.6,5.4,41966,0
6907,Rangamati,2013,8,34,25,200,86,1.8,5.6,41966,0
6908,Rangamati,2013,9,35.4,24.4,476,84,1,5.5,41966,1
6909,Rangamati,2013,10,34.5,23.1,198,87,1.2,4.8,41966,1
6910,Rangamati,2013,11,32,17.8,0,82,1.1,1.9,41966,0
6911,Rangamati,2013,12,30.4,14.5,0,82,1.1,1,41966,0
6912,Rangpur,1990,1,28.6,11.6,1,84,1,0.6,41859,0
6913,Rangpur,1990,2,27.8,13.9,57,76,1.5,2.4,41859,0
6914,Rangpur,1990,3,33.5,16.5,82,73,1.9,2.6,41859,0
6915,Rangpur,1990,4,35,20.5,134,79,2.6,4.4,41859,0
6916,Rangpur,1990,5,35.2,23.7,354,83,1.6,4.8,41859,0
6917,Rangpur,1990,6,35.5,25.6,393,86,1.9,5.9,41859,0
6918,Rangpur,1990,7,34,26.1,306,87,1.7,6.2,41859,0
6919,Rangpur,1990,8,36,26.3,396,86,1.3,5.3,41859,0
6920,Rangpur,1990,9,35.8,25.2,439,88,1.5,5.9,41859,1
6921,Rangpur,1990,10,32.6,21.3,325,87,1.7,3.9,41859,0
6922,Rangpur,1990,11,31.6,17.3,0,79,1,1.2,41859,0
6923,Rangpur,1990,12,27.4,12.6,0,80,0.8,0.8,41859,0
6924,Rangpur,1991,1,27.5,10.4,38,80,0.8,1.2,41859,0
6925,Rangpur,1991,2,31.3,13.7,1,72,1.1,1.3,41859,0
6926,Rangpur,1991,3,36.3,17.6,1,67,1.4,1.4,41859,0
6927,Rangpur,1991,4,36.6,20.9,155,72,2.1,3,41859,0
6928,Rangpur,1991,5,34.5,22.5,223,87,2.5,6.6,41859,0
6929,Rangpur,1991,6,34.7,25.2,483,87,1.8,6.7,41859,1
6930,Rangpur,1991,7,35.6,26.5,162,86,2.1,6.4,41859,0
6931,Rangpur,1991,8,36.7,26.5,264,86,1.8,6.3,41859,0
6932,Rangpur,1991,9,33.8,25.3,810,90,1.7,6.4,41859,1
6933,Rangpur,1991,10,34.2,22.4,268,86,1.4,3.3,41859,0
6934,Rangpur,1991,11,31.4,15.5,2,82,0.8,1,41859,0
6935,Rangpur,1991,12,27.5,12.8,56,83,1.1,1.7,41859,0
6936,Rangpur,1992,1,27.5,10.9,13,85,0.8,0.9,41859,0
6937,Rangpur,1992,2,26.3,11.6,10,77,1.2,1.3,41859,0
6938,Rangpur,1992,3,37.3,17.6,0,62,2.2,1.5,41859,0
6939,Rangpur,1992,4,39.7,21.1,89,65,2.3,2.6,41859,0
6940,Rangpur,1992,5,33.5,22.2,245,81,1.9,4.8,41859,0
6941,Rangpur,1992,6,35.7,25.2,348,85,1.6,5.6,41859,0
6942,Rangpur,1992,7,35.2,25.6,247,88,1.7,6.6,41859,0
6943,Rangpur,1992,8,35.6,26.3,367,87,1.4,6,41859,0
6944,Rangpur,1992,9,35.1,25.3,552,89,1.2,4.9,41859,1
6945,Rangpur,1992,10,33.8,22.5,129,87,1,3,41859,0
6946,Rangpur,1992,11,31,16.6,4,80,1.1,1.1,41859,0
6947,Rangpur,1992,12,27.8,11.7,2,81,0.8,0.8,41859,0
6948,Rangpur,1993,1,27.2,10.2,49,87,0.8,2.3,41859,0
6949,Rangpur,1993,2,29.4,14,0,79,1,1.8,41859,0
6950,Rangpur,1993,3,32.9,15.7,40,70,1.3,1.6,41859,0
6951,Rangpur,1993,4,36.4,20,62,75,1.5,3.4,41859,0
6952,Rangpur,1993,5,34.8,22.8,190,86,1.6,5.5,41859,0
6953,Rangpur,1993,6,34.6,24.6,633,88,1.8,5.9,41859,1
6954,Rangpur,1993,7,34.8,26,499,85,1.6,6.1,41859,1
6955,Rangpur,1993,8,35.6,26.1,573,88,1.4,6.5,41859,1
6956,Rangpur,1993,9,35,25.2,357,88,1.2,5.7,41859,0
6957,Rangpur,1993,10,33.5,22.9,91,86,0.6,3,41859,0
6958,Rangpur,1993,11,30.3,18.2,26,83,0.7,1.3,41859,0
6959,Rangpur,1993,12,28.8,13.1,0,80,0.6,0.8,41859,0
6960,Rangpur,1994,1,27.2,11.7,16,76,0.5,1.1,41859,0
6961,Rangpur,1994,2,30,12.5,29,74,0.8,1.3,41859,0
6962,Rangpur,1994,3,34.5,17.4,28,69,1.7,1.5,41859,0
6963,Rangpur,1994,4,36.3,21.2,49,71,2.2,3.2,41859,0
6964,Rangpur,1994,5,39.7,24.1,212,71,2.3,4.5,41859,0
6965,Rangpur,1994,6,34.5,25.3,427,85,2.5,6.2,41859,0
6966,Rangpur,1994,7,35.6,26.1,202,81,2.5,5.4,41859,0
6967,Rangpur,1994,8,35.7,26.2,97,82,2.1,5.7,41859,0
6968,Rangpur,1994,9,35.3,24.9,135,81,1.1,4.3,41859,0
6969,Rangpur,1994,10,34,21.7,106,82,0.9,2.6,41859,0
6970,Rangpur,1994,11,31.2,17.4,0,75,1.1,2,41859,0
6971,Rangpur,1994,12,27.8,11.8,0,73,0.6,0.6,41859,0
6972,Rangpur,1995,1,25.6,9.6,3,71,0.8,1.7,41859,0
6973,Rangpur,1995,2,28.3,12.8,3,70,0.7,1.4,41859,0
6974,Rangpur,1995,3,36,16.5,4,64,1.1,1.7,41859,0
6975,Rangpur,1995,4,39,21,1,66,2.3,2.6,41859,0
6976,Rangpur,1995,5,37,25,158,78,2.5,5,41859,0
6977,Rangpur,1995,6,35.7,25.7,369,85,1.5,6.4,41859,0
6978,Rangpur,1995,7,33.6,25.7,759,88,1.6,6.7,41859,1
6979,Rangpur,1995,8,34.2,25.7,442,86,1.2,5.8,41859,0
6980,Rangpur,1995,9,34.6,25.3,804,86,1.6,6.1,41859,1
6981,Rangpur,1995,10,33,22.9,51,81,0.8,3.2,41859,0
6982,Rangpur,1995,11,31,18.1,109,78,1.5,2.4,41859,0
6983,Rangpur,1995,12,26.4,13.4,3,79,0.6,0.9,41859,0
6984,Rangpur,1996,1,25.5,11.1,13,85,0.5,1.3,41859,0
6985,Rangpur,1996,2,28.8,14,0,77,0.7,1,41859,0
6986,Rangpur,1996,3,34.8,18,0,68,1.3,1.5,41859,0
6987,Rangpur,1996,4,37.5,21.4,39,68,1.5,2.3,41859,0
6988,Rangpur,1996,5,37.2,23.1,232,82,2.1,5.3,41859,0
6989,Rangpur,1996,6,36,24.7,396,86,1.7,5.4,41859,0
6990,Rangpur,1996,7,35,26,479,88,1.5,6.8,41859,1
6991,Rangpur,1996,8,35.2,26.1,353,85,1.5,6.2,41859,0
6992,Rangpur,1996,9,35.9,25.5,333,87,1,4.8,41859,0
6993,Rangpur,1996,10,34.6,22.2,159,86,1,2.4,41859,0
6994,Rangpur,1996,11,32.7,17.2,0,82,0.8,0.6,41859,0
6995,Rangpur,1996,12,27.2,12.5,0,79,0.8,0.6,41859,0
6996,Rangpur,1997,1,25.6,10.3,19,81,0.8,1.4,41859,0
6997,Rangpur,1997,2,27.7,11.9,14,78,1.2,1.5,41859,0
6998,Rangpur,1997,3,33.7,17.3,3,71,1.2,1.3,41859,0
6999,Rangpur,1997,4,33.4,19.8,113,79,1.5,4.1,41859,0
7000,Rangpur,1997,5,35.6,22.9,230,80,1.5,4.1,41859,0
7001,Rangpur,1997,6,37.2,24.6,276,85,1.8,6.1,41859,0
7002,Rangpur,1997,7,35.4,26.1,523,87,1.2,6.3,41859,1
7003,Rangpur,1997,8,36.3,26.3,338,86,1.1,6.1,41859,0
7004,Rangpur,1997,9,33.1,24.8,410,89,1,6.2,41859,0
7005,Rangpur,1997,10,34,20.5,16,84,0.5,2.2,41859,0
7006,Rangpur,1997,11,31.6,17.3,2,82,0.7,2,41859,0
7007,Rangpur,1997,12,27,12.9,27,86,0.8,2.9,41859,0
7008,Rangpur,1998,1,26,10.3,0,86,0.9,3.3,41859,0
7009,Rangpur,1998,2,29.8,13.1,12,75,0.8,1.2,41859,0
7010,Rangpur,1998,3,31.7,15.8,50,75,1.2,2.3,41859,0
7011,Rangpur,1998,4,36.3,20.9,173,79,1.4,3.6,41859,0
7012,Rangpur,1998,5,37.7,24.6,202,81,1.1,4.2,41859,0
7013,Rangpur,1998,6,38.2,26.1,333,87,1.5,6.4,41859,0
7014,Rangpur,1998,7,34.7,26.3,473,90,1.4,6.9,41859,1
7015,Rangpur,1998,8,33.8,26.3,458,90,1,6.7,41859,1
7016,Rangpur,1998,9,35.6,25.7,255,88,0.8,4.8,41859,0
7017,Rangpur,1998,10,35.2,24,409,87,0.8,4.1,41859,0
7018,Rangpur,1998,11,31.2,19.3,0,82,1.2,1.8,41859,0
7019,Rangpur,1998,12,29.4,13.9,0,81,0.9,0.4,41859,0
7020,Rangpur,1999,1,28,11.2,0,80,0.9,0.8,41859,0
7021,Rangpur,1999,2,31.9,15,0,77,0.7,0.5,41859,0
7022,Rangpur,1999,3,33.8,17.2,7,67,1.1,0.6,41859,0
7023,Rangpur,1999,4,36,23,228,82,1.5,3.9,41859,0
7024,Rangpur,1999,5,36.6,23.9,336,84,1.5,5.3,41859,0
7025,Rangpur,1999,6,36.7,26,447,86,1.2,6,41859,0
7026,Rangpur,1999,7,35.5,26.2,436,88,1.4,6.6,41859,1
7027,Rangpur,1999,8,35,25.7,829,89,1.3,6.5,41859,1
7028,Rangpur,1999,9,34,25.2,337,87,1.5,5,41859,0
7029,Rangpur,1999,10,33.4,23.5,303,87,1.4,4.2,41859,0
7030,Rangpur,1999,11,31.8,18.2,8,80,0.6,1.3,41859,0
7031,Rangpur,1999,12,28.5,14.1,0,78,1.1,0.3,41859,0
7032,Rangpur,2000,1,26.4,11.1,1,82,1.3,1.2,41859,0
7033,Rangpur,2000,2,27.1,12,15,74,1.2,1.7,41859,0
7034,Rangpur,2000,3,33.6,16.7,3,69,1.5,1.8,41859,0
7035,Rangpur,2000,4,36,21.4,283,78,2.1,4.1,41859,0
7036,Rangpur,2000,5,37,23.6,416,84,1.6,5.3,41859,0
7037,Rangpur,2000,6,36.4,25.6,438,85,1.6,6.1,41859,1
7038,Rangpur,2000,7,34.8,26.3,166,84,1.8,5.8,41859,0
7039,Rangpur,2000,8,35,26.2,232,86,1.3,6.2,41859,0
7040,Rangpur,2000,9,34.6,24.8,172,88,1.2,6,41859,0
7041,Rangpur,2000,10,34.6,23,19,83,1.2,3.1,41859,0
7042,Rangpur,2000,11,31,18.2,0,83,0.9,1.4,41859,0
7043,Rangpur,2000,12,26.9,12.2,0,78,0.7,0.5,41859,0
7044,Rangpur,2001,1,26.6,9.8,0,79,0.6,0.8,41859,0
7045,Rangpur,2001,2,30,13.4,1,77,0.6,0.8,41859,0
7046,Rangpur,2001,3,34.2,16.8,23,65,1.1,1.1,41859,0
7047,Rangpur,2001,4,36.6,21.6,38,71,1.7,3.2,41859,0
7048,Rangpur,2001,5,35.3,23.1,235,82,1.3,4.6,41859,0
7049,Rangpur,2001,6,35.6,25.4,481,84,1.6,5.6,41859,1
7050,Rangpur,2001,7,37,26.4,341,84,1.4,5.8,41859,0
7051,Rangpur,2001,8,39.8,26.4,346,84,1,5.7,41859,0
7052,Rangpur,2001,9,34.8,25.7,550,87,0.9,5.6,41859,1
7053,Rangpur,2001,10,33.2,23.3,470,86,0.9,3.8,41859,0
7054,Rangpur,2001,11,30.4,19.3,7,83,0.7,1.9,41859,0
7055,Rangpur,2001,12,26.7,13.3,0,82,0.7,0.9,41859,0
7056,Rangpur,2002,1,25.5,12.5,10,80,0.9,2.3,41859,0
7057,Rangpur,2002,2,30.6,14.2,6,75,0.6,1,41859,0
7058,Rangpur,2002,3,34.4,17.9,38,71,1.2,2.1,41859,0
7059,Rangpur,2002,4,34.6,21,337,82,1.9,5.1,41859,0
7060,Rangpur,2002,5,35.7,23.5,281,82,1.5,5.2,41859,0
7061,Rangpur,2002,6,34,24.9,685,88,1.7,6.5,41859,1
7062,Rangpur,2002,7,35.2,25.8,582,89,1.1,7.2,41859,1
7063,Rangpur,2002,8,35.5,26.1,287,85,1.4,6.2,41859,0
7064,Rangpur,2002,9,35,25.4,256,84,1.2,5.4,41859,0
7065,Rangpur,2002,10,34,22.5,99,82,0.7,2.7,41859,0
7066,Rangpur,2002,11,31,18.1,7,80,1,1.9,41859,0
7067,Rangpur,2002,12,30.3,14.1,0,83,0.6,1.6,41859,0
7068,Rangpur,2003,1,26,9.3,8,87,1,2.1,41859,0
7069,Rangpur,2003,2,28.7,14.1,23,78,1,1.9,41859,0
7070,Rangpur,2003,3,33,17.2,109,73,1.3,2.9,41859,0
7071,Rangpur,2003,4,35.7,21.5,143,80,1.6,4.6,41859,0
7072,Rangpur,2003,5,36.8,23.3,160,79,1.7,5,41859,0
7073,Rangpur,2003,6,36.3,24.9,573,87,1.5,6.6,41859,1
7074,Rangpur,2003,7,36.9,26.2,633,85,1.5,6.2,41859,1
7075,Rangpur,2003,8,35.8,27,183,83,1.4,5.7,41859,0
7076,Rangpur,2003,9,35,25.8,206,86,1.2,5.9,41859,0
7077,Rangpur,2003,10,33.2,23.3,340,87,1,4.7,41859,0
7078,Rangpur,2003,11,31.1,17.6,0,82,0.5,0.9,41859,0
7079,Rangpur,2003,12,27.5,14.3,24,78,1,1.5,41859,0
7080,Rangpur,2004,1,25.5,11.3,9,86,0.9,2.5,41859,0
7081,Rangpur,2004,2,31.5,13.9,0,74,0.7,0.9,41859,0
7082,Rangpur,2004,3,35.8,20.3,39,73,1.5,2.2,41859,0
7083,Rangpur,2004,4,33,21.2,196,81,2,5.3,41859,0
7084,Rangpur,2004,5,37.3,23.5,347,81,1.5,4.5,41859,0
7085,Rangpur,2004,6,34.7,25.1,352,86,1.6,6.4,41859,0
7086,Rangpur,2004,7,34,25.4,653,88,1.4,6.7,41859,1
7087,Rangpur,2004,8,35.2,26.4,133,84,1.6,5.8,41859,0
7088,Rangpur,2004,9,34.4,25.1,464,88,1.2,6.4,41859,1
7089,Rangpur,2004,10,33.7,22,484,85,1,3.6,41859,1
7090,Rangpur,2004,11,30.8,17,0,78,0.6,0.7,41859,0
7091,Rangpur,2004,12,28.2,14,3,79,0.9,1.1,41859,0
7092,Rangpur,2005,1,26,11.7,11,81,0.8,2.1,41859,0
7093,Rangpur,2005,2,31,14.8,9,74,1.2,1.9,41859,0
7094,Rangpur,2005,3,33,19,61,77,1.8,3.3,41859,0
7095,Rangpur,2005,4,33.5,21.7,93,78,1.9,3.9,41859,0
7096,Rangpur,2005,5,36.7,22.6,271,82,1.6,5.4,41859,0
7097,Rangpur,2005,6,36,24.6,428,85,1.4,5.9,41859,1
7098,Rangpur,2005,7,35,25.8,671,86,1.3,6.4,41859,1
7099,Rangpur,2005,8,35.1,26.2,400,88,1,7,41859,0
7100,Rangpur,2005,9,35.6,25.9,328,84,0.7,5.4,41859,0
7101,Rangpur,2005,10,32.5,22.6,581,87,1.2,4.7,41859,1
7102,Rangpur,2005,11,31.4,17.2,0,81,0.6,1.2,41859,0
7103,Rangpur,2005,12,27.7,13.5,0,78,0.8,0.9,41859,0
7104,Rangpur,2006,1,27.4,11.9,0,85,0.7,2.2,41859,0
7105,Rangpur,2006,2,32.2,16.8,1,78,0.8,1.6,41859,0
7106,Rangpur,2006,3,34.5,17.5,2,66,1,1.2,41859,0
7107,Rangpur,2006,4,34.8,21.2,85,79,1.8,3.8,41859,0
7108,Rangpur,2006,5,37,23.8,367,79,1.4,4.6,41859,0
7109,Rangpur,2006,6,35.4,25.3,472,86,1.3,6.5,41859,0
7110,Rangpur,2006,7,36,26.5,271,82,1.6,6.2,41859,0
7111,Rangpur,2006,8,36.5,26.5,96,81,1.2,5.3,41859,0
7112,Rangpur,2006,9,35,25.2,235,86,1.2,5.6,41859,0
7113,Rangpur,2006,10,33.2,23,120,83,0.6,2.6,41859,0
7114,Rangpur,2006,11,30.5,18,8,81,0.6,3.1,41859,0
7115,Rangpur,2006,12,27.1,13.7,25,81,0.6,0.3,41859,0
7116,Rangpur,2007,1,27.5,10.4,0,81,0.5,0.8,41859,0
7117,Rangpur,2007,2,29.3,14.7,47,81,0.9,2.7,41859,0
7118,Rangpur,2007,3,34.4,17.2,16,70,0.8,1.4,41859,0
7119,Rangpur,2007,4,34.6,21.9,39,77,1.6,4.2,41859,0
7120,Rangpur,2007,5,38.2,24.5,233,77,1,3.8,41859,0
7121,Rangpur,2007,6,36.5,25.3,568,85,1,6.3,41859,1
7122,Rangpur,2007,7,34.5,25.9,558,87,1,7,41859,1
7123,Rangpur,2007,8,37.5,26.9,149,85,0.7,5.9,41859,0
7124,Rangpur,2007,9,34.5,25.7,277,87,0.8,6,41859,0
7125,Rangpur,2007,10,35.5,23.4,138,83,0.7,3.1,41859,0
7126,Rangpur,2007,11,32,18.7,12,78,0.8,1.1,41859,0
7127,Rangpur,2007,12,27.8,12.6,0,80,0.4,0.4,41859,0
7128,Rangpur,2008,1,27,12.1,36,83,0.5,1.9,41859,0
7129,Rangpur,2008,2,29.4,12.7,1,75,0.5,1,41859,0
7130,Rangpur,2008,3,33,19,49,75,1,2.5,41859,0
7131,Rangpur,2008,4,35.7,21.7,74,76,1.6,3.5,41859,0
7132,Rangpur,2008,5,35.1,23.2,273,80,1.1,4.9,41859,0
7133,Rangpur,2008,6,34.6,25.2,444,86,1.4,6.7,41859,1
7134,Rangpur,2008,7,34.8,26,232,86,1,6.8,41859,0
7135,Rangpur,2008,8,36.4,25.7,396,88,0.9,6.9,41859,0
7136,Rangpur,2008,9,34.5,25.6,227,85,0.8,5.1,41859,0
7137,Rangpur,2008,10,34,22.8,175,84,0.8,3.4,41859,0
7138,Rangpur,2008,11,31.5,17.3,0,79,0.6,1,41859,0
7139,Rangpur,2008,12,28.7,15.6,0,87,0.4,2.5,41859,0
7140,Rangpur,2009,1,26.8,13.2,0,85,2,2.4,41859,0
7141,Rangpur,2009,2,30.6,14,0,72,2.3,0.3,41859,0
7142,Rangpur,2009,3,33.7,17.7,9,67,2.8,2.1,41859,0
7143,Rangpur,2009,4,37.5,22.1,158,76,3.3,3,41859,0
7144,Rangpur,2009,5,36.6,23.7,270,81,2.9,4.7,41859,0
7145,Rangpur,2009,6,37.1,25.6,336,82,2.6,5.5,41859,0
7146,Rangpur,2009,7,36.4,26.4,304,82,2.9,6.2,41859,0
7147,Rangpur,2009,8,34.1,26.1,832,89,2.6,6.8,41859,1
7148,Rangpur,2009,9,35.5,26.2,77,85,2.5,5,41859,0
7149,Rangpur,2009,10,34,22.8,231,83,2.3,3,41859,0
7150,Rangpur,2009,11,31.6,17.7,0,80,2,1.9,41859,0
7151,Rangpur,2009,12,28.3,12.9,0,85,1.1,1,41859,0
7152,Rangpur,2010,1,27.4,10.5,0,84,2,1.7,41859,0
7153,Rangpur,2010,2,29.8,13.1,0,72,2.1,0.8,41859,0
7154,Rangpur,2010,3,35.5,19.2,0,67,2.8,1.7,41859,0
7155,Rangpur,2010,4,37.4,23.1,169,79,3,5.1,41859,0
7156,Rangpur,2010,5,36,23.5,237,81,3,5.8,41859,0
7157,Rangpur,2010,6,35.2,24.6,650,87,2.5,6.9,41859,1
7158,Rangpur,2010,7,35.3,26.6,346,83,2.7,6.7,41859,0
7159,Rangpur,2010,8,36.5,26.6,240,84,2.6,6.3,41859,0
7160,Rangpur,2010,9,34.2,25.6,332,85,2.2,5.8,41859,0
7161,Rangpur,2010,10,34,23.5,122,82,2.5,4.1,41859,0
7162,Rangpur,2010,11,31.2,18.6,4,80,2,1.5,41859,0
7163,Rangpur,2010,12,27.3,12.7,2,79,1.9,1.3,41859,0
7164,Rangpur,2011,1,25.5,9.6,0,84,1.7,1,41859,0
7165,Rangpur,2011,2,29.2,14,20,75,1.8,1.2,41859,0
7166,Rangpur,2011,3,34.8,18.3,13,71,2.5,2.7,41859,0
7167,Rangpur,2011,4,35.5,21.3,28,74,2.6,4.1,41859,0
7168,Rangpur,2011,5,35.7,23.2,261,82,2.3,5.7,41859,0
7169,Rangpur,2011,6,35.5,25.3,306,82,2.5,6.8,41859,0
7170,Rangpur,2011,7,35.2,26,389,84,2.3,7.1,41859,0
7171,Rangpur,2011,8,36.3,26.1,542,85,2,6.3,41859,1
7172,Rangpur,2011,9,36.2,26.1,366,82,2.3,5.6,41859,0
7173,Rangpur,2011,10,34.5,23.8,6,81,1.6,2,41859,0
7174,Rangpur,2011,11,30.1,17.4,1,78,2.2,1.1,41859,0
7175,Rangpur,2011,12,29.5,13,0,83,2.1,2.2,41859,0
7176,Rangpur,2012,1,26.2,11,7,80,2.9,2.6,41859,0
7177,Rangpur,2012,2,30,12.9,2,70,2.1,0.7,41859,0
7178,Rangpur,2012,3,34.8,17.1,2,64,2.4,0.6,41859,0
7179,Rangpur,2012,4,36.2,21.5,191,73,2.7,4,41859,0
7180,Rangpur,2012,5,37,23.9,212,76,2.6,5.1,41859,0
7181,Rangpur,2012,6,36,25.3,369,84,2.2,7.2,41859,0
7182,Rangpur,2012,7,34.2,26.3,445,84,2.3,7.1,41859,1
7183,Rangpur,2012,8,35.2,26.8,187,81,2,6.4,41859,0
7184,Rangpur,2012,9,36.1,25.8,405,84,1.9,6.4,41859,1
7185,Rangpur,2012,10,34.6,22.4,57,81,1.7,2.7,41859,0
7186,Rangpur,2012,11,30.6,16.3,0,76,1.9,1.4,41859,0
7187,Rangpur,2012,12,27.5,12.9,0,87,1.6,2.9,41859,0
7188,Rangpur,2013,1,26.8,9.1,0,80,1.6,1.1,41859,0
7189,Rangpur,2013,2,31,14.2,14,73,2,1.8,41859,0
7190,Rangpur,2013,3,35.1,18.2,4,66,2.5,1,41859,0
7191,Rangpur,2013,4,35.7,21.4,115,70,2.3,3.6,41859,0
7192,Rangpur,2013,5,36.8,23.7,383,82,2.6,6.4,41859,0
7193,Rangpur,2013,6,37,26.4,327,81,2.2,6.1,41859,0
7194,Rangpur,2013,7,34.5,26.8,296,81,2.2,6.9,41859,1
7195,Rangpur,2013,8,36,26.2,268,84,2.2,6.6,41859,0
7196,Rangpur,2013,9,35.5,26.1,229,82,2.1,5,41859,1
7197,Rangpur,2013,10,33.4,23.2,280,84,2.2,4.4,41859,0
7198,Rangpur,2013,11,30.4,16.3,0,77,2,0.9,41859,0
7199,Rangpur,2013,12,28.7,13.7,0,81,1.8,1.2,41859,0
7200,Sandwip,1990,1,27.8,15,0,85,0.5,0.4,41964,0
7201,Sandwip,1990,2,30,18.4,54,82,1.1,2.8,41964,0
7202,Sandwip,1990,3,32.1,19.3,196,82,1.4,4.1,41964,0
7203,Sandwip,1990,4,31.6,23.1,213,83,3.5,4,41964,0
7204,Sandwip,1990,5,33.5,25.3,255,82,1.7,4.7,41964,0
7205,Sandwip,1990,6,32.1,25.6,561,87,2,6,41964,1
7206,Sandwip,1990,7,31,24.9,1007,91,2.8,6.6,41964,1
7207,Sandwip,1990,8,32.6,25.7,359,85,2.9,4.5,41964,0
7208,Sandwip,1990,9,32.1,25.3,412,86,1.3,5,41964,1
7209,Sandwip,1990,10,33,23.2,462,82,1.9,3.5,41964,1
7210,Sandwip,1990,11,32,21.1,47,83,0.6,2.6,41964,0
7211,Sandwip,1990,12,28,15.8,48,80,0.7,1.3,41964,0
7212,Sandwip,1991,1,26,13.7,0,79,0.6,1.4,41964,0
7213,Sandwip,1991,2,30.7,17.4,4,77,0.8,0.9,41964,0
7214,Sandwip,1991,3,34.6,21.5,6,80,1.6,1.7,41964,0
7215,Sandwip,1991,4,31.6,24.7,146,82,2.2,3.1,41964,0
7216,Sandwip,1991,5,32.5,24.9,280,84,3.2,4.8,41964,0
7217,Sandwip,1991,6,32.1,25.5,861,88,2.7,5.9,41964,1
7218,Sandwip,1991,7,32.1,26.1,701,90,3.5,6.3,41964,1
7219,Sandwip,1991,8,35.9,26.1,431,89,3.8,5.6,41964,1
7220,Sandwip,1991,9,32.6,25.9,553,87,1.7,5.3,41964,1
7221,Sandwip,1991,10,34.6,24.9,103,84,1.3,3.2,41964,0
7222,Sandwip,1991,11,29.6,19.5,78,81,0.7,2.1,41964,0
7223,Sandwip,1991,12,29.1,15.9,12,79,0.8,1.4,41964,0
7224,Sandwip,1992,1,27.6,14,0,84,0.6,0.3,41964,0
7225,Sandwip,1992,2,26.9,17.1,61,81,1.2,1.9,41964,0
7226,Sandwip,1992,3,31.1,24.6,1,86,3.7,2.1,41964,0
7227,Sandwip,1992,4,34.9,27.1,4,80,3.6,2.5,41964,0
7228,Sandwip,1992,5,33.6,25.2,192,84,2.9,3.5,41964,0
7229,Sandwip,1992,6,34.6,26.8,473,86,2.3,4.4,41964,1
7230,Sandwip,1992,7,32.1,25.9,490,90,2.7,6,41964,1
7231,Sandwip,1992,8,33.1,26,681,88,2.3,5.4,41964,1
7232,Sandwip,1992,9,33.6,26.1,584,87,2,4.8,41964,1
7233,Sandwip,1992,10,33.1,25,332,86,1,3.2,41964,0
7234,Sandwip,1992,11,32.1,21.3,41,84,0.8,2.9,41964,0
7235,Sandwip,1992,12,28.1,15.7,21,84,0.6,0.7,41964,0
7236,Sandwip,1993,1,27.6,14.7,11,82,0.6,0.5,41964,0
7237,Sandwip,1993,2,30.1,18.1,145,81,2.1,1.3,41964,0
7238,Sandwip,1993,3,31.1,20.8,293,80,2,1.8,41964,0
7239,Sandwip,1993,4,34.1,24.2,106,85,2.3,2.5,41964,0
7240,Sandwip,1993,5,32.6,24.8,463,85,2.6,4.3,41964,1
7241,Sandwip,1993,6,32.1,26,618,90,4,5.7,41964,1
7242,Sandwip,1993,7,32.1,26.1,604,90,3.2,6,41964,1
7243,Sandwip,1993,8,31.6,26.2,661,90,3.2,6.1,41964,1
7244,Sandwip,1993,9,33.4,25.6,308,88,2.1,5.3,41964,0
7245,Sandwip,1993,10,33.6,25,125,85,0.8,2.9,41964,0
7246,Sandwip,1993,11,30.8,20.9,4,83,0.6,0.8,41964,0
7247,Sandwip,1993,12,28.9,16.6,0,80,0.6,1.3,41964,0
7248,Sandwip,1994,1,29.1,15.5,4,76,0.8,0.6,41964,0
7249,Sandwip,1994,2,30.3,17.2,0,71,0.9,0.9,41964,0
7250,Sandwip,1994,3,32.1,22.5,211,83,2.5,2.6,41964,0
7251,Sandwip,1994,4,35.6,24.4,220,84,1.9,2.7,41964,0
7252,Sandwip,1994,5,34.6,26.6,213,86,2.4,3.7,41964,0
7253,Sandwip,1994,6,32.9,26.4,833,90,3,5.9,41964,1
7254,Sandwip,1994,7,32.5,26.1,405,89,2.7,5.9,41964,1
7255,Sandwip,1994,8,32.1,25.9,487,88,2.3,5.7,41964,1
7256,Sandwip,1994,9,33.6,25.8,428,84,1.5,4,41964,1
7257,Sandwip,1994,10,32.4,24.7,107,84,0.7,2.6,41964,0
7258,Sandwip,1994,11,31.1,21.1,6,80,0.6,2.5,41964,0
7259,Sandwip,1994,12,28.1,15.6,0,77,0.6,0.6,41964,0
7260,Sandwip,1995,1,30.1,14.3,0,74,0.9,1.6,41964,0
7261,Sandwip,1995,2,29.5,17,65,80,0.8,1.5,41964,0
7262,Sandwip,1995,3,33.6,21.2,74,77,1,1.2,41964,0
7263,Sandwip,1995,4,34.6,25.7,37,83,1.8,2.4,41964,0
7264,Sandwip,1995,5,34.6,28.1,255,83,3.8,3.7,41964,0
7265,Sandwip,1995,6,33.9,26.6,381,89,3.4,5.7,41964,0
7266,Sandwip,1995,7,32.1,26.5,620,91,3.2,5.8,41964,1
7267,Sandwip,1995,8,34.1,26.3,143,90,2.6,5.3,41964,0
7268,Sandwip,1995,9,34.6,26.5,186,88,1.8,5.1,41964,0
7269,Sandwip,1995,10,33.6,25.6,148,85,1.1,3,41964,0
7270,Sandwip,1995,11,32.1,22.4,325,84,1.3,3.3,41964,0
7271,Sandwip,1995,12,28.4,16.7,0,75,0.8,0.2,41964,0
7272,Sandwip,1996,1,26.6,15.4,0,79,0.7,0.4,41964,0
7273,Sandwip,1996,2,29.6,17.6,44,78,0.7,1.2,41964,0
7274,Sandwip,1996,3,32.1,23.8,21,86,1.8,2.3,41964,0
7275,Sandwip,1996,4,33.1,25.4,105,83,1.6,2.2,41964,0
7276,Sandwip,1996,5,34.9,26.3,289,86,2.3,2.4,41964,0
7277,Sandwip,1996,6,33.6,26.3,451,87,2.8,2.9,41964,1
7278,Sandwip,1996,7,32.6,26.7,430,91,2.8,3.2,41964,1
7279,Sandwip,1996,8,32,25.6,1087,91,2.2,3.2,41964,1
7280,Sandwip,1996,9,35.7,26.4,406,88,1.1,2.8,41964,1
7281,Sandwip,1996,10,34.6,24.4,447,85,1.3,1.5,41964,1
7282,Sandwip,1996,11,32.1,20.8,27,83,0.6,1.5,41964,0
7283,Sandwip,1996,12,29.6,16.2,0,81,0.8,1.2,41964,0
7284,Sandwip,1997,1,26.6,14.6,1,77,0.8,1.2,41964,0
7285,Sandwip,1997,2,29.1,16.6,15,82,1.2,1.5,41964,0
7286,Sandwip,1997,3,31.1,22.1,79,87,1.8,2.6,41964,0
7287,Sandwip,1997,4,32.6,22.1,81,83,1.2,3.5,41964,0
7288,Sandwip,1997,5,33.6,24.9,234,85,2.2,4.2,41964,0
7289,Sandwip,1997,6,32.6,25.3,405,88,2.4,6,41964,0
7290,Sandwip,1997,7,32.7,24.1,983,92,2.3,6.6,41964,1
7291,Sandwip,1997,8,35.1,25.6,666,88,1.7,5.9,41964,1
7292,Sandwip,1997,9,36.3,25.3,393,90,1.5,5.7,41964,0
7293,Sandwip,1997,10,33.1,23.2,115,84,0.7,2.4,41964,0
7294,Sandwip,1997,11,32.6,20,18,84,0.3,2.4,41964,0
7295,Sandwip,1997,12,26.6,14.6,1,77,0.8,1.2,41964,0
7296,Sandwip,1998,1,28.6,13.5,41,85,1.1,2.3,41964,0
7297,Sandwip,1998,2,29.6,16.6,30,82,0.9,2.2,41964,0
7298,Sandwip,1998,3,32.6,19,128,77,1.2,2.7,41964,0
7299,Sandwip,1998,4,31.9,22.5,197,85,1.1,3.6,41964,0
7300,Sandwip,1998,5,35.6,24.1,466,86,1.6,4.7,41964,1
7301,Sandwip,1998,6,34.1,25.4,381,89,1.9,5.8,41964,0
7302,Sandwip,1998,7,32.6,24.4,975,93,1.7,6.7,41964,1
7303,Sandwip,1998,8,32.6,25.5,1296,93,1,6.7,41964,1
7304,Sandwip,1998,9,35.3,26,374,89,0.5,5.1,41964,0
7305,Sandwip,1998,10,35.1,25.7,218,87,0.6,3.5,41964,0
7306,Sandwip,1998,11,32.6,23.2,33,84,1.1,2.2,41964,0
7307,Sandwip,1998,12,31.8,18.3,0,80,0.6,0.3,41964,0
7308,Sandwip,1999,1,30.6,15,0,80,0.8,0.5,41964,0
7309,Sandwip,1999,2,33.6,18.5,0,76,0.8,1.2,41964,0
7310,Sandwip,1999,3,34.6,22.7,0,79,1.5,1.7,41964,0
7311,Sandwip,1999,4,36.6,26,14,82,1.7,2.5,41964,0
7312,Sandwip,1999,5,36.1,25.1,582,87,1.5,5.3,41964,1
7313,Sandwip,1999,6,39.3,25.9,768,92,1.5,6.5,41964,1
7314,Sandwip,1999,7,33.6,25.5,964,93,1.4,6.9,41964,1
7315,Sandwip,1999,8,32.3,25.6,956,92,1.4,7,41964,1
7316,Sandwip,1999,9,33.1,25.4,410,90,1.3,6.1,41964,0
7317,Sandwip,1999,10,34.6,25,363,90,1.1,4.8,41964,0
7318,Sandwip,1999,11,34.7,21,0,81,0.6,1.2,41964,0
7319,Sandwip,1999,12,29.6,17.2,42,82,0.2,1.2,41964,0
7320,Sandwip,2000,1,29.6,15.1,106,81,0.5,1,41964,0
7321,Sandwip,2000,2,28.9,16.8,2,74,1,2.9,41964,0
7322,Sandwip,2000,3,33.6,21.7,95,83,1.7,3.3,41964,0
7323,Sandwip,2000,4,33.5,24.3,57,84,2,3,41964,0
7324,Sandwip,2000,5,35.8,24.2,804,88,1.9,5.6,41964,1
7325,Sandwip,2000,6,33.9,25.7,626,91,2.4,6.4,41964,1
7326,Sandwip,2000,7,35.3,25.9,1215,91,2.3,6.6,41964,1
7327,Sandwip,2000,8,31.4,25.4,489,88,1.6,5.7,41964,1
7328,Sandwip,2000,9,31.8,25,346,88,0.9,5.7,41964,0
7329,Sandwip,2000,10,31.8,24.2,384,90,0.8,3.9,41964,0
7330,Sandwip,2000,11,30.9,20.7,28,88,0.1,0.8,41964,0
7331,Sandwip,2000,12,27.3,16.1,0,82,0,0,41964,0
7332,Sandwip,2001,1,27.5,12.2,0,83,0.3,0.2,41964,0
7333,Sandwip,2001,2,29.5,16.1,21,83,0.2,0.7,41964,0
7334,Sandwip,2001,3,33.3,22,0,75,0.1,0.7,41964,0
7335,Sandwip,2001,4,35,25,19,82,0.7,3.3,41964,0
7336,Sandwip,2001,5,36.2,25.2,925,86,1,4.6,41964,1
7337,Sandwip,2001,6,35,25,1784,91,1.8,6.6,41964,1
7338,Sandwip,2001,7,36,24.8,817,88,1.8,6.4,41964,1
7339,Sandwip,2001,8,36.5,23.2,535,86,1.2,6.5,41964,1
7340,Sandwip,2001,9,35.5,21.3,163,87,0.8,6.2,41964,0
7341,Sandwip,2001,10,35.4,23.1,482,88,0.7,6.1,41964,1
7342,Sandwip,2001,11,33.2,20,132,88,0.1,2.7,41964,0
7343,Sandwip,2001,12,26.7,14.3,0,83,0,0.7,41964,0
7344,Sandwip,2002,1,26.2,14.7,11,83,0.1,2.3,41964,0
7345,Sandwip,2002,2,29,17.1,0,80,0.1,0.7,41964,0
7346,Sandwip,2002,3,30.7,21.6,230,78,0.2,1.9,41964,0
7347,Sandwip,2002,4,31.8,24.6,201,85,0.6,3.1,41964,0
7348,Sandwip,2002,5,32.1,25.5,835,88,1.2,6.3,41964,1
7349,Sandwip,2002,6,31.8,25.6,717,89,1,7.1,41964,1
7350,Sandwip,2002,7,30.5,25.4,1698,90,1.1,7,41964,1
7351,Sandwip,2002,8,30.7,25.5,673,89,2.4,5.5,41964,1
7352,Sandwip,2002,9,31.7,25.5,394,87,1.5,4.7,41964,0
7353,Sandwip,2002,10,31.7,24.6,221,84,0.9,3,41964,0
7354,Sandwip,2002,11,30.6,20.9,44,81,0.6,1.9,41964,0
7355,Sandwip,2002,12,27.4,16.1,0,82,0.1,0.4,41964,0
7356,Sandwip,2003,1,28.00212766,14.28297872,7.425531915,79.04347826,0.8,0.880434783,41964,0
7357,Sandwip,2003,2,30.37446809,16.83829787,19.80851064,77.2173913,1.038297872,1.395652174,41964,0
7358,Sandwip,2003,3,32.93829787,21.43191489,57.14893617,79.41304348,1.627659574,2.147826087,41964,0
7359,Sandwip,2003,4,33.98510638,24.41489362,145.0425532,81.91304348,2.187234043,3.132608696,41964,0
7360,Sandwip,2003,5,34.34468085,25.33404255,346.5106383,83.95652174,2.168085106,4.123913043,41964,0
7361,Sandwip,2003,6,33.69787234,25.64042553,647.0212766,88.08695652,2.514893617,5.545652174,41964,1
7362,Sandwip,2003,7,32.68297872,25.38510638,866.8085106,89.82608696,2.482978723,5.910869565,41964,1
7363,Sandwip,2003,8,32.88297872,25.41914894,690.2340426,88.7173913,2.240425532,5.667391304,41964,1
7364,Sandwip,2003,9,33.89148936,25.44468085,452.5319149,87.06521739,1.5,4.845652174,41964,1
7365,Sandwip,2003,10,33.57446809,24.46170213,259.5106383,84.43478261,0.934042553,3.119565217,41964,0
7366,Sandwip,2003,11,32.07234043,20.54893617,52.5106383,81.65217391,0.636170213,1.863043478,41964,0
7367,Sandwip,2003,12,28.89574468,15.87659574,9.489361702,80.45652174,0.631914894,0.930434783,41964,0
7368,Sandwip,2004,1,26.8,13.6,0,83,0.7,0,41964,0
7369,Sandwip,2004,2,30.1,16.7,0,84,0,1.5,41964,0
7370,Sandwip,2004,3,32.4,21.1,38,83,0.4,1,41964,0
7371,Sandwip,2004,4,34,24.1,0,84,0.5,2.8,41964,0
7372,Sandwip,2004,5,33.9,24.7,72,87,0.3,4.3,41964,0
7373,Sandwip,2004,6,32.9,25.5,315,89,0.2,4.8,41964,0
7374,Sandwip,2004,7,31.4,25,1353,87,0.4,5.6,41964,1
7375,Sandwip,2004,8,32,24.9,395,90,0.1,6.2,41964,0
7376,Sandwip,2004,9,33.1,24.7,1826,85,1.1,2.3,41964,1
7377,Sandwip,2004,10,33.3,24,671,82,0.7,0.1,41964,1
7378,Sandwip,2004,11,31.3,18.7,0,81,0,0.5,41964,0
7379,Sandwip,2004,12,31.1,16.2,0,82,0.7,0.4,41964,0
7380,Sandwip,2005,1,29.8,13.6,7,79,1.1,1.4,41964,0
7381,Sandwip,2005,2,32.4,17.5,0,80,1.3,0.9,41964,0
7382,Sandwip,2005,3,32,21.7,115,86,1.5,3.6,41964,0
7383,Sandwip,2005,4,36,23.3,78,81,1,2.9,41964,0
7384,Sandwip,2005,5,34.5,24,278,82,2.1,4.6,41964,0
7385,Sandwip,2005,6,35.1,26.5,444,85,2.8,5.7,41964,1
7386,Sandwip,2005,7,32.9,25.2,554,88,2.7,6.3,41964,1
7387,Sandwip,2005,8,32.7,24.9,782,90,2.2,7.1,41964,1
7388,Sandwip,2005,9,34.8,25.1,258,87,1,5.9,41964,1
7389,Sandwip,2005,10,35.8,24.7,462,87,1,4.4,41964,1
7390,Sandwip,2005,11,34.1,18.5,81,82,0.8,1.5,41964,0
7391,Sandwip,2005,12,30.7,14.6,8,83,1.6,2.4,41964,0
7392,Sandwip,2006,1,30,12.6,0,78,2,1.6,41964,0
7393,Sandwip,2006,2,32.6,17.5,0,81,2.1,1.7,41964,0
7394,Sandwip,2006,3,37.7,20.2,1,72,2.3,2.3,41964,0
7395,Sandwip,2006,4,36.8,23.7,51,78,2.4,3.5,41964,0
7396,Sandwip,2006,5,37.2,24.7,873,83,2.3,4.7,41964,1
7397,Sandwip,2006,6,34.5,25.1,507,87,2.4,6.3,41964,1
7398,Sandwip,2006,7,34.3,23.9,650,89,2,6.4,41964,1
7399,Sandwip,2006,8,34.3,25.2,184,85,1.9,5.7,41964,0
7400,Sandwip,2006,9,34.6,25,776,87,1.5,6,41964,1
7401,Sandwip,2006,10,33.9,24.6,51,86,0.7,4.5,41964,0
7402,Sandwip,2006,11,33.3,19.9,18,84,0.5,2.8,41964,0
7403,Sandwip,2006,12,30,14.6,0,82,0.5,0.5,41964,0
7404,Sandwip,2007,1,28.2,11.9,0,80,0.5,0.5,41964,0
7405,Sandwip,2007,2,30.6,16,98,77,0.6,1.9,41964,0
7406,Sandwip,2007,3,35.2,18.2,1,70,0.7,0.9,41964,0
7407,Sandwip,2007,4,35.4,23.1,194,81,1.4,4,41964,0
7408,Sandwip,2007,5,36.8,24.8,489,82,1.2,4.5,41964,0
7409,Sandwip,2007,6,35.1,25.4,806,87,1.4,5.6,41964,1
7410,Sandwip,2007,7,33.3,25.3,827,90,1.4,6.6,41964,1
7411,Sandwip,2007,8,34.6,25.3,509,88,1,5.9,41964,1
7412,Sandwip,2007,9,34.2,25,631,89,1.1,6.4,41964,1
7413,Sandwip,2007,10,34.6,23.3,653,86,0.7,4.1,41964,1
7414,Sandwip,2007,11,32.1,20.7,97,85,0.8,2.2,41964,0
7415,Sandwip,2007,12,29.5,14.9,0,82,0,1.4,41964,0
7416,Sandwip,2008,1,28,13.3,38,82,0.5,1.5,41964,0
7417,Sandwip,2008,2,31,13.9,7,74,0.7,1.1,41964,0
7418,Sandwip,2008,3,34.5,20.8,11,81,0.9,2.5,41964,0
7419,Sandwip,2008,4,36.4,22.9,3,76,1.3,2.3,41964,0
7420,Sandwip,2008,5,35.4,24.1,216,80,1.3,4.3,41964,0
7421,Sandwip,2008,6,34.6,24.7,494,88,2.2,6.3,41964,1
7422,Sandwip,2008,7,33.7,24,1414,91,2.2,6.7,41964,1
7423,Sandwip,2008,8,33.7,24.4,849,88,2.1,6.5,41964,1
7424,Sandwip,2008,9,35.2,24.6,486,86,1.4,5.6,41964,1
7425,Sandwip,2008,10,36,23,180,86,1,3.4,41964,0
7426,Sandwip,2008,11,32.8,17.6,2,81,0.5,1.9,41964,0
7427,Sandwip,2008,12,32,15.8,2,84,0.5,1,41964,0
7428,Sandwip,2009,1,29.1,13.5,0,80,1.9,0.3,41964,0
7429,Sandwip,2009,2,31.8,15.7,0,74,2,0.9,41964,0
7430,Sandwip,2009,3,35.1,20.7,3,76,2,2.8,41964,0
7431,Sandwip,2009,4,36.4,24.9,69,80,3.4,3.3,41964,0
7432,Sandwip,2009,5,35,25.1,420,81,3,4.5,41964,1
7433,Sandwip,2009,6,35.3,25.9,391,84,2.7,5.6,41964,0
7434,Sandwip,2009,7,33.7,25.5,1320,90,3.3,6.5,41964,1
7435,Sandwip,2009,8,33.8,25.5,722,89,2.2,6.4,41964,1
7436,Sandwip,2009,9,35.3,25.4,362,87,1.7,5.5,41964,0
7437,Sandwip,2009,10,34,23.7,301,85,1.4,3,41964,0
7438,Sandwip,2009,11,34,19.8,26,82,1.4,2.5,41964,0
7439,Sandwip,2009,12,29.7,14.2,0,82,1.4,0.7,41964,0
7440,Sandwip,2010,1,29.1,12.4,0,78,1.4,1.1,41964,0
7441,Sandwip,2010,2,31.3,14.8,35,66,1.5,2,41964,0
7442,Sandwip,2010,3,36.3,22.4,27,64,2.9,3.3,41964,0
7443,Sandwip,2010,4,34.5,26.5,26,74,3.9,4.5,41964,0
7444,Sandwip,2010,5,35,25.6,279,80,2.5,5,41964,0
7445,Sandwip,2010,6,33.8,25.6,949,86,2.4,6.4,41964,1
7446,Sandwip,2010,7,33.6,26,759,84,2.3,6,41964,1
7447,Sandwip,2010,8,34.8,25.8,793,84,1.7,6,41964,1
7448,Sandwip,2010,9,33.9,25.6,283,85,1.9,5.5,41964,0
7449,Sandwip,2010,10,35.7,25.2,337,85,1.3,4.2,41964,0
7450,Sandwip,2010,11,33.6,20.3,4,83,1.1,1.4,41964,0
7451,Sandwip,2010,12,31.7,14.7,17,82,1.5,1.4,41964,0
7452,Sandwip,2011,1,30,11.9,0,78,1.7,0.7,41964,0
7453,Sandwip,2011,2,32,15.6,0,74,1.8,0.9,41964,0
7454,Sandwip,2011,3,34.5,19.7,120,75,2.5,2.3,41964,0
7455,Sandwip,2011,4,35.4,22.8,124,80,1.6,3.3,41964,0
7456,Sandwip,2011,5,34.3,24.7,372,83,2.2,5,41964,0
7457,Sandwip,2011,6,34.9,25.9,661,88,2.2,5.8,41964,1
7458,Sandwip,2011,7,33.9,25.7,734,86,2.1,5.9,41964,1
7459,Sandwip,2011,8,35.2,25.4,1124,89,2.1,6.1,41964,1
7460,Sandwip,2011,9,35.2,25.6,823,88,1.9,5.3,41964,1
7461,Sandwip,2011,10,35,24.2,302,84,1.1,3.1,41964,0
7462,Sandwip,2011,11,32.3,18.4,0,82,1,0.6,41964,0
7463,Sandwip,2011,12,30.7,15.1,0,84,1.3,1.5,41964,0
7464,Sandwip,2012,1,29.2,13.6,0,77,1.6,1.7,41964,0
7465,Sandwip,2012,2,33.6,15,0,71,1.7,0.6,41964,0
7466,Sandwip,2012,3,34.7,21.7,52,80,1.9,2,41964,0
7467,Sandwip,2012,4,37,23.5,314,82,2.3,3.5,41964,0
7468,Sandwip,2012,5,35.2,25.5,226,82,2,3.6,41964,0
7469,Sandwip,2012,6,35.2,26,753,87,2.6,6.1,41964,1
7470,Sandwip,2012,7,33.9,25.6,1399,89,2.7,6.4,41964,1
7471,Sandwip,2012,8,34.2,25.7,889,87,2.1,5.9,41964,1
7472,Sandwip,2012,9,34.9,26,182,85,1.8,5.5,41964,0
7473,Sandwip,2012,10,34.7,23.7,263,85,1.8,2.9,41964,0
7474,Sandwip,2012,11,33.7,19.4,3,80,1.3,2.5,41964,0
7475,Sandwip,2012,12,30.2,15,0,83,0,1.4,41964,0
7476,Sandwip,2013,1,30.4,11.5,0,74,1.5,0.6,41964,0
7477,Sandwip,2013,2,33.7,15.5,0,69,1.8,1.4,41964,0
7478,Sandwip,2013,3,34.6,20.1,0,77,1.8,1.4,41964,0
7479,Sandwip,2013,4,35.2,24.1,52,77,2.3,3,41964,0
7480,Sandwip,2013,5,33.5,24.6,570,86,2.7,5.7,41964,1
7481,Sandwip,2013,6,36.1,26.2,560,84,2,5.4,41964,1
7482,Sandwip,2013,7,33.9,25.9,441,86,2.1,5.6,41964,1
7483,Sandwip,2013,8,33.3,25.5,746,88,1.7,6.1,41964,1
7484,Sandwip,2013,9,35.6,25.5,573,88,1.3,5.3,41964,1
7485,Sandwip,2013,10,35.1,24.2,241,87,1,4.9,41964,0
7486,Sandwip,2013,11,32.8,18.4,0,81,1,1.4,41964,0
7487,Sandwip,2013,12,31,15,0,83,1.3,0.9,41964,0
7488,Satkhira,1990,1,31.2,12.4,0,75,0.7,0.4,41946,0
7489,Satkhira,1990,2,32.3,17.6,37,75,1.6,2.9,41946,0
7490,Satkhira,1990,3,35.2,19.8,150,78,2,3.4,41946,0
7491,Satkhira,1990,4,36.1,24.3,25,75,4.2,3.5,41946,0
7492,Satkhira,1990,5,36.6,25.4,176,77,2.6,4.5,41946,0
7493,Satkhira,1990,6,36.1,27,211,84,2.5,5.6,41946,0
7494,Satkhira,1990,7,33.9,26.2,458,87,2,6.2,41946,1
7495,Satkhira,1990,8,34.5,26.5,254,85,2.2,4.9,41946,0
7496,Satkhira,1990,9,34.6,25.9,295,88,2.1,5.3,41946,0
7497,Satkhira,1990,10,34.7,22.7,168,84,1.7,4.2,41946,0
7498,Satkhira,1990,11,33.6,19.7,40,78,1.5,2.8,41946,0
7499,Satkhira,1990,12,30,13.2,7,75,1.4,1.6,41946,0
7500,Satkhira,1991,1,29.6,12.5,34,77,1.7,1.8,41946,0
7501,Satkhira,1991,2,34.2,17.1,47,73,1.8,0.9,41946,0
7502,Satkhira,1991,3,38,22,53,73,2.2,2.4,41946,0
7503,Satkhira,1991,4,37.9,24.7,67,72,3.4,3.2,41946,0
7504,Satkhira,1991,5,37.5,26.7,37,77,4.7,5,41946,0
7505,Satkhira,1991,6,36.3,26.2,518,85,2.4,6.1,41946,1
7506,Satkhira,1991,7,35.5,26.7,342,85,2.5,5.8,41946,0
7507,Satkhira,1991,8,36.2,26.5,324,87,2.3,5.9,41946,0
7508,Satkhira,1991,9,34.8,26,217,87,1.4,5.7,41946,0
7509,Satkhira,1991,10,35,23.7,103,86,1.1,4.1,41946,0
7510,Satkhira,1991,11,32,17.5,5,77,1.1,2.1,41946,0
7511,Satkhira,1991,12,29,13.4,7,78,1,1.9,41946,0
7512,Satkhira,1992,1,28.3,12,9,78,0.9,0.8,41946,0
7513,Satkhira,1992,2,30.4,16.1,115,75,1.6,1.9,41946,0
7514,Satkhira,1992,3,36.9,22,0,69,2.2,1.5,41946,0
7515,Satkhira,1992,4,39.6,24.8,8,67,2.5,2.1,41946,0
7516,Satkhira,1992,5,40.4,24.7,134,75,2.6,3.7,41946,0
7517,Satkhira,1992,6,37.5,26.4,208,78,2,5.2,41946,0
7518,Satkhira,1992,7,35.4,25.8,407,85,1.8,6.1,41946,1
7519,Satkhira,1992,8,34.4,26.3,284,85,1.3,5.7,41946,0
7520,Satkhira,1992,9,35.6,25.7,247,85,1.5,4.9,41946,0
7521,Satkhira,1992,10,34.8,23.5,95,82,1.2,3.3,41946,0
7522,Satkhira,1992,11,34,18,1,76,1.1,2.8,41946,0
7523,Satkhira,1992,12,28.9,12,0,74,1.3,0.5,41946,0
7524,Satkhira,1993,1,29.2,12.1,17,74,1.3,1.2,41946,0
7525,Satkhira,1993,2,34.1,17,57,72,2,1.3,41946,0
7526,Satkhira,1993,3,36.4,18.5,57,68,1.4,1.6,41946,0
7527,Satkhira,1993,4,37.2,23.5,71,74,2.1,3.5,41946,0
7528,Satkhira,1993,5,36.5,25,203,78,2.5,5,41946,0
7529,Satkhira,1993,6,36,26,290,83,2.5,5.9,41946,0
7530,Satkhira,1993,7,35,26.5,251,86,1.7,6,41946,0
7531,Satkhira,1993,8,35.4,26.5,235,86,1.6,6.2,41946,0
7532,Satkhira,1993,9,35.5,25.5,430,88,1.1,5.6,41946,1
7533,Satkhira,1993,10,34,23.7,160,84,0.4,3.5,41946,0
7534,Satkhira,1993,11,32,18.5,29,79,0.4,1.2,41946,0
7535,Satkhira,1993,12,30,13.6,0,76,0.6,1.3,41946,0
7536,Satkhira,1994,1,30,12.5,10,70,0.8,0.8,41946,0
7537,Satkhira,1994,2,32.4,15.6,30,72,0.8,1.4,41946,0
7538,Satkhira,1994,3,36.5,22.2,9,67,1.9,1.5,41946,0
7539,Satkhira,1994,4,38.6,23.8,169,71,1.1,2.6,41946,0
7540,Satkhira,1994,5,39.2,26.2,108,74,1.8,3.5,41946,0
7541,Satkhira,1994,6,37,26.6,300,85,1.6,5.7,41946,0
7542,Satkhira,1994,7,35,26.4,426,84,1.2,6,41946,1
7543,Satkhira,1994,8,34.8,26.3,326,86,1.1,5.6,41946,0
7544,Satkhira,1994,9,36.6,25.6,164,80,0.9,3.8,41946,0
7545,Satkhira,1994,10,35,23.6,69,77,0.6,2.5,41946,0
7546,Satkhira,1994,11,33,18.3,4,73,0.5,2.8,41946,0
7547,Satkhira,1994,12,31,12.5,0,66,0.6,0.5,41946,0
7548,Satkhira,1995,1,28.4,11.2,5,69,0.8,1.5,41946,0
7549,Satkhira,1995,2,33,16.2,56,72,0.6,1.7,41946,0
7550,Satkhira,1995,3,38,19.9,50,66,0.9,1.5,41946,0
7551,Satkhira,1995,4,41,25.1,1,67,1.7,2,41946,0
7552,Satkhira,1995,5,39.2,27.1,92,75,2.3,4,41946,0
7553,Satkhira,1995,6,36.6,26.6,351,82,1.4,5.7,41946,0
7554,Satkhira,1995,7,35,26,434,86,1.1,6,41946,1
7555,Satkhira,1995,8,34.8,26,242,85,0.8,5.7,41946,0
7556,Satkhira,1995,9,35,25.4,336,86,0.8,5.4,41946,1
7557,Satkhira,1995,10,34.8,23.5,57,81,0.5,3,41946,0
7558,Satkhira,1995,11,33.6,18.6,161,77,0.7,2.4,41946,0
7559,Satkhira,1995,12,29.5,13.2,0,70,0.4,0.1,41946,0
7560,Satkhira,1996,1,29,12.6,5,77,0.5,0.8,41946,0
7561,Satkhira,1996,2,32.3,15.1,33,76,0.6,1.1,41946,0
7562,Satkhira,1996,3,36.2,22.6,11,73,1.2,1.5,41946,0
7563,Satkhira,1996,4,39.4,24,119,73,1.2,2.5,41946,0
7564,Satkhira,1996,5,38.6,26,66,76,2,3.4,41946,0
7565,Satkhira,1996,6,37.8,25.4,311,83,1.1,5,41946,0
7566,Satkhira,1996,7,35.6,26.2,259,85,0.9,5.8,41946,0
7567,Satkhira,1996,8,34,25.7,224,88,0.7,6.4,41946,0
7568,Satkhira,1996,9,36.8,25.6,239,86,0.6,4.7,41946,0
7569,Satkhira,1996,10,35.2,22.4,332,84,0.6,2.6,41946,0
7570,Satkhira,1996,11,33.4,17.3,0,80,0.4,1,41946,0
7571,Satkhira,1996,12,29,12.3,0,75,0.6,1.6,41946,0
7572,Satkhira,1997,1,28.2,10.4,19,76,0.6,1.4,41946,0
7573,Satkhira,1997,2,31.7,15,35,74,0.9,1.5,41946,0
7574,Satkhira,1997,3,36.2,21.3,102,76,0.9,2.6,41946,0
7575,Satkhira,1997,4,34.8,20.9,235,80,1.2,4.2,41946,0
7576,Satkhira,1997,5,37.5,24.5,243,78,1.5,4.3,41946,0
7577,Satkhira,1997,6,37.2,26,215,82,1.5,5.6,41946,0
7578,Satkhira,1997,7,35.6,26,447,88,1.1,6.6,41946,1
7579,Satkhira,1997,8,35.8,26,422,88,1.1,6.2,41946,1
7580,Satkhira,1997,9,34.8,25.2,332,90,0.7,5.8,41946,0
7581,Satkhira,1997,10,34,21.9,40,81,0.5,2.2,41946,0
7582,Satkhira,1997,11,34,19,4,78,0.5,2.4,41946,0
7583,Satkhira,1997,12,30,13.3,13,82,0.8,2.5,41946,0
7584,Satkhira,1998,1,29,12.1,53,82,0.8,2.6,41946,0
7585,Satkhira,1998,2,32.5,16.9,71,79,0.6,2.4,41946,0
7586,Satkhira,1998,3,35,18.7,164,77,1,2.6,41946,0
7587,Satkhira,1998,4,36.5,23.9,96,80,1.2,3.3,41946,0
7588,Satkhira,1998,5,38.3,25.9,159,78,1.2,4.4,41946,0
7589,Satkhira,1998,6,37.8,27.6,123,82,1.6,5,41946,0
7590,Satkhira,1998,7,35.2,26.4,320,86,1,6.2,41946,0
7591,Satkhira,1998,8,34.8,26.2,185,87,0.8,5.8,41946,0
7592,Satkhira,1998,9,36.4,25.4,189,87,0.5,5,41946,0
7593,Satkhira,1998,10,36,24.6,232,86,0.5,3.6,41946,0
7594,Satkhira,1998,11,33.1,20,135,84,0.7,2.7,41946,0
7595,Satkhira,1998,12,29.8,13,0,79,0.5,0.1,41946,0
7596,Satkhira,1999,1,30,11.1,0,77,0.6,0.5,41946,0
7597,Satkhira,1999,2,34.6,15.3,0,72,0.6,1,41946,0
7598,Satkhira,1999,3,38,20.4,0,69,0.7,0.8,41946,0
7599,Satkhira,1999,4,37.8,25,28,74,1.5,2.3,41946,0
7600,Satkhira,1999,5,38,24.5,272,79,1.4,4.5,41946,0
7601,Satkhira,1999,6,37.6,25.2,217,83,1.1,5.1,41946,0
7602,Satkhira,1999,7,34.5,24.5,291,87,1,6.2,41946,0
7603,Satkhira,1999,8,34.2,24.6,332,87,0.8,6,41946,0
7604,Satkhira,1999,9,34.4,24.2,361,88,0.6,5.9,41946,1
7605,Satkhira,1999,10,34.2,22.9,111,85,0.7,4.6,41946,0
7606,Satkhira,1999,11,32.4,16.6,4,78,0.4,1.2,41946,0
7607,Satkhira,1999,12,29.7,12.3,0,78,0.5,0.5,41946,0
7608,Satkhira,2000,1,30,10.4,20,77,0.6,0.7,41946,0
7609,Satkhira,2000,2,29.3,14.1,32,74,0.5,3,41946,0
7610,Satkhira,2000,3,35.4,18.6,10,69,1,1.7,41946,0
7611,Satkhira,2000,4,37,22.9,180,76,1.6,3.3,41946,0
7612,Satkhira,2000,5,37.4,24.8,194,77,1.1,4.5,41946,0
7613,Satkhira,2000,6,35.8,26.3,218,82,0.8,5.5,41946,0
7614,Satkhira,2000,7,36,26.1,403,84,0.8,5.9,41946,1
7615,Satkhira,2000,8,35.5,26.4,317,83,0.8,5.7,41946,0
7616,Satkhira,2000,9,34.9,25.5,486,86,0.6,4.7,41946,1
7617,Satkhira,2000,10,34.6,24.8,142,82,0.7,3.5,41946,0
7618,Satkhira,2000,11,32.7,19.4,0,78,0.3,0.9,41946,0
7619,Satkhira,2000,12,28,12.8,0,75,0.5,0.3,41946,0
7620,Satkhira,2001,1,29.4,10.4,0,72,0.7,0.4,41946,0
7621,Satkhira,2001,2,32,15.5,55,72,0.6,1.1,41946,0
7622,Satkhira,2001,3,35.7,19.7,38,72,0.8,1.8,41946,0
7623,Satkhira,2001,4,38.3,24,53,75,1.2,3,41946,0
7624,Satkhira,2001,5,36.8,24.7,223,76,0.8,4.2,41946,0
7625,Satkhira,2001,6,34.7,26,411,87,0.8,6,41946,1
7626,Satkhira,2001,7,34.2,26.4,263,86,1,5.8,41946,0
7627,Satkhira,2001,8,34.6,26.8,236,85,0.5,5.3,41946,0
7628,Satkhira,2001,9,35,26,230,85,0.5,4.5,41946,0
7629,Satkhira,2001,10,34.6,24.6,122,85,0.4,3.9,41946,0
7630,Satkhira,2001,11,32.6,20.7,52,82,0.4,2.6,41946,0
7631,Satkhira,2001,12,30,12.8,0,81,0.5,0.7,41946,0
7632,Satkhira,2002,1,29.2,13.3,14,79,0.5,1.7,41946,0
7633,Satkhira,2002,2,33.3,15.3,0,69,0.5,0.7,41946,0
7634,Satkhira,2002,3,35.7,21,6,68,0.6,2.1,41946,0
7635,Satkhira,2002,4,36.5,24,91,75,1.2,3.6,41946,0
7636,Satkhira,2002,5,43.4,25.7,164,76,1,3.7,41946,0
7637,Satkhira,2002,6,36.5,26.2,536,85,0.8,5.5,41946,1
7638,Satkhira,2002,7,37.1,27.2,434,83,0.7,6,41946,1
7639,Satkhira,2002,8,34.6,26.4,301,87,0.4,5.5,41946,0
7640,Satkhira,2002,9,34.8,25.9,245,87,0.4,4.6,41946,0
7641,Satkhira,2002,10,35.1,23.1,23,83,0.2,2.5,41946,0
7642,Satkhira,2002,11,32.4,18.8,89,82,0.4,2.3,41946,0
7643,Satkhira,2002,12,30.3,14.1,0,80,0.3,0.4,41946,0
7644,Satkhira,2003,1,27.4,10.5,0,78,0.5,0.8,41946,0
7645,Satkhira,2003,2,32.5,17,0,75,0.4,1.3,41946,0
7646,Satkhira,2003,3,35.6,19.8,121,74,0.6,1.9,41946,0
7647,Satkhira,2003,4,36.6,25.6,52,76,1,3.1,41946,0
7648,Satkhira,2003,5,38.2,25.8,174,76,0.8,3.4,41946,0
7649,Satkhira,2003,6,37.2,26.7,252,82,0.8,5.6,41946,0
7650,Satkhira,2003,7,34.5,26.8,231,85,0.6,5.4,41946,0
7651,Satkhira,2003,8,35,26.7,260,85,0.4,4.6,41946,0
7652,Satkhira,2003,9,34.6,26.3,202,87,0.2,4.9,41946,0
7653,Satkhira,2003,10,34.4,24.9,420,88,0.2,4.3,41946,1
7654,Satkhira,2003,11,32,18.2,0,80,0.1,0.4,41946,0
7655,Satkhira,2003,12,28.5,14.1,25,81,0.2,1.4,41946,0
7656,Satkhira,2004,1,28.4,12.5,0,81,0.4,1.4,41946,0
7657,Satkhira,2004,2,34.1,15.3,0,71,0.3,0.9,41946,0
7658,Satkhira,2004,3,37.2,21.8,4,71,0.5,1.7,41946,0
7659,Satkhira,2004,4,36,24.6,122,76,0.8,3,41946,0
7660,Satkhira,2004,5,39,26.8,122,72,0.7,2.9,41946,0
7661,Satkhira,2004,6,36.4,26.1,382,83,0.4,4.8,41946,1
7662,Satkhira,2004,7,35.6,26.5,324,85,0.4,5.5,41946,0
7663,Satkhira,2004,8,34,26.5,435,87,0.3,5.2,41946,1
7664,Satkhira,2004,9,34.6,26,398,86,0.7,5.3,41946,1
7665,Satkhira,2004,10,34,23,246,84,0.4,2.6,41946,0
7666,Satkhira,2004,11,30.7,17.6,0,78,0.3,0.3,41946,0
7667,Satkhira,2004,12,29,14.8,0,78,0.4,0.4,41946,0
7668,Satkhira,2005,1,28.7,13.1,6,78,0.6,1.5,41946,0
7669,Satkhira,2005,2,33.5,17.2,0,70,0.9,1.1,41946,0
7670,Satkhira,2005,3,36,22,120,75,1.3,2.4,41946,0
7671,Satkhira,2005,4,39.5,25.2,28,71,1.3,2.7,41946,0
7672,Satkhira,2005,5,38.7,26.4,80,73,1.4,3.6,41946,0
7673,Satkhira,2005,6,39.9,27.1,261,79,0.8,4.7,41946,0
7674,Satkhira,2005,7,34.4,26.4,497,86,0.8,5.8,41946,1
7675,Satkhira,2005,8,35.2,26.8,158,86,0.4,5.8,41946,0
7676,Satkhira,2005,9,35.4,26.2,338,86,0.5,5.2,41946,0
7677,Satkhira,2005,10,34,24.2,484,88,0.3,4.7,41946,1
7678,Satkhira,2005,11,31.1,17.4,0,80,0.2,1.2,41946,0
7679,Satkhira,2005,12,28.3,13.5,10,77,0.3,1.2,41946,0
7680,Satkhira,2006,1,30.3,11.9,0,75,0.3,0.6,41946,0
7681,Satkhira,2006,2,36.7,18.5,0,72,0.3,0.3,41946,0
7682,Satkhira,2006,3,38.8,21,24,67,0.3,1.8,41946,0
7683,Satkhira,2006,4,38.6,25.3,59,72,0.8,3.2,41946,0
7684,Satkhira,2006,5,36.7,26,285,76,0.7,4,41946,0
7685,Satkhira,2006,6,36.5,26.9,260,84,0.5,5.1,41946,0
7686,Satkhira,2006,7,34.2,26.2,548,88,0.6,6.4,41946,1
7687,Satkhira,2006,8,35,26,359,86,0.7,6,41946,0
7688,Satkhira,2006,9,34.5,26.2,403,86,0.4,5.7,41946,1
7689,Satkhira,2006,10,34.5,24.5,63,84,0.1,3,41946,0
7690,Satkhira,2006,11,31.8,19.4,0,80,0.2,2.1,41946,0
7691,Satkhira,2006,12,29,13.9,0,79,0.2,0.2,41946,0
7692,Satkhira,2007,1,29.8,11.9,1,76,0.2,0.7,41946,0
7693,Satkhira,2007,2,31.2,16.9,116,79,0.3,1.7,41946,0
7694,Satkhira,2007,3,35.7,19.7,19,71,0.5,1.6,41946,0
7695,Satkhira,2007,4,36.5,24.9,76,74,1,3.2,41946,0
7696,Satkhira,2007,5,38.9,26.4,41,73,0.6,3.5,41946,0
7697,Satkhira,2007,6,37.2,26.9,254,82,0.9,5.8,41946,0
7698,Satkhira,2007,7,34.6,26.5,466,87,0.9,6.3,41946,1
7699,Satkhira,2007,8,35.5,26.7,167,85,0.6,5.7,41946,0
7700,Satkhira,2007,9,35.5,26,459,87,0.7,5.9,41946,1
7701,Satkhira,2007,10,35,23.7,175,83,0.4,3.1,41946,0
7702,Satkhira,2007,11,31.7,19.7,98,83,0.5,1.5,41946,0
7703,Satkhira,2007,12,27.8,13,0,80,0.3,0.6,41946,0
7704,Satkhira,2008,1,30,12.9,92,79,0.5,1.4,41946,0
7705,Satkhira,2008,2,30,14.5,39,75,0.5,1.3,41946,0
7706,Satkhira,2008,3,36.4,22,16,78,0.8,3,41946,0
7707,Satkhira,2008,4,38,24.1,85,75,1,2.4,41946,0
7708,Satkhira,2008,5,38.4,24.9,129,74,0.9,3.6,41946,0
7709,Satkhira,2008,6,37,26,200,84,0.8,5.5,41946,0
7710,Satkhira,2008,7,34,26,280,89,0.7,6.4,41946,0
7711,Satkhira,2008,8,34,26.3,257,87,0.5,5.4,41946,0
7712,Satkhira,2008,9,34.6,25.7,275,87,0.3,5.1,41946,0
7713,Satkhira,2008,10,34,22.8,170,84,0.3,2.3,41946,0
7714,Satkhira,2008,11,32,18.3,0,79,0.1,0.9,41946,0
7715,Satkhira,2008,12,30,14.9,0,84,0.1,0.7,41946,0
7716,Satkhira,2009,1,29.8,14.4,0,81,1.3,0.7,41946,0
7717,Satkhira,2009,2,33.6,15.8,0,74,1.7,0.3,41946,0
7718,Satkhira,2009,3,35.2,20.3,3,72,1.5,1.7,41946,0
7719,Satkhira,2009,4,40,25.1,12,73,2.3,1.9,41946,0
7720,Satkhira,2009,5,40.8,25.6,179,75,2.6,3.8,41946,0
7721,Satkhira,2009,6,37.7,26.9,55,78,2,4.2,41946,0
7722,Satkhira,2009,7,36,25.9,251,86,1.7,5.8,41946,0
7723,Satkhira,2009,8,35.5,25.5,512,87,1.2,6,41946,1
7724,Satkhira,2009,9,35.6,25.5,337,85,1.3,4.6,41946,0
7725,Satkhira,2009,10,34.2,22.4,82,82,0.8,2.4,41946,0
7726,Satkhira,2009,11,33.8,18.9,19,79,1.2,2,41946,0
7727,Satkhira,2009,12,29.2,13.2,0,78,1.8,0.4,41946,0
7728,Satkhira,2010,1,27.3,11.2,0,76,2.5,0.9,41946,0
7729,Satkhira,2010,2,33.2,16.4,3,73,1.8,1.2,41946,0
7730,Satkhira,2010,3,38,23.5,1,71,2.4,1.3,41946,0
7731,Satkhira,2010,4,39.4,27,25,74,3,2.7,41946,0
7732,Satkhira,2010,5,37,26.1,214,78,2.2,4,41946,0
7733,Satkhira,2010,6,36.9,26.9,318,84,1.9,5.2,41946,0
7734,Satkhira,2010,7,35,27,269,84,1.6,5,41946,0
7735,Satkhira,2010,8,36.8,26.8,155,84,1.5,4.9,41946,0
7736,Satkhira,2010,9,34.7,26.2,202,86,1.3,4.7,41946,0
7737,Satkhira,2010,10,35.8,24.6,92,84,0.8,3.5,41946,0
7738,Satkhira,2010,11,33,20.3,1,81,0.7,1.3,41946,0
7739,Satkhira,2010,12,28,13.3,15,79,1.5,1.4,41946,0
7740,Satkhira,2011,1,28,11.6,0,77,1.9,0.3,41946,0
7741,Satkhira,2011,2,32.4,15.7,1,72,1.8,0.8,41946,0
7742,Satkhira,2011,3,35.2,20.6,58,71,2.6,1.9,41946,0
7743,Satkhira,2011,4,36.5,23.4,58,74,2.1,2.6,41946,0
7744,Satkhira,2011,5,36.8,25.4,218,76,1.7,3.6,41946,0
7745,Satkhira,2011,6,37,26.8,450,83,1.8,5.7,41946,1
7746,Satkhira,2011,7,35,26.7,428,83,1.6,5.1,41946,1
7747,Satkhira,2011,8,35.5,26.4,638,87,1.7,5.8,41946,1
7748,Satkhira,2011,9,34.6,26.2,217,85,1.7,4.9,41946,0
7749,Satkhira,2011,10,35,25,53,80,1.2,1.9,41946,0
7750,Satkhira,2011,11,31.2,19.2,0,78,1,0.5,41946,0
7751,Satkhira,2011,12,29.6,14.7,0,81,1.4,0.7,41946,0
7752,Satkhira,2012,1,28.2,14.1,36,80,1.7,1.9,41946,0
7753,Satkhira,2012,2,33.4,15,14,72,1.9,0.4,41946,0
7754,Satkhira,2012,3,37.2,21.5,0,71,2,0.8,41946,0
7755,Satkhira,2012,4,38.4,24,94,72,2.9,3.2,41946,0
7756,Satkhira,2012,5,39,26.8,72,71,2.1,2.8,41946,0
7757,Satkhira,2012,6,39.2,27.8,199,77,2,4.8,41946,0
7758,Satkhira,2012,7,34.4,26.9,239,84,1.7,5.7,41946,0
7759,Satkhira,2012,8,35,26.7,314,85,1.3,5.5,41946,0
7760,Satkhira,2012,9,35,26.6,282,85,1.4,4.8,41946,0
7761,Satkhira,2012,10,34.3,23.3,95,82,1.4,2.9,41946,0
7762,Satkhira,2012,11,32.4,18.5,105,78,1.5,2.3,41946,0
7763,Satkhira,2012,12,28.6,13,8,81,1.8,1,41946,0
7764,Satkhira,2013,1,28,11.3,5,76,2,0.6,41946,0
7765,Satkhira,2013,2,32.2,15.1,12,72,2.3,1.5,41946,0
7766,Satkhira,2013,3,36.6,20.5,37,71,2.2,1.3,41946,0
7767,Satkhira,2013,4,38,24.4,29,71,2.3,2.4,41946,0
7768,Satkhira,2013,5,37.2,25.4,310,81,2.8,5.5,41946,1
7769,Satkhira,2013,6,36.4,27,245,81,1.7,4.9,41946,0
7770,Satkhira,2013,7,34.6,26.8,266,84,1.7,5.1,41946,0
7771,Satkhira,2013,8,34,26.6,215,85,1.7,5.3,41946,0
7772,Satkhira,2013,9,35.8,26.4,296,85,1.1,4.9,41946,0
7773,Satkhira,2013,10,34.4,24.6,247,86,1.5,4.7,41946,0
7774,Satkhira,2013,11,32,17.9,0,77,1.8,0.8,41946,0
7775,Satkhira,2013,12,28.4,14.6,0,79,1.5,0.6,41946,0
7776,Sitakunda,1990,1,29,12.5,0,77,0.5,0.3,41965,0
7777,Sitakunda,1990,2,31,17.2,55,75,0.5,3.1,41965,0
7778,Sitakunda,1990,3,34.8,18.7,231,76,0.8,3.6,41965,0
7779,Sitakunda,1990,4,33.2,22.3,292,79,1.7,4,41965,0
7780,Sitakunda,1990,5,35,24.8,207,80,0.9,4.6,41965,0
7781,Sitakunda,1990,6,34.5,25.4,607,83,2.5,6.3,41965,1
7782,Sitakunda,1990,7,32.4,25,994,89,1.8,6.9,41965,1
7783,Sitakunda,1990,8,34.2,25.7,177,81,0.9,5.6,41965,0
7784,Sitakunda,1990,9,33.5,25.5,234,82,1.3,5.7,41965,0
7785,Sitakunda,1990,10,34,22.7,435,81,0.6,3.5,41965,1
7786,Sitakunda,1990,11,33,20.3,71,78,0.2,3.2,41965,0
7787,Sitakunda,1990,12,30,14.5,52,76,0.4,1.6,41965,0
7788,Sitakunda,1991,1,28,12.8,0,71,0.8,1.6,41965,0
7789,Sitakunda,1991,2,32.3,16.7,23,71,1,1.1,41965,0
7790,Sitakunda,1991,3,36.2,21.4,19,69,1.3,2.5,41965,0
7791,Sitakunda,1991,4,36.2,24.3,92,74,1.8,3.9,41965,0
7792,Sitakunda,1991,5,32.5,24.5,331,80,2.6,5.8,41965,0
7793,Sitakunda,1991,6,33.4,25.4,766,85,2,6.4,41965,1
7794,Sitakunda,1991,7,34,25.5,685,85,1.7,6.3,41965,1
7795,Sitakunda,1991,8,36.2,25.6,318,83,1.9,6.5,41965,0
7796,Sitakunda,1991,9,34.2,25,615,85,1.1,6.2,41965,1
7797,Sitakunda,1991,10,35,24,117,82,0.8,4.4,41965,0
7798,Sitakunda,1991,11,31,17.8,131,78,0.5,2.4,41965,0
7799,Sitakunda,1991,12,30.2,13.5,15,73,0.6,1.6,41965,0
7800,Sitakunda,1992,1,29,11.7,0,76,0.6,0.5,41965,0
7801,Sitakunda,1992,2,28.2,15.1,88,74,1,2.1,41965,0
7802,Sitakunda,1992,3,31.4,22.9,0,80,1.9,2.7,41965,0
7803,Sitakunda,1992,4,36.7,25.2,1,74,2.2,3.5,41965,0
7804,Sitakunda,1992,5,39,24.5,145,78,1.7,3.7,41965,0
7805,Sitakunda,1992,6,35,25.8,506,83,1.4,4.9,41965,1
7806,Sitakunda,1992,7,34,25.3,362,85,1.8,6.3,41965,0
7807,Sitakunda,1992,8,33.7,25.5,392,84,1.3,5.5,41965,0
7808,Sitakunda,1992,9,34,25.1,320,85,0.9,5.5,41965,0
7809,Sitakunda,1992,10,34.5,23.6,480,83,0.5,3.8,41965,1
7810,Sitakunda,1992,11,32.5,19.1,1,80,0.3,2.7,41965,0
7811,Sitakunda,1992,12,28,12.8,10,78,0.4,0.8,41965,0
7812,Sitakunda,1993,1,29.5,11.9,1,75,0.5,0.5,41965,0
7813,Sitakunda,1993,2,30.2,15.5,46,75,1.2,1.8,41965,0
7814,Sitakunda,1993,3,32.8,18.7,246,71,1.1,2,41965,0
7815,Sitakunda,1993,4,35.4,22.2,145,79,1.3,2.9,41965,0
7816,Sitakunda,1993,5,34.5,23.7,743,82,1.6,4.7,41965,1
7817,Sitakunda,1993,6,32.7,25.4,654,86,2,5.8,41965,1
7818,Sitakunda,1993,7,33,25.5,560,86,1.9,6,41965,1
7819,Sitakunda,1993,8,32,25.4,737,88,1.3,6.2,41965,1
7820,Sitakunda,1993,9,34,25.2,291,85,0.6,5.6,41965,0
7821,Sitakunda,1993,10,33.5,23.7,127,85,0.2,4,41965,0
7822,Sitakunda,1993,11,31,18.5,7,81,0.1,1.2,41965,0
7823,Sitakunda,1993,12,29.5,13.2,0,78,0.2,1.4,41965,0
7824,Sitakunda,1994,1,30,11.7,12,69,0.3,0.6,41965,0
7825,Sitakunda,1994,2,31.4,14,50,65,0.5,1,41965,0
7826,Sitakunda,1994,3,33.5,20.2,246,77,1,3,41965,0
7827,Sitakunda,1994,4,36.8,22.6,385,76,0.7,2.4,41965,0
7828,Sitakunda,1994,5,33.6,25.3,202,81,0.9,4,41965,0
7829,Sitakunda,1994,6,34.2,25.7,504,85,1.5,6.1,41965,1
7830,Sitakunda,1994,7,32.8,25.6,316,85,1.1,5.9,41965,0
7831,Sitakunda,1994,8,33.4,25.3,533,85,1.1,6.3,41965,1
7832,Sitakunda,1994,9,34.5,25.1,232,81,0.6,4.3,41965,0
7833,Sitakunda,1994,10,33.7,23.4,88,80,0.2,3.1,41965,0
7834,Sitakunda,1994,11,32.7,18.5,1,79,0.1,2.7,41965,0
7835,Sitakunda,1994,12,29.8,12.1,0,68,0,0.6,41965,0
7836,Sitakunda,1995,1,30,11.2,3,65,0.2,1.6,41965,0
7837,Sitakunda,1995,2,30,14.6,11,71,0.3,2,41965,0
7838,Sitakunda,1995,3,37,18.3,35,66,0.6,1.6,41965,0
7839,Sitakunda,1995,4,35.4,24,115,78,1.1,2.8,41965,0
7840,Sitakunda,1995,5,35.6,26.9,275,80,1.7,4.1,41965,0
7841,Sitakunda,1995,6,35,25.9,493,85,1.4,6,41965,1
7842,Sitakunda,1995,7,32.8,25.6,444,87,1,6.2,41965,1
7843,Sitakunda,1995,8,34.2,25.5,394,85,0.8,6,41965,0
7844,Sitakunda,1995,9,34.6,25.5,182,84,0.8,5.6,41965,0
7845,Sitakunda,1995,10,34,24.5,85,80,0.2,3.6,41965,0
7846,Sitakunda,1995,11,34,21,299,81,0.4,3.4,41965,0
7847,Sitakunda,1995,12,29,13.5,0,74,0.3,0.3,41965,0
7848,Sitakunda,1996,1,28.1,11.6,2,78,0.4,0.6,41965,0
7849,Sitakunda,1996,2,32.2,14.3,20,72,0.5,1.4,41965,0
7850,Sitakunda,1996,3,35,21.9,193,81,1.2,3.2,41965,0
7851,Sitakunda,1996,4,34.5,23.8,134,81,0.9,2.9,41965,0
7852,Sitakunda,1996,5,36,25.3,294,81,1.2,4,41965,0
7853,Sitakunda,1996,6,34.5,25.8,505,84,0.9,5.1,41965,1
7854,Sitakunda,1996,7,34,25.9,395,87,0.5,5.7,41965,0
7855,Sitakunda,1996,8,32.8,25.1,663,90,0.3,6.1,41965,1
7856,Sitakunda,1996,9,36.6,25.5,313,86,0.1,4.9,41965,0
7857,Sitakunda,1996,10,35.2,22.9,382,84,0.3,3.1,41965,0
7858,Sitakunda,1996,11,33,18.7,60,82,0,1.8,41965,0
7859,Sitakunda,1996,12,31.3,14,0,79,0,1.7,41965,0
7860,Sitakunda,1997,1,28,10.5,2,78,0.2,1.3,41965,0
7861,Sitakunda,1997,2,31.2,12.7,17,76,0.2,1.6,41965,0
7862,Sitakunda,1997,3,33.6,19.9,129,83,0.8,2.8,41965,0
7863,Sitakunda,1997,4,33.6,21,187,81,0.6,3.6,41965,0
7864,Sitakunda,1997,5,35.2,24.3,249,82,1.2,4.3,41965,0
7865,Sitakunda,1997,6,34.2,24.8,860,86,1.4,6.1,41965,1
7866,Sitakunda,1997,7,33.8,25.1,1138,91,0.8,6.7,41965,1
7867,Sitakunda,1997,8,36.2,25.4,259,87,1.3,5.9,41965,0
7868,Sitakunda,1997,9,34.7,24.6,348,88,1.3,5.7,41965,0
7869,Sitakunda,1997,10,34.7,21.9,52,82,0.4,2.5,41965,0
7870,Sitakunda,1997,11,34.4,19,3,81,0.3,2.7,41965,0
7871,Sitakunda,1997,12,31.4,13.7,55,81,0.6,2.8,41965,0
7872,Sitakunda,1998,1,30,12.8,9,83,0.6,2.4,41965,0
7873,Sitakunda,1998,2,32.2,14.8,72,78,0.7,2.2,41965,0
7874,Sitakunda,1998,3,34,17.7,108,75,0.9,2.7,41965,0
7875,Sitakunda,1998,4,35,22.6,353,82,1.3,3.7,41965,0
7876,Sitakunda,1998,5,37.2,24.8,457,84,1.6,5,41965,1
7877,Sitakunda,1998,6,35.5,26.5,309,86,1.6,5.5,41965,0
7878,Sitakunda,1998,7,34,25.4,1138,92,1.7,6.7,41965,1
7879,Sitakunda,1998,8,35,25.3,1192,92,1.4,6.7,41965,1
7880,Sitakunda,1998,9,38.6,25.3,532,87,1,5.1,41965,1
7881,Sitakunda,1998,10,36.2,24.5,139,85,0.7,3.3,41965,0
7882,Sitakunda,1998,11,35,20.8,126,84,0.5,2.4,41965,0
7883,Sitakunda,1998,12,31.2,14.2,0,81,0.4,0.3,41965,0
7884,Sitakunda,1999,1,30.2,11.4,0,79,0.7,0.6,41965,0
7885,Sitakunda,1999,2,35.7,14.6,0,73,0.6,1.3,41965,0
7886,Sitakunda,1999,3,36.2,20.3,0,76,1.6,1.8,41965,0
7887,Sitakunda,1999,4,36.2,25.2,4,79,1.6,2.4,41965,0
7888,Sitakunda,1999,5,35.7,24.9,389,84,1.8,5,41965,0
7889,Sitakunda,1999,6,36.2,25.3,902,89,2.1,6.1,41965,1
7890,Sitakunda,1999,7,35.2,25.1,905,90,1.5,6.5,41965,1
7891,Sitakunda,1999,8,34.4,25.2,581,90,1.6,6.6,41965,1
7892,Sitakunda,1999,9,33.8,25,243,88,1.2,5.6,41965,0
7893,Sitakunda,1999,10,34.6,24.3,221,87,0.7,4.4,41965,0
7894,Sitakunda,1999,11,33.5,18.1,13,81,0.4,0.8,41965,0
7895,Sitakunda,1999,12,32.2,14.5,44,82,0.4,1.1,41965,0
7896,Sitakunda,2000,1,31,12.3,46,79,0.6,0.9,41965,0
7897,Sitakunda,2000,2,30.2,14.2,1,71,0.8,3,41965,0
7898,Sitakunda,2000,3,36,19.6,56,76,1.5,3,41965,0
7899,Sitakunda,2000,4,34.7,23.1,90,80,1.7,3,41965,0
7900,Sitakunda,2000,5,36.7,23.8,902,84,1.6,5.3,41965,1
7901,Sitakunda,2000,6,36.2,25.2,494,87,1.4,5.7,41965,1
7902,Sitakunda,2000,7,35.7,25.2,713,89,1.5,5.7,41965,1
7903,Sitakunda,2000,8,35.7,24.9,671,89,1.4,6.1,41965,1
7904,Sitakunda,2000,9,34.7,24.9,231,87,1,5.3,41965,0
7905,Sitakunda,2000,10,36.2,23.9,226,87,0.5,3.3,41965,0
7906,Sitakunda,2000,11,34.4,18.3,26,82,0.3,1,41965,0
7907,Sitakunda,2000,12,30.2,12.8,0,78,0.4,0.4,41965,0
7908,Sitakunda,2001,1,30.2,10.1,0,76,0.5,0.3,41965,0
7909,Sitakunda,2001,2,33.2,14.6,71,76,0.7,0.9,41965,0
7910,Sitakunda,2001,3,36.7,18.5,20,69,0.5,1,41965,0
7911,Sitakunda,2001,4,38.2,23.6,43,76,1.1,2.8,41965,0
7912,Sitakunda,2001,5,35.7,24,439,82,1,4.2,41965,0
7913,Sitakunda,2001,6,33.9,25,741,88,1.8,6.5,41965,1
7914,Sitakunda,2001,7,34.8,25.2,382,88,2.2,6.5,41965,0
7915,Sitakunda,2001,8,35.3,25.4,583,86,1.5,5.7,41965,1
7916,Sitakunda,2001,9,36.6,25,201,86,1.1,4.4,41965,0
7917,Sitakunda,2001,10,36.2,24.1,183,86,0.4,3.9,41965,0
7918,Sitakunda,2001,11,34.3,20.1,63,84,0.3,2.9,41965,0
7919,Sitakunda,2001,12,30.4,13,0,81,0.2,1,41965,0
7920,Sitakunda,2002,1,32.1,13.1,0,79,0.4,1.7,41965,0
7921,Sitakunda,2002,2,34.7,13.7,15,69,0.3,0.5,41965,0
7922,Sitakunda,2002,3,36.5,18.1,65,71,0.8,1.8,41965,0
7923,Sitakunda,2002,4,34.9,22.3,153,82,1,3,41965,0
7924,Sitakunda,2002,5,36.2,23.5,315,84,1.1,4.5,41965,0
7925,Sitakunda,2002,6,34.7,25.2,527,87,1,5.2,41965,1
7926,Sitakunda,2002,7,33.3,25.5,644,91,1,6.9,41965,1
7927,Sitakunda,2002,8,34.7,25.3,490,88,1,5.9,41965,1
7928,Sitakunda,2002,9,34.7,25.2,302,85,0.4,4.7,41965,0
7929,Sitakunda,2002,10,36.2,22.9,202,85,0.3,3.2,41965,0
7930,Sitakunda,2002,11,33.9,19.7,46,84,0.2,3.5,41965,0
7931,Sitakunda,2002,12,30.9,14.2,3,83,0.1,0.9,41965,0
7932,Sitakunda,2003,1,31.2,10.9,0,82,0.2,0.9,41965,0
7933,Sitakunda,2003,2,32.6,15.2,1,71,0.4,1.1,41965,0
7934,Sitakunda,2003,3,33.8,17.8,74,76,0.6,1.8,41965,0
7935,Sitakunda,2003,4,35.7,23.9,114,80,1,2.7,41965,0
7936,Sitakunda,2003,5,36.4,25.1,268,83,1.1,4,41965,0
7937,Sitakunda,2003,6,35.9,25,1025,88,1.5,6.1,41965,1
7938,Sitakunda,2003,7,36.3,25.8,508,86,1.3,5.3,41965,1
7939,Sitakunda,2003,8,34.3,25.6,397,86,1.1,4.7,41965,0
7940,Sitakunda,2003,9,34.9,25.3,387,87,0.5,4.8,41965,0
7941,Sitakunda,2003,10,35.3,24.5,193,86,0.2,3.4,41965,0
7942,Sitakunda,2003,11,32.9,17.1,0,79,0.1,0.3,41965,0
7943,Sitakunda,2003,12,30.9,14.3,9,81,0.2,1.7,41965,0
7944,Sitakunda,2004,1,31,13,0,81,0.2,1.2,41965,0
7945,Sitakunda,2004,2,32.5,14.1,0,73,0.3,0.8,41965,0
7946,Sitakunda,2004,3,35.4,21,5,78,1.2,2.9,41965,0
7947,Sitakunda,2004,4,35,23.3,169,81,1.8,3.6,41965,0
7948,Sitakunda,2004,5,38.2,25.3,240,80,1.2,3.9,41965,0
7949,Sitakunda,2004,6,35.5,25.1,638,87,1.6,5.8,41965,1
7950,Sitakunda,2004,7,33.1,25.4,706,89,2.3,6.2,41965,1
7951,Sitakunda,2004,8,34.2,25.5,534,87,2.6,5.7,41965,1
7952,Sitakunda,2004,9,34.7,24.9,719,88,1.7,5.9,41965,1
7953,Sitakunda,2004,10,35.4,23,236,85,0.9,3.1,41965,0
7954,Sitakunda,2004,11,32.5,16.9,0,81,0.2,0.5,41965,0
7955,Sitakunda,2004,12,31.5,14.3,0,79,0.2,0.6,41965,0
7956,Sitakunda,2005,1,32.2,12.3,5,75,0.5,1.4,41965,0
7957,Sitakunda,2005,2,33.7,16.7,0,74,1.2,1.4,41965,0
7958,Sitakunda,2005,3,33.8,21.5,77,82,2.1,3.8,41965,0
7959,Sitakunda,2005,4,36.4,23.6,158,80,1.6,2.6,41965,0
7960,Sitakunda,2005,5,35.2,24.2,256,82,1.9,3.7,41965,0
7961,Sitakunda,2005,6,36.1,26.5,247,84,2.4,5.3,41965,0
7962,Sitakunda,2005,7,33.8,25.5,541,87,2.1,5.5,41965,1
7963,Sitakunda,2005,8,35,25.3,1081,91,2,6.7,41965,1
7964,Sitakunda,2005,9,36.3,25.2,348,88,0.7,5.5,41965,0
7965,Sitakunda,2005,10,35.7,24.3,312,87,0.6,3.6,41965,0
7966,Sitakunda,2005,11,33.2,17.7,0,82,0.2,1.2,41965,0
7967,Sitakunda,2005,12,32.2,14.8,5,82,0.2,2,41965,0
7968,Sitakunda,2006,1,30.4,11.8,0,79,0.4,0.8,41965,0
7969,Sitakunda,2006,2,32.6,17.2,0,82,1.1,1.8,41965,0
7970,Sitakunda,2006,3,39.1,19.4,0,71,1,2.1,41965,0
7971,Sitakunda,2006,4,37.5,23.9,56,78,1.4,3.1,41965,0
7972,Sitakunda,2006,5,37.5,24.5,569,83,1.5,4.6,41965,1
7973,Sitakunda,2006,6,36.8,25.7,321,86,1.9,5.9,41965,0
7974,Sitakunda,2006,7,33.6,25.8,397,87,2,6.1,41965,0
7975,Sitakunda,2006,8,35.1,25.6,177,84,1.8,5.2,41965,0
7976,Sitakunda,2006,9,35.7,25,457,87,1.2,5.1,41965,1
7977,Sitakunda,2006,10,35.7,24.2,50,87,0.3,3.5,41965,0
7978,Sitakunda,2006,11,34.9,18.8,4,83,0.3,2,41965,0
7979,Sitakunda,2006,12,31,13.5,0,81,0.2,0.3,41965,0
7980,Sitakunda,2007,1,29.6,10.9,0,79,0.2,0.3,41965,0
7981,Sitakunda,2007,2,31.5,15.7,55,77,0.5,1.6,41965,0
7982,Sitakunda,2007,3,36.2,17.2,0,70,0.7,0.8,41965,0
7983,Sitakunda,2007,4,37,23,167,82,1.7,3.3,41965,0
7984,Sitakunda,2007,5,38,25.2,349,83,1.5,4,41965,0
7985,Sitakunda,2007,6,36.5,25.2,706,87,1.5,5.6,41965,1
7986,Sitakunda,2007,7,34.8,25.3,842,91,2.1,6.4,41965,1
7987,Sitakunda,2007,8,35.7,25.4,488,88,1.1,5.7,41965,1
7988,Sitakunda,2007,9,35,25.4,625,89,1.1,5.7,41965,1
7989,Sitakunda,2007,10,36.6,23.3,709,88,0.6,3.8,41965,1
7990,Sitakunda,2007,11,33.4,20,63,85,0.4,2.1,41965,0
7991,Sitakunda,2007,12,30.8,13.7,0,82,0.2,1.3,41965,0
7992,Sitakunda,2008,1,30.4,12.4,32,81,0.3,1.3,41965,0
7993,Sitakunda,2008,2,31.9,13.1,5,75,0.5,1,41965,0
7994,Sitakunda,2008,3,34.4,20.3,13,83,0.6,2.2,41965,0
7995,Sitakunda,2008,4,39.2,22.6,7,76,1.2,1.7,41965,0
7996,Sitakunda,2008,5,36.3,24.6,439,80,1.4,3.8,41965,0
7997,Sitakunda,2008,6,34.6,25.5,386,88,2.2,5.7,41965,0
7998,Sitakunda,2008,7,33.7,25.1,994,90,1.9,6.3,41965,1
7999,Sitakunda,2008,8,34.4,25.3,687,89,1.4,6,41965,1
8000,Sitakunda,2008,9,36,25.1,226,86,0.9,5,41965,0
8001,Sitakunda,2008,10,35.7,23.4,154,86,0.5,3.2,41965,0
8002,Sitakunda,2008,11,33.6,17.4,2,82,0.2,1.4,41965,0
8003,Sitakunda,2008,12,31.7,14.9,0,87,0.1,0.7,41965,0
8004,Sitakunda,2009,1,30.2,12.2,0,80,2,0,41965,0
8005,Sitakunda,2009,2,32.9,13.7,0,74,3,0.5,41965,0
8006,Sitakunda,2009,3,36.7,21.5,1,75,2.6,2,41965,0
8007,Sitakunda,2009,4,37.9,25.7,78,82,4,3,41965,0
8008,Sitakunda,2009,5,35.9,25,320,81,3.2,3.2,41965,0
8009,Sitakunda,2009,6,36.5,25.4,394,84,3.1,4.5,41965,0
8010,Sitakunda,2009,7,34.4,25.9,916,89,3.5,5.5,41965,1
8011,Sitakunda,2009,8,34.5,25.4,803,89,2.3,5.8,41965,1
8012,Sitakunda,2009,9,36,25.3,315,87,2.4,4.9,41965,0
8013,Sitakunda,2009,10,35.1,22.6,271,84,1.8,2.7,41965,0
8014,Sitakunda,2009,11,35.1,18.7,21,80,1.2,1.5,41965,0
8015,Sitakunda,2009,12,30.8,12.7,0,80,1.2,0.3,41965,0
8016,Sitakunda,2010,1,31.4,10.8,0,78,1.7,0.8,41965,0
8017,Sitakunda,2010,2,33.2,13.8,1,70,2.1,1.5,41965,0
8018,Sitakunda,2010,3,38.9,21.5,37,75,3.7,2.4,41965,0
8019,Sitakunda,2010,4,36.9,25.7,71,80,4.2,3,41965,0
8020,Sitakunda,2010,5,36.8,25,314,82,3.3,3.8,41965,0
8021,Sitakunda,2010,6,34.9,25.4,876,89,3.3,5.5,41965,1
8022,Sitakunda,2010,7,34.5,25.9,377,86,2.8,5.2,41965,0
8023,Sitakunda,2010,8,34.9,25.6,473,88,2,5.7,41965,1
8024,Sitakunda,2010,9,34.2,25.4,421,88,2.2,4.6,41965,1
8025,Sitakunda,2010,10,36.7,24.4,289,86,1.4,3.7,41965,0
8026,Sitakunda,2010,11,35.1,19.6,4,85,0.9,1.1,41965,0
8027,Sitakunda,2010,12,32.1,13.6,5,80,1.2,1.3,41965,0
8028,Sitakunda,2011,1,31.2,10.5,1,72,2.1,0.7,41965,0
8029,Sitakunda,2011,2,33.7,14,0,67,2.1,0.9,41965,0
8030,Sitakunda,2011,3,35.4,18.6,126,71,3.1,2.1,41965,0
8031,Sitakunda,2011,4,35.9,22.4,163,80,2.4,3,41965,0
8032,Sitakunda,2011,5,35.4,24.4,361,84,2.6,4.5,41965,0
8033,Sitakunda,2011,6,35.5,25.7,502,87,2.5,5.9,41965,1
8034,Sitakunda,2011,7,35.2,25.4,818,87,2.3,5.6,41965,1
8035,Sitakunda,2011,8,34.9,25.2,1136,89,2.5,6.3,41965,1
8036,Sitakunda,2011,9,35.8,25.3,524,88,2.3,4.8,41965,1
8037,Sitakunda,2011,10,34.8,23.5,127,85,1.2,2.5,41965,0
8038,Sitakunda,2011,11,32.7,17.1,0,81,1.1,0.4,41965,0
8039,Sitakunda,2011,12,31.9,13.6,0,82,1.7,1,41965,0
8040,Sitakunda,2012,1,31,12.6,1,79,1.7,1.3,41965,0
8041,Sitakunda,2012,2,34.7,13.3,0,67,2.5,0.7,41965,0
8042,Sitakunda,2012,3,35.5,21.1,24,79,2.5,2,41965,0
8043,Sitakunda,2012,4,36.8,23,352,82,2.6,3,41965,0
8044,Sitakunda,2012,5,36.2,24.9,251,85,1.9,2.9,41965,0
8045,Sitakunda,2012,6,36.4,25.5,954,87,3.1,5.4,41965,1
8046,Sitakunda,2012,7,34.6,25.3,1274,89,2.9,5.8,41965,1
8047,Sitakunda,2012,8,35,25.3,567,86,2.6,5.3,41965,1
8048,Sitakunda,2012,9,35.9,25.5,234,86,2,4.8,41965,0
8049,Sitakunda,2012,10,35.7,23,256,85,1.5,2.6,41965,0
8050,Sitakunda,2012,11,34.9,18.4,19,82,0.9,2.1,41965,0
8051,Sitakunda,2012,12,30.2,12,1,82,1,1.3,41965,0
8052,Sitakunda,2013,1,31.4,10,0,76,1,0.3,41965,0
8053,Sitakunda,2013,2,34.7,14.5,0,71,1.5,0.8,41965,0
8054,Sitakunda,2013,3,35.7,19.2,13,76,1.6,1.4,41965,0
8055,Sitakunda,2013,4,35.8,23.5,57,79,1.7,2.4,41965,0
8056,Sitakunda,2013,5,33.9,24.4,470,86,2.7,5.1,41965,1
8057,Sitakunda,2013,6,35.9,25.9,569,86,1.6,4.7,41965,1
8058,Sitakunda,2013,7,34.7,25.7,333,85,2.3,5.3,41965,0
8059,Sitakunda,2013,8,33.7,25.5,390,88,2.5,5.9,41965,0
8060,Sitakunda,2013,9,36.1,25.1,496,87,2.3,5.4,41965,1
8061,Sitakunda,2013,10,35.5,23.7,269,85,1.6,4.9,41965,0
8062,Sitakunda,2013,11,33,17.3,1,79,0.3,0.9,41965,0
8063,Sitakunda,2013,12,31,13.3,0,81,0.9,0.7,41965,0
8064,Srimangal,1990,1,29.4,11,0,81,0.1,0.8,41915,0
8065,Srimangal,1990,2,30.5,13.6,20,77,0.4,2.7,41915,0
8066,Srimangal,1990,3,35.3,15.8,285,74,0.7,4,41915,0
8067,Srimangal,1990,4,33.8,20.1,356,77,1.1,5,41915,0
8068,Srimangal,1990,5,36.8,23.5,492,80,0.3,4.6,41915,0
8069,Srimangal,1990,6,34.7,25.2,333,85,0.4,6.1,41915,0
8070,Srimangal,1990,7,35,25.3,183,84,0.6,6.2,41915,0
8071,Srimangal,1990,8,35.5,25.6,410,84,0.3,5.9,41915,0
8072,Srimangal,1990,9,34.6,24.8,343,87,0.2,6.3,41915,0
8073,Srimangal,1990,10,34.2,21.7,235,86,0,3.4,41915,0
8074,Srimangal,1990,11,32.6,18.8,306,83,0,2.5,41915,0
8075,Srimangal,1990,12,28,12.3,1,82,0.1,1.2,41915,0
8076,Srimangal,1991,1,29.4,9.7,0,78,0.2,1.4,41915,0
8077,Srimangal,1991,2,33,14,37,78,0.4,1.5,41915,0
8078,Srimangal,1991,3,36.5,18.6,8,71,0.7,2.2,41915,0
8079,Srimangal,1991,4,36.4,21.4,202,79,1.2,3.8,41915,0
8080,Srimangal,1991,5,33.4,21.6,831,86,1.3,6.6,41915,1
8081,Srimangal,1991,6,34.4,24.8,418,86,0.8,5.8,41915,0
8082,Srimangal,1991,7,34.8,25.7,278,84,0.9,5.8,41915,0
8083,Srimangal,1991,8,36,25.7,215,83,0.6,5.8,41915,0
8084,Srimangal,1991,9,34.4,24.7,378,87,0.5,5.5,41915,0
8085,Srimangal,1991,10,36.2,22.8,21,86,0,3.5,41915,0
8086,Srimangal,1991,11,30.5,15.5,41,82,0,1.3,41915,0
8087,Srimangal,1991,12,28.4,11.3,0,82,0,1.5,41915,0
8088,Srimangal,1992,1,28.2,10.8,0,82,0.1,0.8,41915,0
8089,Srimangal,1992,2,26.8,12.4,40,77,0.3,2.1,41915,0
8090,Srimangal,1992,3,35.6,20.5,33,71,1,1.9,41915,0
8091,Srimangal,1992,4,37.4,22.3,117,72,0.8,3.3,41915,0
8092,Srimangal,1992,5,36.4,22,354,80,0.4,4.2,41915,0
8093,Srimangal,1992,6,36.5,24.6,238,83,0.4,4.7,41915,0
8094,Srimangal,1992,7,34.6,24.6,244,86,0.3,5.7,41915,0
8095,Srimangal,1992,8,35.5,24.7,344,85,0.1,4.5,41915,0
8096,Srimangal,1992,9,35.5,23.7,188,85,0.1,4.7,41915,0
8097,Srimangal,1992,10,34,21.3,179,85,0.1,3,41915,0
8098,Srimangal,1992,11,32.5,15.5,1,82,0,1.6,41915,0
8099,Srimangal,1992,12,27.2,9.8,1,80,0,0.7,41915,0
8100,Srimangal,1993,1,29,9.6,2,80,0.2,1.2,41915,0
8101,Srimangal,1993,2,30.5,13.4,77,75,0.6,1.9,41915,0
8102,Srimangal,1993,3,34.7,15.7,50,70,0.4,1.4,41915,0
8103,Srimangal,1993,4,37.2,19.9,143,74,0.5,3.4,41915,0
8104,Srimangal,1993,5,35.4,21.8,363,84,0.6,4.7,41915,0
8105,Srimangal,1993,6,34.6,23.8,748,86,0.5,5.6,41915,1
8106,Srimangal,1993,7,35.2,24.7,478,85,0.3,5.5,41915,0
8107,Srimangal,1993,8,34.6,25.3,268,86,0.4,5.8,41915,0
8108,Srimangal,1993,9,35.4,24.5,338,86,0.1,5.4,41915,0
8109,Srimangal,1993,10,33.4,22.5,113,86,0.1,3.2,41915,0
8110,Srimangal,1993,11,30,16.9,30,83,0.1,1.2,41915,0
8111,Srimangal,1993,12,28.8,11.5,0,80,0,1,41915,0
8112,Srimangal,1994,1,28.4,10.5,11,72,0.1,0.9,41915,0
8113,Srimangal,1994,2,30.4,11.2,39,69,0.3,1.5,41915,0
8114,Srimangal,1994,3,33.6,18.6,244,71,0.6,2.9,41915,0
8115,Srimangal,1994,4,35.7,20.6,79,74,0.3,3.1,41915,0
8116,Srimangal,1994,5,37,23.9,233,79,0.3,4.4,41915,0
8117,Srimangal,1994,6,35.2,24.9,216,82,0.4,5.3,41915,1
8118,Srimangal,1994,7,35.4,25.4,237,81,0.2,5.2,41915,0
8119,Srimangal,1994,8,34.6,25.4,434,83,0.3,5.6,41915,0
8120,Srimangal,1994,9,35,25.1,166,80,0.1,3.4,41915,0
8121,Srimangal,1994,10,33.4,21.7,132,82,0.1,2.5,41915,0
8122,Srimangal,1994,11,32,17.6,9,77,0.1,2.7,41915,0
8123,Srimangal,1994,12,28.6,10.1,0,69,0.1,0.9,41915,0
8124,Srimangal,1995,1,27.6,8.6,4,69,0.2,1.6,41915,0
8125,Srimangal,1995,2,29.6,12.1,32,69,0.1,1.9,41915,0
8126,Srimangal,1995,3,37.8,15.3,47,62,0.3,1.3,41915,0
8127,Srimangal,1995,4,37,21.5,56,70,0.3,2.8,41915,0
8128,Srimangal,1995,5,37.4,24.5,233,70,0.4,3.6,41915,0
8129,Srimangal,1995,6,36.4,25,569,80,0.2,5.2,41915,0
8130,Srimangal,1995,7,35,24.8,299,82,0.9,5.8,41915,0
8131,Srimangal,1995,8,35.2,25.2,381,84,0.6,5.7,41915,0
8132,Srimangal,1995,9,35.8,25.1,214,82,0.5,5.1,41915,0
8133,Srimangal,1995,10,34.6,22.9,116,81,0.1,3.2,41915,0
8134,Srimangal,1995,11,33.2,19.1,80,80,0.1,3.3,41915,0
8135,Srimangal,1995,12,28,11.7,0,75,0.1,0.7,41915,0
8136,Srimangal,1996,1,27.6,9.3,0,81,0.4,0.9,41915,0
8137,Srimangal,1996,2,31.4,11.9,38,73,0.7,1.4,41915,0
8138,Srimangal,1996,3,35.2,19.3,135,73,1.7,3.4,41915,0
8139,Srimangal,1996,4,36.5,21.8,109,76,0.5,3.4,41915,0
8140,Srimangal,1996,5,35.7,23.2,218,81,0.8,4.8,41915,0
8141,Srimangal,1996,6,36.4,24.1,387,84,0.6,5.3,41915,0
8142,Srimangal,1996,7,35.5,25.2,511,87,0.7,6.2,41915,0
8143,Srimangal,1996,8,36.1,25.1,167,86,1,6.1,41915,0
8144,Srimangal,1996,9,37,24.8,236,87,0.7,4.8,41915,0
8145,Srimangal,1996,10,34.7,21.4,153,85,0.8,3,41915,0
8146,Srimangal,1996,11,33.6,16.4,0,85,0.3,1.3,41915,0
8147,Srimangal,1996,12,31.1,11.6,0,82,0.3,1.6,41915,0
8148,Srimangal,1997,1,27.5,8.7,2,80,0.5,1.7,41915,0
8149,Srimangal,1997,2,31.2,11.3,19,75,0.9,2.2,41915,0
8150,Srimangal,1997,3,34.5,18,57,72,1.9,2.7,41915,0
8151,Srimangal,1997,4,34.4,18.7,74,76,0.9,4,41915,0
8152,Srimangal,1997,5,35.5,22.5,333,80,1,4.8,41915,0
8153,Srimangal,1997,6,35.8,23.7,416,85,0.9,6.1,41915,0
8154,Srimangal,1997,7,34.9,25,573,88,0.7,6.5,41915,0
8155,Srimangal,1997,8,36.4,25.3,186,86,0.4,6,41915,0
8156,Srimangal,1997,9,35,24.3,395,89,0.4,5.9,41915,0
8157,Srimangal,1997,10,33.6,20.3,65,84,0.1,2.5,41915,0
8158,Srimangal,1997,11,33.4,16.6,1,82,0.2,2.2,41915,0
8159,Srimangal,1997,12,28.9,12.5,28,88,0.3,3.2,41915,0
8160,Srimangal,1998,1,27,10.3,12,84,0.4,3,41915,0
8161,Srimangal,1998,2,31.1,12.7,1,73,0.8,2.4,41915,0
8162,Srimangal,1998,3,33.8,15.2,103,72,0.8,3,41915,0
8163,Srimangal,1998,4,35,20.7,196,79,0.6,3.7,41915,0
8164,Srimangal,1998,5,36,23.4,229,81,0.6,4.8,41915,0
8165,Srimangal,1998,6,35.6,25.3,247,84,0.7,5.7,41915,1
8166,Srimangal,1998,7,34.4,25.2,508,87,1.2,6.6,41915,1
8167,Srimangal,1998,8,34.6,25.3,250,87,0.8,6,41915,0
8168,Srimangal,1998,9,35.8,25.2,204,86,0.2,4.9,41915,0
8169,Srimangal,1998,10,35.6,23.6,95,86,0.2,3.5,41915,0
8170,Srimangal,1998,11,33.6,18.9,79,85,0.2,2.2,41915,0
8171,Srimangal,1998,12,29.8,12.2,0,82,0.2,0.4,41915,0
8172,Srimangal,1999,1,29.2,9.8,0,81,0.2,0.8,41915,0
8173,Srimangal,1999,2,33.4,12.5,0,73,0.5,0.9,41915,0
8174,Srimangal,1999,3,36.7,17.6,26,64,1.3,1.7,41915,0
8175,Srimangal,1999,4,38.6,23.9,9,69,1.2,3,41915,0
8176,Srimangal,1999,5,38.5,23.3,433,81,1.2,5.7,41915,0
8177,Srimangal,1999,6,36.1,24.9,275,83,0.9,6,41915,0
8178,Srimangal,1999,7,39.2,25.1,457,87,0.8,6.9,41915,0
8179,Srimangal,1999,8,34.6,25.1,259,86,0.8,6.7,41915,0
8180,Srimangal,1999,9,34.5,24.4,307,88,0.5,5.8,41915,0
8181,Srimangal,1999,10,34.8,23.2,349,87,0.4,5,41915,0
8182,Srimangal,1999,11,34.6,16.9,0,82,0.2,1.6,41915,0
8183,Srimangal,1999,12,31,11.9,1,81,0.4,1.3,41915,0
8184,Srimangal,2000,1,28.6,9.7,49,81,0.5,1.5,41915,0
8185,Srimangal,2000,2,29,12.1,31,75,0.6,3.1,41915,0
8186,Srimangal,2000,3,33,17.6,228,78,0.7,3.1,41915,0
8187,Srimangal,2000,4,35.2,21.5,318,77,1.5,4.4,41915,0
8188,Srimangal,2000,5,36.5,22.6,803,85,0.7,5.8,41915,1
8189,Srimangal,2000,6,35.5,24.8,437,86,0.8,6.3,41915,0
8190,Srimangal,2000,7,34.8,25.2,183,83,0.8,6.1,41915,0
8191,Srimangal,2000,8,35.8,24.9,505,87,0.7,6.6,41915,0
8192,Srimangal,2000,9,34.7,24.6,273,88,0.6,6.3,41915,0
8193,Srimangal,2000,10,35.6,22.6,298,87,0.5,3.5,41915,0
8194,Srimangal,2000,11,32,16.8,2,85,0.2,1.2,41915,0
8195,Srimangal,2000,12,29,11,0,80,0.3,1.2,41915,0
8196,Srimangal,2001,1,28.5,8.2,0,79,0.4,0.6,41915,0
8197,Srimangal,2001,2,32.2,12.2,131,76,0.6,1.9,41915,0
8198,Srimangal,2001,3,36.3,16.1,100,73,0.6,1.9,41915,0
8199,Srimangal,2001,4,36.4,20.9,157,76,0.8,3.4,41915,0
8200,Srimangal,2001,5,35.5,22.7,492,84,0.5,4.9,41915,0
8201,Srimangal,2001,6,35.8,24.5,747,88,0.8,6.9,41915,1
8202,Srimangal,2001,7,35.8,25.3,302,86,1,6.6,41915,0
8203,Srimangal,2001,8,35.8,25.3,405,87,0.3,6.2,41915,0
8204,Srimangal,2001,9,36.5,24.7,208,86,0.5,5.3,41915,0
8205,Srimangal,2001,10,34.8,22.9,304,89,0.4,4.7,41915,0
8206,Srimangal,2001,11,32,18,55,87,0.4,2.5,41915,0
8207,Srimangal,2001,12,29,11.4,0,87,0.2,1,41915,0
8208,Srimangal,2002,1,28.5,11.2,15,84,0.4,1.8,41915,0
8209,Srimangal,2002,2,34.5,11.8,0,74,0.7,0.9,41915,0
8210,Srimangal,2002,3,35.7,16.2,147,71,0.7,2.3,41915,0
8211,Srimangal,2002,4,35,20.6,383,79,1,4.1,41915,0
8212,Srimangal,2002,5,36,21.9,569,84,1,5.6,41915,0
8213,Srimangal,2002,6,34,24.3,516,87,0.8,6.5,41915,0
8214,Srimangal,2002,7,35,25,541,89,1.1,7.2,41915,0
8215,Srimangal,2002,8,35.8,24.5,460,87,0.8,6.7,41915,0
8216,Srimangal,2002,9,36.6,24.1,307,84,0.8,5.7,41915,0
8217,Srimangal,2002,10,35.2,21,117,87,0.4,3.6,41915,0
8218,Srimangal,2002,11,32.1,17.1,90,85,0.5,3.3,41915,0
8219,Srimangal,2002,12,30.8,12.9,0,84,0.3,1.7,41915,0
8220,Srimangal,2003,1,29.2,9.4,0,84,0.5,1.3,41915,0
8221,Srimangal,2003,2,31.8,12.4,4,75,0.6,1.8,41915,0
8222,Srimangal,2003,3,34.2,16.1,65,71,0.9,3.1,41915,0
8223,Srimangal,2003,4,35,21.2,215,77,1.1,3.7,41915,0
8224,Srimangal,2003,5,35.5,22.8,367,80,1,4.9,41915,0
8225,Srimangal,2003,6,35.8,24.6,640,85,1.1,6.3,41915,1
8226,Srimangal,2003,7,36,25.4,231,84,1,5.9,41915,0
8227,Srimangal,2003,8,35.2,25.6,204,83,0.7,5.6,41915,0
8228,Srimangal,2003,9,34.8,25,268,86,0.4,5.9,41915,0
8229,Srimangal,2003,10,33.7,23.6,247,87,0.5,4.6,41915,0
8230,Srimangal,2003,11,31.5,15.6,0,82,0.3,0.6,41915,0
8231,Srimangal,2003,12,29.6,13,54,84,0.3,2.4,41915,0
8232,Srimangal,2004,1,28,11.4,0,85,0.5,2.9,41915,0
8233,Srimangal,2004,2,32,11.4,0,73,0.7,1,41915,0
8234,Srimangal,2004,3,35.3,19.4,10,69,1.4,2.4,41915,0
8235,Srimangal,2004,4,33.5,21,657,79,1.4,4.9,41915,1
8236,Srimangal,2004,5,36.4,24,447,78,0.7,4.6,41915,0
8237,Srimangal,2004,6,35.2,24.5,458,85,0.7,5.6,41915,0
8238,Srimangal,2004,7,34.6,24.6,889,86,0.9,6.7,41915,1
8239,Srimangal,2004,8,36,25.6,184,83,0.9,6.1,41915,0
8240,Srimangal,2004,9,33.6,24.5,331,87,0.8,6.2,41915,0
8241,Srimangal,2004,10,33,21.3,80,85,0.6,3,41915,0
8242,Srimangal,2004,11,32,15.2,0,81,0.2,0.8,41915,0
8243,Srimangal,2004,12,30,12.2,0,81,0.3,1,41915,0
8244,Srimangal,2005,1,29.6,9.8,0,80,0.5,1.6,41915,0
8245,Srimangal,2005,2,31,14.4,71,72,0.9,1.6,41915,0
8246,Srimangal,2005,3,35.3,19.3,162,76,1.3,3.6,41915,0
8247,Srimangal,2005,4,35.3,21.2,155,76,1.1,3.3,41915,0
8248,Srimangal,2005,5,35.2,21.4,615,82,1.3,4.6,41915,1
8249,Srimangal,2005,6,35.6,25.4,294,83,0.8,5.1,41915,0
8250,Srimangal,2005,7,35.8,25.1,330,85,0.9,6.2,41915,0
8251,Srimangal,2005,8,35,25.2,268,85,1,5.8,41915,0
8252,Srimangal,2005,9,36.2,24.8,320,85,0.5,5,41915,0
8253,Srimangal,2005,10,35.5,22.9,159,85,0.3,4.2,41915,0
8254,Srimangal,2005,11,32,15.9,0,83,0.2,1.3,41915,0
8255,Srimangal,2005,12,30.8,11.9,1,81,0.2,1.4,41915,0
8256,Srimangal,2006,1,29,10,0,80,0.5,1.4,41915,0
8257,Srimangal,2006,2,34.8,15.9,3,73,1,1.6,41915,0
8258,Srimangal,2006,3,37.7,17.6,1,64,0.8,1.6,41915,0
8259,Srimangal,2006,4,35.6,21.3,195,74,1.1,3.3,41915,0
8260,Srimangal,2006,5,36.8,23.5,364,80,0.8,4.4,41915,0
8261,Srimangal,2006,6,34.5,24.7,478,85,0.8,6.1,41915,0
8262,Srimangal,2006,7,36.5,25.6,271,84,0.8,6.1,41915,0
8263,Srimangal,2006,8,36,25.3,325,84,0.7,5.5,41915,0
8264,Srimangal,2006,9,36.8,24.8,165,85,0.5,5.5,41915,0
8265,Srimangal,2006,10,34.5,22.8,150,85,0.1,3.4,41915,0
8266,Srimangal,2006,11,32.8,17.5,15,84,0.2,2.7,41915,0
8267,Srimangal,2006,12,29.5,11.1,0,82,0.2,0.4,41915,0
8268,Srimangal,2007,1,28.6,8.2,0,81,0.3,0.5,41915,0
8269,Srimangal,2007,2,30,13.3,68,78,0.5,2,41915,0
8270,Srimangal,2007,3,34.7,15.1,69,71,0.8,1.2,41915,0
8271,Srimangal,2007,4,35.2,21.3,293,78,1.2,3.8,41915,0
8272,Srimangal,2007,5,36,23.9,214,80,1.1,4.8,41915,0
8273,Srimangal,2007,6,35.5,24.6,622,86,1.2,6.6,41915,1
8274,Srimangal,2007,7,35,25.2,245,86,1.3,6.7,41915,0
8275,Srimangal,2007,8,36,25,362,86,0.8,6.2,41915,0
8276,Srimangal,2007,9,35.2,24.8,333,85,1,6,41915,0
8277,Srimangal,2007,10,35.2,22.1,152,85,0.6,3.9,41915,0
8278,Srimangal,2007,11,31.5,18,159,86,0.7,2.3,41915,0
8279,Srimangal,2007,12,27.6,11.5,0,84,0.2,1,41915,0
8280,Srimangal,2008,1,27.8,11.2,32,83,0.4,1.8,41915,0
8281,Srimangal,2008,2,31.2,11.1,24,76,0.6,1.5,41915,0
8282,Srimangal,2008,3,34.4,18.7,39,76,0.9,3,41915,0
8283,Srimangal,2008,4,37.8,21.3,42,71,1,2.4,41915,0
8284,Srimangal,2008,5,36,23.1,296,78,0.7,4.5,41915,0
8285,Srimangal,2008,6,35.6,24.9,281,84,0.9,6.5,41915,0
8286,Srimangal,2008,7,34.9,25.5,319,85,1.1,6.7,41915,0
8287,Srimangal,2008,8,36.4,25.3,411,86,1,6.6,41915,0
8288,Srimangal,2008,9,35.5,24.9,158,84,0.6,5.6,41915,0
8289,Srimangal,2008,10,34.4,21.6,273,86,0.5,3.5,41915,0
8290,Srimangal,2008,11,32,15.1,0,82,0.2,1,41915,0
8291,Srimangal,2008,12,30.2,14.2,0,86,0.1,1.5,41915,0
8292,Srimangal,2009,1,28.2,10.7,0,82,3.4,0.4,41915,0
8293,Srimangal,2009,2,33.2,12.4,1,71,3.9,0.7,41915,0
8294,Srimangal,2009,3,38,16.9,47,67,3.4,2.5,41915,0
8295,Srimangal,2009,4,36,22,138,76,3.1,3.4,41915,0
8296,Srimangal,2009,5,35.4,23.1,713,80,3,4.7,41915,1
8297,Srimangal,2009,6,35,24.8,374,83,2.8,5.5,41915,0
8298,Srimangal,2009,7,35.7,25.5,331,83,3.6,5.8,41915,0
8299,Srimangal,2009,8,34.9,25.6,433,86,2.9,6.4,41915,0
8300,Srimangal,2009,9,36.1,24.9,333,86,2.3,5.4,41915,0
8301,Srimangal,2009,10,34.9,21.6,69,85,2.3,3.3,41915,0
8302,Srimangal,2009,11,34,16.8,13,82,2.4,2.5,41915,0
8303,Srimangal,2009,12,29.9,11.3,0,84,2.2,0.6,41915,0
8304,Srimangal,2010,1,31,8.7,0,84,2.7,1.4,41915,0
8305,Srimangal,2010,2,32.2,10.7,0,69,3.5,2,41915,0
8306,Srimangal,2010,3,37.7,19.4,48,64,4.5,2.8,41915,0
8307,Srimangal,2010,4,36.7,22.8,228,75,4.5,4.6,41915,0
8308,Srimangal,2010,5,35.5,23.6,560,81,2.9,5.6,41915,0
8309,Srimangal,2010,6,35,24.7,440,86,3,6.9,41915,0
8310,Srimangal,2010,7,35.5,25.6,217,85,2.5,6.4,41915,0
8311,Srimangal,2010,8,35.9,25.4,311,86,2.6,6.4,41915,0
8312,Srimangal,2010,9,34.5,25,229,88,2.4,6,41915,0
8313,Srimangal,2010,10,35.6,23,203,86,2.1,3.7,41915,0
8314,Srimangal,2010,11,33.1,17.4,1,82,2,1.5,41915,0
8315,Srimangal,2010,12,29.8,11.7,53,82,1.9,1.5,41915,0
8316,Srimangal,2011,1,28,8.6,6,82,2.9,0.8,41915,0
8317,Srimangal,2011,2,32,12.4,7,74,3,1.1,41915,0
8318,Srimangal,2011,3,33.6,17.6,56,70,3.4,2.6,41915,0
8319,Srimangal,2011,4,36,20.6,96,74,2.3,3.4,41915,0
8320,Srimangal,2011,5,35.1,22.8,595,82,2.4,5.4,41915,0
8321,Srimangal,2011,6,35.5,25,401,84,2.6,6.2,41915,0
8322,Srimangal,2011,7,35.6,25.5,401,84,2.7,6.1,41915,0
8323,Srimangal,2011,8,36,25.3,307,86,2.5,6.5,41915,0
8324,Srimangal,2011,9,36.6,25.1,108,84,2.5,5.6,41915,0
8325,Srimangal,2011,10,35,22.2,73,82,1.9,2.5,41915,0
8326,Srimangal,2011,11,32.6,14.8,0,80,2,0.6,41915,0
8327,Srimangal,2011,12,31,12,0,84,2.2,1.5,41915,0
8328,Srimangal,2012,1,29,10,3,79,2.7,2.3,41915,0
8329,Srimangal,2012,2,33,10.2,0,65,3.8,0.7,41915,0
8330,Srimangal,2012,3,36.9,18.3,17,66,4.4,1.7,41915,0
8331,Srimangal,2012,4,37,20.9,290,76,3.7,4.2,41915,0
8332,Srimangal,2012,5,36,23.3,268,79,3,4.2,41915,0
8333,Srimangal,2012,6,35.2,24.5,518,85,3.2,6.2,41915,0
8334,Srimangal,2012,7,35,25.5,125,83,3.1,6.3,41915,0
8335,Srimangal,2012,8,35.5,25.3,353,83,2.4,6.5,41915,0
8336,Srimangal,2012,9,36.5,25.1,139,85,2.5,6,41915,0
8337,Srimangal,2012,10,33.7,22,193,85,2.1,3.7,41915,0
8338,Srimangal,2012,11,32.4,16.3,21,83,2.2,2.6,41915,0
8339,Srimangal,2012,12,28.5,11.6,0,88,2,1,41915,0
8340,Srimangal,2013,1,29,7.5,0,80,2.4,0.2,41915,0
8341,Srimangal,2013,2,33,12.1,9,72,3,1.6,41915,0
8342,Srimangal,2013,3,35.5,17.4,31,67,3.2,1.8,41915,0
8343,Srimangal,2013,4,37.2,21.3,104,73,3.5,3.3,41915,0
8344,Srimangal,2013,5,34.6,22.6,783,83,3.2,6.3,41915,1
8345,Srimangal,2013,6,36.5,25.5,301,83,2.5,5.8,41915,0
8346,Srimangal,2013,7,35.6,25.5,294,84,2.5,6.5,41915,0
8347,Srimangal,2013,8,35.5,25,420,86,2.4,6.4,41915,0
8348,Srimangal,2013,9,35.6,24.8,241,85,2.2,5.4,41915,0
8349,Srimangal,2013,10,36,22.6,159,85,2,4.2,41915,0
8350,Srimangal,2013,11,32.2,14.2,5,81,1.7,0.6,41915,0
8351,Srimangal,2013,12,31.9,11.6,5,83,1.7,1.5,41915,0
8352,Sylhet,1990,1,29.2,13.7,2,82,0.9,1,41891,0
8353,Sylhet,1990,2,31.1,15.8,44,73,1.3,3.1,41891,0
8354,Sylhet,1990,3,34.7,17.4,176,72,1.6,3.8,41891,0
8355,Sylhet,1990,4,32.8,19.6,510,80,2.6,6,41891,1
8356,Sylhet,1990,5,35.3,23.5,546,80,1.2,5.4,41891,1
8357,Sylhet,1990,6,36.3,24.9,595,87,1.1,7,41891,1
8358,Sylhet,1990,7,35,25.3,784,87,1.2,7.1,41891,1
8359,Sylhet,1990,8,35.5,25.2,547,86,1,6.1,41891,1
8360,Sylhet,1990,9,34.6,24.3,1023,90,1,6.7,41891,1
8361,Sylhet,1990,10,34.5,22.5,216,83,0.8,3.9,41891,0
8362,Sylhet,1990,11,33,20.3,38,78,1,2.8,41891,0
8363,Sylhet,1990,12,28.5,15.1,3,75,1,2,41891,0
8364,Sylhet,1991,1,29,12.2,10,73,0.9,1.7,41891,0
8365,Sylhet,1991,2,31.6,16,55,73,1,1.6,41891,0
8366,Sylhet,1991,3,35,19.6,60,69,1.3,3,41891,0
8367,Sylhet,1991,4,35,21.2,405,77,1.6,4.8,41891,0
8368,Sylhet,1991,5,32.8,20.7,1071,88,2.1,7.4,41891,1
8369,Sylhet,1991,6,33.8,23.5,1203,89,1.3,7.4,41891,1
8370,Sylhet,1991,7,36.6,24.6,351,85,1.3,7.1,41891,0
8371,Sylhet,1991,8,37.4,24.7,437,85,1.3,7,41891,1
8372,Sylhet,1991,9,33.6,23.7,781,90,0.9,6.5,41891,1
8373,Sylhet,1991,10,34.3,22.5,172,85,1,4.6,41891,0
8374,Sylhet,1991,11,30.6,16.8,3,78,0.9,1.8,41891,0
8375,Sylhet,1991,12,29,13.4,79,77,1.1,1.9,41891,0
8376,Sylhet,1992,1,28.1,12.4,0,79,0.9,1.5,41891,0
8377,Sylhet,1992,2,26.8,12.6,54,75,1.2,2.8,41891,0
8378,Sylhet,1992,3,33.5,18.7,183,74,1.3,4.2,41891,0
8379,Sylhet,1992,4,35.5,20.4,129,76,1.1,3.6,41891,0
8380,Sylhet,1992,5,34.3,21,544,81,1.6,5.6,41891,1
8381,Sylhet,1992,6,36.1,23.1,666,84,1.2,6.1,41891,1
8382,Sylhet,1992,7,35.4,24.1,901,88,1.4,7.1,41891,1
8383,Sylhet,1992,8,35.8,24.3,374,85,1.2,6.3,41891,0
8384,Sylhet,1992,9,35.5,22.3,459,86,1.1,5.9,41891,1
8385,Sylhet,1992,10,34.6,21.9,203,82,1,4.3,41891,0
8386,Sylhet,1992,11,32.8,18.2,3,76,1.2,2.7,41891,0
8387,Sylhet,1992,12,27.4,13.3,0,75,1.1,1.1,41891,0
8388,Sylhet,1993,1,28.6,12.2,35,78,0.9,1.8,41891,0
8389,Sylhet,1993,2,29.5,15.9,146,75,1.5,3.5,41891,0
8390,Sylhet,1993,3,32.6,17.7,96,70,1.4,2.6,41891,0
8391,Sylhet,1993,4,34.5,20.3,261,75,1.5,4.5,41891,0
8392,Sylhet,1993,5,35.4,21.9,577,84,1.6,6.3,41891,1
8393,Sylhet,1993,6,35.1,23.8,1066,88,1.7,7.1,41891,1
8394,Sylhet,1993,7,35.2,25.1,1172,88,1.4,7,41891,1
8395,Sylhet,1993,8,34.5,25.5,586,87,1.4,7.2,41891,1
8396,Sylhet,1993,9,35.6,24.6,752,86,1,6.6,41891,1
8397,Sylhet,1993,10,33.6,23,153,85,0.7,3.9,41891,0
8398,Sylhet,1993,11,30.6,18.7,2,77,1.1,2,41891,0
8399,Sylhet,1993,12,29.3,15,0,71,1.2,1.5,41891,0
8400,Sylhet,1994,1,28,13.7,23,72,1.1,1.4,41891,0
8401,Sylhet,1994,2,29.5,13.6,38,69,1.4,1.9,41891,0
8402,Sylhet,1994,3,32,18.2,515,74,1.8,4.5,41891,1
8403,Sylhet,1994,4,35.8,20.8,326,75,1.7,4.1,41891,0
8404,Sylhet,1994,5,35.6,23.4,329,78,1.7,5.9,41891,0
8405,Sylhet,1994,6,34.2,24.8,584,85,1.5,7.1,41891,1
8406,Sylhet,1994,7,36.2,25.3,757,82,1.5,6.8,41891,1
8407,Sylhet,1994,8,36,25.9,573,83,1.1,6.9,41891,1
8408,Sylhet,1994,9,35.4,25.2,227,80,0.8,5.4,41891,0
8409,Sylhet,1994,10,33.5,22.4,145,80,0.9,3.5,41891,0
8410,Sylhet,1994,11,32,18.7,4,75,0.8,3.7,41891,0
8411,Sylhet,1994,12,28.6,13.8,0,68,0.9,0.8,41891,0
8412,Sylhet,1995,1,29,12.2,10,68,0.9,1.9,41891,0
8413,Sylhet,1995,2,30,14.6,29,69,1.2,2.7,41891,0
8414,Sylhet,1995,3,37.4,17.7,80,63,1.4,2.5,41891,0
8415,Sylhet,1995,4,36.2,21.3,176,71,1.6,5,41891,0
8416,Sylhet,1995,5,35.5,24.2,350,79,1.3,6.3,41891,0
8417,Sylhet,1995,6,37,25.1,909,87,1.2,7.1,41891,1
8418,Sylhet,1995,7,36,25.3,712,86,1.2,7.4,41891,1
8419,Sylhet,1995,8,34.4,25.3,709,86,1,6.9,41891,1
8420,Sylhet,1995,9,35.5,25.3,423,84,0.9,6.6,41891,1
8421,Sylhet,1995,10,34,23.7,104,79,0.7,4.3,41891,0
8422,Sylhet,1995,11,33.5,20.1,102,79,0.9,3.8,41891,0
8423,Sylhet,1995,12,27.8,15,0,76,0.9,1.1,41891,0
8424,Sylhet,1996,1,28.8,12.8,0,78,1,1.7,41891,0
8425,Sylhet,1996,2,31.4,14.7,76,69,1.4,1.9,41891,0
8426,Sylhet,1996,3,33.7,19.9,254,77,1.7,4.2,41891,0
8427,Sylhet,1996,4,36,22,252,77,1.4,4.6,41891,0
8428,Sylhet,1996,5,35.2,22.8,759,84,1.4,6.3,41891,1
8429,Sylhet,1996,6,37,24.3,518,86,1.2,6.3,41891,1
8430,Sylhet,1996,7,36.7,25.1,745,91,1,7.5,41891,1
8431,Sylhet,1996,8,36.2,25.1,744,89,0.9,7.1,41891,1
8432,Sylhet,1996,9,37.5,25.3,382,84,0.7,5.8,41891,0
8433,Sylhet,1996,10,35.6,22.6,281,83,1,3.6,41891,0
8434,Sylhet,1996,11,33.7,18.8,0,78,0.9,1.6,41891,0
8435,Sylhet,1996,12,31.3,14.8,0,75,1,1.2,41891,0
8436,Sylhet,1997,1,33.5,13.1,1,89,0.8,6.5,41891,0
8437,Sylhet,1997,2,30.5,13.9,27,73,1.1,3,41891,0
8438,Sylhet,1997,3,34.1,19,111,70,1.5,3.4,41891,0
8439,Sylhet,1997,4,34.2,19.5,170,74,1.7,5.1,41891,0
8440,Sylhet,1997,5,35.3,22.4,347,80,1.8,5.9,41891,0
8441,Sylhet,1997,6,36.7,23.8,796,88,1.4,7.1,41891,1
8442,Sylhet,1997,7,36,25.4,681,89,1.1,7.2,41891,1
8443,Sylhet,1997,8,36.6,25.5,486,86,1.1,6.7,41891,1
8444,Sylhet,1997,9,34.5,23.8,946,90,1.1,6.6,41891,1
8445,Sylhet,1997,10,34.3,21.7,31,80,0.9,2.8,41891,0
8446,Sylhet,1997,11,34,18.9,23,79,0.9,2.4,41891,0
8447,Sylhet,1997,12,29.5,14.9,18,82,1,3.5,41891,0
8448,Sylhet,1998,1,28.5,12.5,7,79,1.1,3.1,41891,0
8449,Sylhet,1998,2,31,15.4,15,72,1.3,2.9,41891,0
8450,Sylhet,1998,3,33,17.1,239,71,1.6,3.7,41891,0
8451,Sylhet,1998,4,34.3,21.4,548,79,1.4,5,41891,1
8452,Sylhet,1998,5,36.4,23.7,366,81,1.4,5.9,41891,0
8453,Sylhet,1998,6,34.6,24.8,858,89,1.5,7.2,41891,1
8454,Sylhet,1998,7,34.5,25,1245,93,1.4,7.6,41891,1
8455,Sylhet,1998,8,34.1,25.4,665,91,1.1,7.4,41891,1
8456,Sylhet,1998,9,36.5,25.4,313,86,0.8,5.7,41891,0
8457,Sylhet,1998,10,35.9,24.6,90,83,0.7,4.3,41891,0
8458,Sylhet,1998,11,33.5,20.7,42,77,1,2.6,41891,0
8459,Sylhet,1998,12,29.8,15.7,0,74,1,0.8,41891,0
8460,Sylhet,1999,1,29,13.6,0,72,1.4,0.6,41891,0
8461,Sylhet,1999,2,34.5,16.5,0,66,1.6,1,41891,0
8462,Sylhet,1999,3,38.8,19.2,49,65,1.5,2,41891,0
8463,Sylhet,1999,4,36.5,23.2,207,76,1.1,4.4,41891,0
8464,Sylhet,1999,5,34.7,23.3,731,84,1.5,6,41891,1
8465,Sylhet,1999,6,36.7,25.2,472,86,1.3,6.8,41891,1
8466,Sylhet,1999,7,37.4,25.4,775,88,1.3,7.3,41891,1
8467,Sylhet,1999,8,36,25.4,503,87,1.2,7.2,41891,1
8468,Sylhet,1999,9,33.7,25,253,87,1,6.4,41891,0
8469,Sylhet,1999,10,34.7,23.9,342,86,1.1,5.3,41891,0
8470,Sylhet,1999,11,33.5,19.3,0,78,1.1,1.6,41891,0
8471,Sylhet,1999,12,30,15.4,0,73,1.3,1.1,41891,0
8472,Sylhet,2000,1,27.9,13.2,48,76,1.4,1.9,41891,0
8473,Sylhet,2000,2,28.5,14,3,71,1.6,2.9,41891,0
8474,Sylhet,2000,3,33.5,18.3,119,75,1.8,3.4,41891,0
8475,Sylhet,2000,4,33.7,20.8,654,81,2.1,5.2,41891,1
8476,Sylhet,2000,5,36.7,23.4,661,85,1.7,6.2,41891,1
8477,Sylhet,2000,6,35.5,24.8,794,89,1.7,7,41891,1
8478,Sylhet,2000,7,35.6,25.4,332,84,1.3,6.7,41891,0
8479,Sylhet,2000,8,35.5,24.8,981,89,1.5,6.8,41891,1
8480,Sylhet,2000,9,34.5,24.5,733,88,1.2,6.7,41891,1
8481,Sylhet,2000,10,35.5,23.5,188,83,1.7,4.2,41891,0
8482,Sylhet,2000,11,32.5,18.9,0,78,1.3,1.4,41891,0
8483,Sylhet,2000,12,28.4,14.8,0,71,1.7,0.7,41891,0
8484,Sylhet,2001,1,28.7,12.2,0,72,1.5,0.9,41891,0
8485,Sylhet,2001,2,32.3,15.1,143,70,1.7,2.3,41891,0
8486,Sylhet,2001,3,34.4,19,42,63,2.2,2.4,41891,0
8487,Sylhet,2001,4,36.2,21.9,177,72,2.1,4.1,41891,0
8488,Sylhet,2001,5,38.2,23.6,481,83,1.5,5.3,41891,0
8489,Sylhet,2001,6,35.7,25.2,729,89,1.5,7.1,41891,1
8490,Sylhet,2001,7,36,25.6,612,88,1.6,7.1,41891,1
8491,Sylhet,2001,8,35.7,25.7,606,87,1.5,6.8,41891,1
8492,Sylhet,2001,9,35.3,25.4,347,88,1.2,6,41891,0
8493,Sylhet,2001,10,34.8,23.7,281,88,1.2,5.1,41891,0
8494,Sylhet,2001,11,32.5,19.6,55,84,1.4,2.3,41891,0
8495,Sylhet,2001,12,30,14.4,0,78,1.5,1.2,41891,0
8496,Sylhet,2002,1,28.8,14,2,78,1.6,2,41891,0
8497,Sylhet,2002,2,32.6,15.3,2,70,2,1,41891,0
8498,Sylhet,2002,3,37,18.4,78,65,2,2.6,41891,0
8499,Sylhet,2002,4,34.2,20.8,435,80,1.9,5.2,41891,0
8500,Sylhet,2002,5,36.2,22.7,548,83,2.3,5.8,41891,1
8501,Sylhet,2002,6,34.9,24.8,701,92,1.5,7.3,41891,1
8502,Sylhet,2002,7,33.7,25.3,841,92,1.4,7.6,41891,1
8503,Sylhet,2002,8,35,25.4,481,89,1.5,7.1,41891,1
8504,Sylhet,2002,9,36.5,24.9,380,84,1.4,6,41891,0
8505,Sylhet,2002,10,36,22.7,0,85,1.1,4.2,41891,0
8506,Sylhet,2002,11,32.3,19.4,0,81,1.3,3.5,41891,0
8507,Sylhet,2002,12,30.5,15.4,0,82,1.1,1.7,41891,0
8508,Sylhet,2003,1,28,12.2,0,77,1.3,2.1,41891,0
8509,Sylhet,2003,2,32.4,15.2,0,68,1.5,1.7,41891,0
8510,Sylhet,2003,3,33.8,17.8,170,68,1.7,3.4,41891,0
8511,Sylhet,2003,4,35.1,21.9,311,75,1.9,4.4,41891,0
8512,Sylhet,2003,5,35.7,23.2,359,79,1.5,5.5,41891,0
8513,Sylhet,2003,6,35.5,24.7,1038,88,1.9,7.2,41891,1
8514,Sylhet,2003,7,37,25.9,497,85,1.8,6.9,41891,1
8515,Sylhet,2003,8,36,25.8,438,84,1.5,6.9,41891,0
8516,Sylhet,2003,9,36,25.1,499,87,1.4,6.2,41891,1
8517,Sylhet,2003,10,34,24.2,237,86,1.1,5.3,41891,0
8518,Sylhet,2003,11,31.5,18.2,0,77,1.1,0.9,41891,0
8519,Sylhet,2003,12,29.5,15.6,7,74,1.3,2.2,41891,0
8520,Sylhet,2004,1,28,13.6,1,75,1.4,1.9,41891,0
8521,Sylhet,2004,2,31.8,14.9,8,63,1.8,1,41891,0
8522,Sylhet,2004,3,35.5,20.9,40,66,2.3,3.5,41891,0
8523,Sylhet,2004,4,34,21.1,622,81,2.2,5.4,41891,1
8524,Sylhet,2004,5,36.4,24.3,371,78,1.8,5.1,41891,0
8525,Sylhet,2004,6,35.4,25,553,84,1.8,6.5,41891,1
8526,Sylhet,2004,7,35.7,24.8,1394,88,1.9,6.9,41891,1
8527,Sylhet,2004,8,35.8,25.9,545,83,1.7,6.6,41891,1
8528,Sylhet,2004,9,34.1,24.8,478,88,1.6,6.8,41891,1
8529,Sylhet,2004,10,34.2,22.4,235,83,1.3,3.4,41891,0
8530,Sylhet,2004,11,31.5,18.4,5,74,1.3,0.8,41891,0
8531,Sylhet,2004,12,30.5,15.5,12,71,1.3,1.5,41891,0
8532,Sylhet,2005,1,30,12.9,0,75,1.4,2.3,41891,0
8533,Sylhet,2005,2,30.8,16.7,48,71,1.8,2.6,41891,0
8534,Sylhet,2005,3,33.2,19.7,388,76,1.9,4.9,41891,0
8535,Sylhet,2005,4,35,21.9,296,73,1.9,4.2,41891,0
8536,Sylhet,2005,5,35,21.6,895,82,2.2,5.7,41891,1
8537,Sylhet,2005,6,35.8,24.9,354,84,1.6,6.3,41891,0
8538,Sylhet,2005,7,36.4,25.3,978,86,1.7,7,41891,1
8539,Sylhet,2005,8,35.4,25.9,626,88,1.8,7.4,41891,1
8540,Sylhet,2005,9,37.7,25.7,319,82,1.4,5.7,41891,0
8541,Sylhet,2005,10,35.2,23.8,259,83,1.2,4.8,41891,0
8542,Sylhet,2005,11,32.9,18.7,0,76,1,1.4,41891,0
8543,Sylhet,2005,12,31,15.7,0,70,1.1,1.4,41891,0
8544,Sylhet,2006,1,30.5,13.6,0,74,1.2,1.4,41891,0
8545,Sylhet,2006,2,32.3,18.5,62,71,1.7,2.9,41891,0
8546,Sylhet,2006,3,36,20,16,61,1.8,2,41891,0
8547,Sylhet,2006,4,35.7,21.5,353,74,1.8,4.6,41891,0
8548,Sylhet,2006,5,38,23.5,572,78,1.7,4.9,41891,1
8549,Sylhet,2006,6,35.8,24.5,1288,87,1.6,6.6,41891,1
8550,Sylhet,2006,7,37.2,26.3,436,83,1.7,7,41891,1
8551,Sylhet,2006,8,37.5,25.8,424,81,1.5,6.4,41891,0
8552,Sylhet,2006,9,36.4,25.3,288,83,1.3,5.9,41891,0
8553,Sylhet,2006,10,35,23.6,72,79,1,3.9,41891,0
8554,Sylhet,2006,11,33.4,19.6,12,77,1,3.3,41891,0
8555,Sylhet,2006,12,30.2,14.9,3,73,1.1,0.7,41891,0
8556,Sylhet,2007,1,30,12.3,0,73,1.2,0.7,41891,0
8557,Sylhet,2007,2,31.3,15.7,34,70,1.9,2.8,41891,0
8558,Sylhet,2007,3,36.6,17.7,41,60,1.9,1.7,41891,0
8559,Sylhet,2007,4,35.6,20.9,481,77,1.8,5.2,41891,0
8560,Sylhet,2007,5,37,24.1,669,80,1.7,5.4,41891,1
8561,Sylhet,2007,6,35,24.9,869,87,1.7,6.8,41891,1
8562,Sylhet,2007,7,36.8,25.6,786,88,2,7.3,41891,1
8563,Sylhet,2007,8,36.4,25.8,578,85,1.4,6.1,41891,1
8564,Sylhet,2007,9,36,25.4,594,84,1.5,6.1,41891,1
8565,Sylhet,2007,10,35.8,22.8,142,81,0.8,4.2,41891,0
8566,Sylhet,2007,11,33.5,19.5,144,79,1.2,2.3,41891,0
8567,Sylhet,2007,12,28,15,0,78,0.8,1.1,41891,0
8568,Sylhet,2008,1,28.5,14.4,19,78,1.1,2.5,41891,0
8569,Sylhet,2008,2,31.8,14,35,69,1.7,1.8,41891,0
8570,Sylhet,2008,3,33.4,19.2,165,74,1.8,4.1,41891,0
8571,Sylhet,2008,4,36.1,22.4,162,72,1.6,3.9,41891,0
8572,Sylhet,2008,5,36.2,23.5,501,78,1.7,5.2,41891,1
8573,Sylhet,2008,6,36.2,24.8,648,86,1.6,7.2,41891,1
8574,Sylhet,2008,7,35.9,25.5,604,88,1.7,7.4,41891,1
8575,Sylhet,2008,8,36.8,25.2,761,89,1.4,7.1,41891,1
8576,Sylhet,2008,9,36,25.1,264,83,1.2,6.1,41891,0
8577,Sylhet,2008,10,35.3,23,192,82,1.1,4.1,41891,0
8578,Sylhet,2008,11,32.5,18,0,72,0.8,1,41891,0
8579,Sylhet,2008,12,29.4,16.5,0,79,0.8,1.5,41891,0
8580,Sylhet,2009,1,29,14.4,0,75,2.8,1.2,41891,0
8581,Sylhet,2009,2,32.8,15.7,20,64,3.6,1,41891,0
8582,Sylhet,2009,3,35.8,19.7,63,60,4.1,3,41891,0
8583,Sylhet,2009,4,35.5,22.8,427,74,4,4.8,41891,0
8584,Sylhet,2009,5,36.4,23.2,576,78,3.5,5.6,41891,1
8585,Sylhet,2009,6,35.2,24.9,469,85,3.6,6.7,41891,1
8586,Sylhet,2009,7,36.8,26.1,599,83,3.7,6.7,41891,1
8587,Sylhet,2009,8,34.9,25.6,674,87,4,7.1,41891,1
8588,Sylhet,2009,9,36.1,25.5,323,82,3,5.8,41891,0
8589,Sylhet,2009,10,36.6,23.2,136,81,2.9,3.9,41891,0
8590,Sylhet,2009,11,33.5,19.6,0,76,2.8,2.5,41891,0
8591,Sylhet,2009,12,30,14.8,0,77,2.4,1,41891,0
8592,Sylhet,2010,1,30.8,12.8,0,74,3.8,1.3,41891,0
8593,Sylhet,2010,2,32,14.8,1,60,3.3,1.6,41891,0
8594,Sylhet,2010,3,37.1,20.6,147,62,4.5,3.6,41891,0
8595,Sylhet,2010,4,35,21.6,804,80,3.5,6,41891,1
8596,Sylhet,2010,5,35,23.2,728,82,2.8,6.4,41891,1
8597,Sylhet,2010,6,34.9,24.5,946,89,3.1,7.5,41891,1
8598,Sylhet,2010,7,35.7,25.9,528,85,2.8,7.1,41891,1
8599,Sylhet,2010,8,35.9,25.8,767,87,3.5,6.9,41891,1
8600,Sylhet,2010,9,35.5,25,732,87,2.9,6.5,41891,1
8601,Sylhet,2010,10,36,24.2,231,79,2.8,4.2,41891,0
8602,Sylhet,2010,11,33.6,20.1,10,75,2.6,1.9,41891,0
8603,Sylhet,2010,12,30.8,15.1,45,74,3.2,1.4,41891,0
8604,Sylhet,2011,1,27.7,12,0,77,3.2,1.4,41891,0
8605,Sylhet,2011,2,32.7,15.5,3,65,3.4,1.5,41891,0
8606,Sylhet,2011,3,35.7,19.3,99,65,4.2,3.5,41891,0
8607,Sylhet,2011,4,35.2,22.1,78,69,3.2,4.1,41891,0
8608,Sylhet,2011,5,35.5,23.3,403,81,3.3,6.1,41891,0
8609,Sylhet,2011,6,36,25.3,578,85,3.1,6.7,41891,1
8610,Sylhet,2011,7,35.5,25.7,673,86,3.6,6.9,41891,1
8611,Sylhet,2011,8,37,25.6,722,85,3.2,7,41891,1
8612,Sylhet,2011,9,37.8,25.5,490,83,2.9,6.1,41891,1
8613,Sylhet,2011,10,35.7,23.6,55,78,2.6,3,41891,0
8614,Sylhet,2011,11,32.3,17.8,0,73,2.5,1,41891,0
8615,Sylhet,2011,12,31,15.3,0,75,2.9,2.4,41891,0
8616,Sylhet,2012,1,29.5,13.2,10,76,3.1,3.2,41891,0
8617,Sylhet,2012,2,32.6,14.3,0,61,3.9,1,41891,0
8618,Sylhet,2012,3,36,20.2,101,63,3.4,2.7,41891,0
8619,Sylhet,2012,4,38,20.6,659,78,3.2,5.6,41891,1
8620,Sylhet,2012,5,36.5,23.5,406,77,2.9,5.6,41891,0
8621,Sylhet,2012,6,35.2,24.6,1185,88,3.7,7.2,41891,1
8622,Sylhet,2012,7,35.8,26,700,85,3.8,7.4,41891,1
8623,Sylhet,2012,8,36.4,25.7,738,85,3.6,7,41891,1
8624,Sylhet,2012,9,37.7,25.7,261,85,3.4,6.9,41891,0
8625,Sylhet,2012,10,34.3,22.8,502,81,2.4,3.9,41891,1
8626,Sylhet,2012,11,32.8,18.9,48,78,2.6,3,41891,0
8627,Sylhet,2012,12,29.5,14.5,0,83,2.5,2.2,41891,0
8628,Sylhet,2013,1,29.2,11.6,0,74,3.4,1.2,41891,0
8629,Sylhet,2013,2,35,15.9,7,63,3.5,1.8,41891,0
8630,Sylhet,2013,3,36.2,19.7,16,60,3.8,2.4,41891,0
8631,Sylhet,2013,4,36.2,21.9,229,69,3.9,4.8,41891,0
8632,Sylhet,2013,5,36.4,22.7,959,84,3.3,7.1,41891,1
8633,Sylhet,2013,6,39.6,25.8,729,81,2.9,6.3,41891,1
8634,Sylhet,2013,7,35.5,25.8,567,84,3,7.3,41891,0
8635,Sylhet,2013,8,35.3,25.6,520,85,3.3,7.2,41891,1
8636,Sylhet,2013,9,36.6,25.3,347,84,3.4,6.2,41891,0
8637,Sylhet,2013,10,35,23.1,451,81,2.5,5,41891,1
8638,Sylhet,2013,11,32.5,17.4,0,74,2.4,0.8,41891,0
8639,Sylhet,2013,12,30.7,14.6,0,76,2.2,2.5,41891,0
8640,Tangail,1990,1,29.4,12.2,0,83,0.5,0.1,41909,0
8641,Tangail,1990,2,29.7,15.1,30,77,0.6,2.2,41909,0
8642,Tangail,1990,3,33.8,18.1,95,77,1.7,2.8,41909,0
8643,Tangail,1990,4,34.7,21.9,223,78,2.5,3.6,41909,0
8644,Tangail,1990,5,35.5,23.8,128,81,1.5,4.3,41909,0
8645,Tangail,1990,6,34.2,25.8,224,85,1.9,5.4,41909,0
8646,Tangail,1990,7,33.1,26,327,87,1.4,6,41909,0
8647,Tangail,1990,8,34.8,26.5,236,83,1.4,4.9,41909,0
8648,Tangail,1990,9,35.5,26,156,85,1.5,5.3,41909,0
8649,Tangail,1990,10,33.5,22.6,120,83,1.2,3.5,41909,0
8650,Tangail,1990,11,33,19.9,39,78,0.6,2.1,41909,0
8651,Tangail,1990,12,28.4,13.5,2,78,0.4,0.9,41909,0
8652,Tangail,1991,1,28.2,11.5,13,77,0.4,1.1,41909,0
8653,Tangail,1991,2,32.7,15,20,73,0.6,0.9,41909,0
8654,Tangail,1991,3,37.4,19.8,76,69,1,1.6,41909,0
8655,Tangail,1991,4,37.5,22.1,59,73,2.1,1.9,41909,0
8656,Tangail,1991,5,35.8,22.6,416,84,3.4,6,41909,0
8657,Tangail,1991,6,34,25.4,398,85,1.9,5.9,41909,1
8658,Tangail,1991,7,34.8,26.3,430,85,2.8,5.7,41909,1
8659,Tangail,1991,8,34.5,26.6,169,85,2.1,5.7,41909,0
8660,Tangail,1991,9,33.4,25.5,700,88,1.2,5.6,41909,1
8661,Tangail,1991,10,34.3,24,376,84,0.6,3.6,41909,0
8662,Tangail,1991,11,30.6,17.1,1,78,0.5,1.3,41909,0
8663,Tangail,1991,12,28.4,13,90,80,0.6,1.8,41909,0
8664,Tangail,1992,1,27.2,11.7,0,83,0.5,0.7,41909,0
8665,Tangail,1992,2,27,13.6,49,78,0.9,1.4,41909,0
8666,Tangail,1992,3,37.4,19.5,0,65,1.9,1.2,41909,0
8667,Tangail,1992,4,39.8,23.7,10,65,2,2,41909,0
8668,Tangail,1992,5,37.6,22.8,181,78,1.9,3.7,41909,0
8669,Tangail,1992,6,35.6,25.4,333,83,1.5,4.6,41909,0
8670,Tangail,1992,7,33.7,25.5,205,87,1.6,6.3,41909,0
8671,Tangail,1992,8,35.7,25.7,268,86,1.4,5.3,41909,0
8672,Tangail,1992,9,35,25.3,472,86,1.3,4.4,41909,1
8673,Tangail,1992,10,34.5,23.4,43,84,0.9,2.9,41909,0
8674,Tangail,1992,11,33.5,17.9,3,79,0.8,1.7,41909,0
8675,Tangail,1992,12,28,12,0,80,0.8,0.4,41909,0
8676,Tangail,1993,1,28.2,10.7,3,81,0.8,1.1,41909,0
8677,Tangail,1993,2,33,15.7,16,76,1.1,1.5,41909,0
8678,Tangail,1993,3,35,17.3,46,67,1.2,1.6,41909,0
8679,Tangail,1993,4,37.6,21.6,150,74,1.6,3.5,41909,0
8680,Tangail,1993,5,34.8,23,390,84,1.8,5.1,41909,0
8681,Tangail,1993,6,34.5,25.1,509,87,2,6.1,41909,1
8682,Tangail,1993,7,34,26,477,87,1.9,6,41909,1
8683,Tangail,1993,8,32.9,26.5,258,87,1.7,6.1,41909,0
8684,Tangail,1993,9,34.9,25.6,513,86,1.2,5.7,41909,1
8685,Tangail,1993,10,34.4,23.7,216,84,0.7,3.3,41909,0
8686,Tangail,1993,11,31.6,19.1,1,82,0.5,1.3,41909,0
8687,Tangail,1993,12,29.4,13.9,0,79,0.6,1.1,41909,0
8688,Tangail,1994,1,27.8,12.6,22,81,0.8,1,41909,0
8689,Tangail,1994,2,30.4,13.5,56,79,0.8,1.3,41909,0
8690,Tangail,1994,3,37.2,19.5,79,73,1.5,1.9,41909,0
8691,Tangail,1994,4,38.5,21.6,163,75,1.5,3.3,41909,0
8692,Tangail,1994,5,37,23.9,406,81,1.8,4.1,41909,1
8693,Tangail,1994,6,34.8,25.8,342,87,1.8,5.7,41909,0
8694,Tangail,1994,7,34,26,170,85,1.7,5.9,41909,0
8695,Tangail,1994,8,35,25.8,228,86,1.5,5.9,41909,0
8696,Tangail,1994,9,34.8,25.2,137,83,1,4.5,41909,0
8697,Tangail,1994,10,34.5,22.6,122,81,0.8,2.6,41909,0
8698,Tangail,1994,11,32.5,18.4,20,81,0.6,3,41909,0
8699,Tangail,1994,12,28.5,12.1,0,79,0.5,0.6,41909,0
8700,Tangail,1995,1,28,10.3,12,78,0.9,1.5,41909,0
8701,Tangail,1995,2,29.5,14.1,56,79,0.8,2.1,41909,0
8702,Tangail,1995,3,37.5,17.7,9,68,0.8,2.1,41909,0
8703,Tangail,1995,4,40.5,23.4,34,68,1.5,2.4,41909,0
8704,Tangail,1995,5,37.6,25.4,215,80,2.1,4.6,41909,0
8705,Tangail,1995,6,37,26.2,350,86,1.8,5.9,41909,0
8706,Tangail,1995,7,33,25.8,372,87,1.8,6.5,41909,1
8707,Tangail,1995,8,34.2,26.2,356,87,1.4,6,41909,0
8708,Tangail,1995,9,35.5,26,246,87,1.5,5.9,41909,0
8709,Tangail,1995,10,34,23.7,109,85,0.6,3.3,41909,0
8710,Tangail,1995,11,33.6,19.2,92,84,0.7,2.7,41909,0
8711,Tangail,1995,12,28,13.1,1,82,0.4,0.7,41909,0
8712,Tangail,1996,1,27,11.6,0,81,0.7,1,41909,0
8713,Tangail,1996,2,34,14.3,55,77,0.9,1,41909,0
8714,Tangail,1996,3,35.5,20,2,71,1.1,1.8,41909,0
8715,Tangail,1996,4,38.5,22.7,174,73,1.3,3.1,41909,0
8716,Tangail,1996,5,37.5,24.7,240,80,1.8,4.5,41909,0
8717,Tangail,1996,6,35,25,224,85,1.6,3.3,41909,0
8718,Tangail,1996,7,33.5,26.2,100,86,1.5,3.8,41909,0
8719,Tangail,1996,8,35,25.9,247,87,1.3,3.6,41909,0
8720,Tangail,1996,9,36,26,208,86,0.6,3.5,41909,0
8721,Tangail,1996,10,35.6,22.8,226,83,0.6,2.8,41909,0
8722,Tangail,1996,11,33.2,18,0,82,0.3,1,41909,0
8723,Tangail,1996,12,29.4,13.2,0,80,0.5,0.9,41909,0
8724,Tangail,1997,1,26.5,10.4,0,80,0.5,1.3,41909,0
8725,Tangail,1997,2,30,13,37,74,0.7,1.6,41909,0
8726,Tangail,1997,3,34.6,19.3,20,72,1,2.3,41909,0
8727,Tangail,1997,4,34.5,20.2,200,79,1.3,4.3,41909,0
8728,Tangail,1997,5,38,23.8,162,80,1.4,4.3,41909,0
8729,Tangail,1997,6,35.5,24.9,312,86,1.7,6.2,41909,0
8730,Tangail,1997,7,34.2,26.1,516,87,1.3,6.3,41909,1
8731,Tangail,1997,8,35.6,26,469,87,0.9,6.3,41909,1
8732,Tangail,1997,9,33.6,25.1,252,88,1.1,6.4,41909,0
8733,Tangail,1997,10,34,21.8,13,83,0.4,2.6,41909,0
8734,Tangail,1997,11,33.7,18.5,2,81,0.5,2.5,41909,0
8735,Tangail,1997,12,28.8,13.8,28,86,0.7,2.8,41909,0
8736,Tangail,1998,1,26.6,11.1,15,85,0.7,3.6,41909,0
8737,Tangail,1998,2,30.6,14.8,3,75,0.7,2.4,41909,0
8738,Tangail,1998,3,34.6,16.7,48,73,1,2.8,41909,0
8739,Tangail,1998,4,37,21.8,152,79,1.4,4,41909,0
8740,Tangail,1998,5,38.6,24.3,416,82,1.7,5.3,41909,0
8741,Tangail,1998,6,36.8,27,132,85,2.4,5.7,41909,0
8742,Tangail,1998,7,34.6,26.3,459,89,1.7,7.1,41909,1
8743,Tangail,1998,8,34,26.6,444,88,1.3,6.8,41909,1
8744,Tangail,1998,9,35.7,26.1,239,87,1,5.3,41909,0
8745,Tangail,1998,10,35.6,25.1,38,84,0.7,3.8,41909,0
8746,Tangail,1998,11,33.2,20,62,85,0.6,2.8,41909,0
8747,Tangail,1998,12,30.2,14.2,0,84,0.4,0.2,41909,0
8748,Tangail,1999,1,28.5,11.4,0,81,0.8,0.5,41909,0
8749,Tangail,1999,2,34.2,14.9,0,75,0.8,0.9,41909,0
8750,Tangail,1999,3,36.2,18.9,0,68,0.9,0.9,41909,0
8751,Tangail,1999,4,37.8,25.1,6,74,1.9,2.8,41909,0
8752,Tangail,1999,5,37,24.2,206,83,1.8,5.4,41909,0
8753,Tangail,1999,6,36.4,26.1,201,86,1.6,6.2,41909,0
8754,Tangail,1999,7,35.6,25.9,358,88,1.5,6.5,41909,0
8755,Tangail,1999,8,33.8,26,156,87,1.4,6.6,41909,0
8756,Tangail,1999,9,34.5,25.5,246,88,1.3,6,41909,0
8757,Tangail,1999,10,34.8,24.2,193,86,0.8,5,41909,0
8758,Tangail,1999,11,32,18.6,35,81,0.4,1.8,41909,0
8759,Tangail,1999,12,29.4,14,0,81,0.4,0.5,41909,0
8760,Tangail,2000,1,27.7,11.5,25,82,0.6,1,41909,0
8761,Tangail,2000,2,28.6,13.5,29,76,0.6,2.8,41909,0
8762,Tangail,2000,3,33.6,18.2,59,73,0.8,2.2,41909,0
8763,Tangail,2000,4,37.4,22.7,220,78,1.8,3.8,41909,0
8764,Tangail,2000,5,36.8,24,305,82,1.1,5.3,41909,0
8765,Tangail,2000,6,36.4,25.7,390,84,1.4,6.2,41909,1
8766,Tangail,2000,7,35.2,26.4,92,83,1.4,5.7,41909,0
8767,Tangail,2000,8,36,26.3,152,84,1.1,6,41909,0
8768,Tangail,2000,9,35.6,25.1,368,87,0.9,5.7,41909,1
8769,Tangail,2000,10,35.5,23.9,152,85,0.7,3.8,41909,0
8770,Tangail,2000,11,32.4,18.9,0,82,0.4,1,41909,0
8771,Tangail,2000,12,28.1,12.8,0,81,0.4,0.8,41909,0
8772,Tangail,2001,1,26,11.5,5,79,0.6,0.7,41909,0
8773,Tangail,2001,2,28.8,14.2,0,76,0.6,1.2,41909,0
8774,Tangail,2001,3,33.4,18.6,86,66,0.8,1.8,41909,0
8775,Tangail,2001,4,35.2,22.5,88,74,1.2,3.5,41909,0
8776,Tangail,2001,5,34.8,23.9,364,81,1,5,41909,1
8777,Tangail,2001,6,33.8,25.7,301,85,1.6,6.5,41909,0
8778,Tangail,2001,7,32.5,26,269,86,1.4,6.2,41909,0
8779,Tangail,2001,8,32.4,26.2,134,83,0.9,5.7,41909,0
8780,Tangail,2001,9,32.8,25.7,188,85,0.7,5,41909,0
8781,Tangail,2001,10,33.1,23.5,94,85,0.4,4.4,41909,0
8782,Tangail,2001,11,31,18.6,43,84,0.3,2.3,41909,0
8783,Tangail,2001,12,27.4,13.4,0,84,0.3,0.8,41909,0
8784,Tangail,2002,1,28.4,12.5,12,80,0.4,1.6,41909,0
8785,Tangail,2002,2,31.9,13.9,3,73,0.5,1,41909,0
8786,Tangail,2002,3,35.2,18.4,177,71,0.8,1.9,41909,0
8787,Tangail,2002,4,35.8,22.1,157,78,1.3,4,41909,0
8788,Tangail,2002,5,36.2,23.8,227,82,1,4.8,41909,0
8789,Tangail,2002,6,34.6,25.6,230,85,1.1,6,41909,0
8790,Tangail,2002,7,35.2,25.8,487,88,1.2,7,41909,1
8791,Tangail,2002,8,34,26.1,335,86,0.8,6.2,41909,0
8792,Tangail,2002,9,37.4,25.7,205,84,0.7,5.2,41909,0
8793,Tangail,2002,10,35,22.9,98,82,0.4,3,41909,0
8794,Tangail,2002,11,32.2,18.5,89,82,0.3,2.3,41909,0
8795,Tangail,2002,12,29.4,14,0,84,0.3,0.8,41909,0
8796,Tangail,2003,1,27.5,9.5,0,85,0.5,2.3,41909,0
8797,Tangail,2003,2,32,14.9,14,76,0.4,1.8,41909,0
8798,Tangail,2003,3,34.5,17.9,145,75,0.6,2.1,41909,0
8799,Tangail,2003,4,37.2,23.2,99,76,1,3.1,41909,0
8800,Tangail,2003,5,37,23.6,352,79,1,4.2,41909,0
8801,Tangail,2003,6,37.2,25.5,303,85,1.2,6.4,41909,0
8802,Tangail,2003,7,35.6,26.6,223,82,1.2,5.9,41909,0
8803,Tangail,2003,8,35.5,26.5,169,83,1,5.2,41909,0
8804,Tangail,2003,9,33.6,25.8,262,87,0.7,5.4,41909,0
8805,Tangail,2003,10,34.8,24.2,207,86,0.4,4.6,41909,0
8806,Tangail,2003,11,31.8,17.7,0,80,0.3,0.5,41909,0
8807,Tangail,2003,12,29,14.1,22,83,0.2,1.6,41909,0
8808,Tangail,2004,1,27.3,11.6,10,83,0.5,2.3,41909,0
8809,Tangail,2004,2,33.5,13.8,0,73,0.4,0.7,41909,0
8810,Tangail,2004,3,36.4,20.6,6,71,0.8,1.9,41909,0
8811,Tangail,2004,4,36.8,22.9,104,77,1.2,4.3,41909,0
8812,Tangail,2004,5,39,25.1,137,74,0.9,4,41909,0
8813,Tangail,2004,6,35.5,25,455,85,0.9,5.8,41909,1
8814,Tangail,2004,7,35,25.9,309,86,1,6.4,41909,0
8815,Tangail,2004,8,35,26.4,304,83,1,5.6,41909,0
8816,Tangail,2004,9,34.5,25.1,500,88,0.9,6.1,41909,1
8817,Tangail,2004,10,34.5,22.6,180,84,0.4,3,41909,0
8818,Tangail,2004,11,30.6,17,0,80,0.2,0.5,41909,0
8819,Tangail,2004,12,29.5,14,0,81,0.2,0.8,41909,0
8820,Tangail,2005,1,27,11.9,4,81,0.4,2,41909,0
8821,Tangail,2005,2,31.8,15.9,8,72,0.6,1.6,41909,0
8822,Tangail,2005,3,35.8,20.7,58,73,0.7,2.9,41909,0
8823,Tangail,2005,4,36.6,22.8,44,74,0.9,3.1,41909,0
8824,Tangail,2005,5,38,23.3,232,79,1.1,4.3,41909,0
8825,Tangail,2005,6,37.6,26.3,135,80,1.1,5,41909,0
8826,Tangail,2005,7,34.5,26,331,85,1,6.1,41909,0
8827,Tangail,2005,8,35,26.2,264,87,0.7,6.2,41909,0
8828,Tangail,2005,9,36,25.9,381,86,0.6,5.3,41909,1
8829,Tangail,2005,10,35.1,23.4,556,87,0.4,4.6,41909,1
8830,Tangail,2005,11,32.6,18.1,4,83,0.2,1.2,41909,0
8831,Tangail,2005,12,29,13.5,0,80,0.3,1,41909,0
8832,Tangail,2006,1,28.4,11.5,0,81,0.3,0.8,41909,0
8833,Tangail,2006,2,35.4,17.6,0,75,0.3,0.6,41909,0
8834,Tangail,2006,3,38.4,19.1,0,65,0.3,1.7,41909,0
8835,Tangail,2006,4,37,22.4,96,77,0.9,3.4,41909,0
8836,Tangail,2006,5,37.2,24.1,286,79,0.9,4.6,41909,0
8837,Tangail,2006,6,35.6,25.9,301,87,0.9,6,41909,0
8838,Tangail,2006,7,36.4,26.4,247,85,1.1,6,41909,0
8839,Tangail,2006,8,36.2,25.9,171,84,0.9,5.5,41909,0
8840,Tangail,2006,9,36.2,25.5,1193,86,0.8,5.2,41909,1
8841,Tangail,2006,10,34.8,23.6,31,83,0.2,3.1,41909,0
8842,Tangail,2006,11,31.7,18.5,0,81,0.2,2.2,41909,0
8843,Tangail,2006,12,29.5,13.4,0,81,0.2,0.3,41909,0
8844,Tangail,2007,1,28.5,10.2,0,80,0.3,0.4,41909,0
8845,Tangail,2007,2,30.2,15,48,81,0.3,1.7,41909,0
8846,Tangail,2007,3,36.2,17.3,24,70,0.4,1.4,41909,0
8847,Tangail,2007,4,37.4,22.8,60,75,1,3.6,41909,0
8848,Tangail,2007,5,38.9,25,67,75,0.7,3.5,41909,0
8849,Tangail,2007,6,37.5,25.3,660,85,1.1,5.9,41909,1
8850,Tangail,2007,7,35.2,25.7,609,87,1,6.5,41909,1
8851,Tangail,2007,8,36.6,26.6,275,84,0.6,5.3,41909,0
8852,Tangail,2007,9,35.4,26.1,253,84,0.6,5.3,41909,0
8853,Tangail,2007,10,35.7,23.3,173,82,0.4,2.8,41909,0
8854,Tangail,2007,11,32,18.9,89,81,0.3,1.3,41909,0
8855,Tangail,2007,12,28,12.8,0,82,0,0.4,41909,0
8856,Tangail,2008,1,28.4,12.5,28,81,0.4,1.9,41909,0
8857,Tangail,2008,2,29.5,13,49,77,0.4,1.3,41909,0
8858,Tangail,2008,3,35.5,20.5,55,77,0.7,2.8,41909,0
8859,Tangail,2008,4,37.6,23.3,12,73,1,2.2,41909,0
8860,Tangail,2008,5,36.4,23.9,239,76,1,4,41909,0
8861,Tangail,2008,6,36.3,25.7,309,85,1.5,5.9,41909,0
8862,Tangail,2008,7,34.5,25.9,444,87,1.2,6.6,41909,1
8863,Tangail,2008,8,36,26.4,245,85,1.1,6,41909,0
8864,Tangail,2008,9,35.5,26.1,110,84,0.8,4.8,41909,0
8865,Tangail,2008,10,34,22.8,365,84,0.5,3,41909,1
8866,Tangail,2008,11,31.6,17.3,0,79,0.2,0.7,41909,0
8867,Tangail,2008,12,29.4,15.7,0,86,0.2,2,41909,0
8868,Tangail,2009,1,27.2,12.9,0,83,1.7,1,41909,0
8869,Tangail,2009,2,33.4,14.3,0,69,2.2,0.4,41909,0
8870,Tangail,2009,3,35.6,19,1,66,2.7,1.9,41909,0
8871,Tangail,2009,4,40.3,24.1,59,71,3,2.4,41909,0
8872,Tangail,2009,5,38.6,23.8,218,78,2.9,4.1,41909,0
8873,Tangail,2009,6,38.4,25.4,185,79,2.7,4.6,41909,0
8874,Tangail,2009,7,36.3,26.1,329,83,3.2,5.8,41909,0
8875,Tangail,2009,8,35.5,25.9,314,86,2.3,6.3,41909,0
8876,Tangail,2009,9,35.6,26.1,205,83,2.5,5.1,41909,0
8877,Tangail,2009,10,35.6,23.1,80,81,2,2.8,41909,0
8878,Tangail,2009,11,34,18.5,0,79,1.8,1.8,41909,0
8879,Tangail,2009,12,29.2,12.6,0,83,1.7,0.7,41909,0
8880,Tangail,2010,1,28.9,10.5,0,81,2.2,1.6,41909,0
8881,Tangail,2010,2,31.7,14.1,3,73,2.3,1.1,41909,0
8882,Tangail,2010,3,37.2,20.6,69,67,2.9,1.6,41909,0
8883,Tangail,2010,4,37.4,24.8,46,75,3.7,3.7,41909,0
8884,Tangail,2010,5,37.5,24.7,328,77,2.6,4.9,41909,0
8885,Tangail,2010,6,36.6,25.7,430,84,2.7,6.2,41909,1
8886,Tangail,2010,7,35.6,26.4,126,82,2.4,5.3,41909,0
8887,Tangail,2010,8,35.6,26.5,207,84,2.2,5.7,41909,0
8888,Tangail,2010,9,34.9,25.9,157,85,1.9,5.2,41909,0
8889,Tangail,2010,10,36.4,24,319,84,1.7,3.3,41909,1
8890,Tangail,2010,11,33.6,19.3,3,81,1.8,1.1,41909,0
8891,Tangail,2010,12,29.7,13,62,80,1.8,1.3,41909,0
8892,Tangail,2011,1,26.7,10.1,3,81,1.9,0.8,41909,0
8893,Tangail,2011,2,31.5,14.2,0,73,2.2,1,41909,0
8894,Tangail,2011,3,34.6,19.7,48,71,2.6,2.4,41909,0
8895,Tangail,2011,4,35.7,21.8,68,74,2.2,3,41909,0
8896,Tangail,2011,5,36.2,23.6,198,79,2.6,4.4,41909,0
8897,Tangail,2011,6,37.2,26,303,83,2.7,5.6,41909,0
8898,Tangail,2011,7,35.5,26.3,259,84,2.4,5.4,41909,0
8899,Tangail,2011,8,35,26.2,761,88,2.3,6.3,41909,1
8900,Tangail,2011,9,36.6,26.1,150,84,2.4,4.8,41909,0
8901,Tangail,2011,10,35.1,24,49,81,2,2,41909,0
8902,Tangail,2011,11,32.1,17.5,0,80,1.8,0.7,41909,0
8903,Tangail,2011,12,31,13.5,0,84,1.8,2.3,41909,0
8904,Tangail,2012,1,27.6,12.2,10,80,1.9,2.4,41909,0
8905,Tangail,2012,2,32.6,13.2,0,70,2.2,0.6,41909,0
8906,Tangail,2012,3,37.8,19,2,65,2.6,0.6,41909,0
8907,Tangail,2012,4,37.6,22.8,106,74,2.7,3,41909,0
8908,Tangail,2012,5,36.7,24.7,171,76,2.5,3.4,41909,0
8909,Tangail,2012,6,37.4,26.2,246,83,3.3,5.7,41909,0
8910,Tangail,2012,7,34.6,26.3,241,85,2.9,6.4,41909,0
8911,Tangail,2012,8,35.5,26.4,204,84,2.5,6,41909,0
8912,Tangail,2012,9,37.4,26,319,85,2.2,5.4,41909,0
8913,Tangail,2012,10,34,23,75,80,1.8,2.5,41909,0
8914,Tangail,2012,11,31.8,17.4,94,80,1.9,2.2,41909,0
8915,Tangail,2012,12,27.6,12.9,1,86,1.9,1.6,41909,0
8916,Tangail,2013,1,27.8,9.9,0,79,1.9,0.5,41909,0
8917,Tangail,2013,2,32.2,14.2,13,73,2.4,1.3,41909,0
8918,Tangail,2013,3,36.1,19.5,3,68,2.2,1.4,41909,0
8919,Tangail,2013,4,37.5,22.9,60,68,2.4,3,41909,0
8920,Tangail,2013,5,36.8,24.1,293,82,2.7,5.9,41909,0
8921,Tangail,2013,6,37.2,26.3,213,80,2.1,4.9,41909,0
8922,Tangail,2013,7,35.1,26.4,106,82,2.5,5.7,41909,0
8923,Tangail,2013,8,36.2,26,238,85,2.3,6,41909,0
8924,Tangail,2013,9,36.1,25.8,126,83,1.9,5.3,41909,0
8925,Tangail,2013,10,35.4,23.3,128,84,1.7,4.3,41909,0
8926,Tangail,2013,11,33,16.1,0,77,1.3,0.6,41909,0
8927,Tangail,2013,12,30.3,13.3,2,82,1.7,0.8,41909,0
8928,Teknaf,1990,1,28.5,15.2,0,73,1,0.2,41998,0
8929,Teknaf,1990,2,33,17.5,4,74,1,1.2,41998,0
8930,Teknaf,1990,3,31,19,1,77,1.1,1.9,41998,0
8931,Teknaf,1990,4,32.5,23.2,72,78,0.9,3.4,41998,0
8932,Teknaf,1990,5,33.6,25.1,203,78,1,3.1,41998,0
8933,Teknaf,1990,6,33.2,25.3,1279,88,1.2,5.7,41998,1
8934,Teknaf,1990,7,31,25.2,946,91,1.1,7.3,41998,1
8935,Teknaf,1990,8,33,25.2,575,85,0.9,6.2,41998,1
8936,Teknaf,1990,9,32.2,25.4,293,83,0.5,5.8,41998,0
8937,Teknaf,1990,10,32.8,24.1,107,79,0.9,4,41998,0
8938,Teknaf,1990,11,32,22.2,101,77,0.6,2.9,41998,0
8939,Teknaf,1990,12,29,17.4,15,73,0.6,0.9,41998,0
8940,Teknaf,1991,1,28,16.8,0,71,0.8,0.4,41998,0
8941,Teknaf,1991,2,34.5,17.6,0,68,1.5,0.2,41998,0
8942,Teknaf,1991,3,36.6,22.4,0,70,1.1,0.7,41998,0
8943,Teknaf,1991,4,36,24.9,103,75,1.6,3,41998,0
8944,Teknaf,1991,5,33,25.6,28,78,1.2,5.4,41998,0
8945,Teknaf,1991,6,33.8,25.5,1269,90,1.8,7.2,41998,1
8946,Teknaf,1991,7,32,25.3,1428,90,1.2,7.4,41998,1
8947,Teknaf,1991,8,32,25.1,1261,90,0.8,7.4,41998,1
8948,Teknaf,1991,9,33.6,25.1,431,88,0.3,6.6,41998,1
8949,Teknaf,1991,10,34,24.8,377,84,0.7,5.2,41998,0
8950,Teknaf,1991,11,31.5,20.3,74,74,0.5,1.9,41998,0
8951,Teknaf,1991,12,29.8,16.5,0,69,0.6,0.7,41998,0
8952,Teknaf,1992,1,29.7,14.4,0,80,0.5,0.3,41998,0
8953,Teknaf,1992,2,28.7,18.3,71,93,0.8,2.3,41998,0
8954,Teknaf,1992,3,31.7,21.6,0,87,0.4,1.1,41998,0
8955,Teknaf,1992,4,34.5,24.8,0,77,0.7,2.7,41998,0
8956,Teknaf,1992,5,34,24.8,242,92,0.7,4.4,41998,0
8957,Teknaf,1992,6,34,25.7,807,90,1,5.8,41998,1
8958,Teknaf,1992,7,31.5,25,1018,89,1,7.2,41998,1
8959,Teknaf,1992,8,34.2,25.3,704,88,1.1,6.6,41998,1
8960,Teknaf,1992,9,32.4,25.2,360,87,0.5,5.6,41998,0
8961,Teknaf,1992,10,34,23.9,436,84,0.7,3.4,41998,1
8962,Teknaf,1992,11,31.8,21.7,58,81,0.5,3.5,41998,0
8963,Teknaf,1992,12,28.4,16.1,5,75,0.3,0.6,41998,0
8964,Teknaf,1993,1,28.5,15,1,79,0.8,0.1,41998,0
8965,Teknaf,1993,2,31.5,16.9,85,73,0.7,1.2,41998,0
8966,Teknaf,1993,3,33,19.6,94,70,1.4,1.6,41998,0
8967,Teknaf,1993,4,35.4,22.7,49,78,1.1,1.5,41998,0
8968,Teknaf,1993,5,33.2,24.2,526,80,1,4.4,41998,1
8969,Teknaf,1993,6,33.5,25,1331,89,0.7,5.8,41998,1
8970,Teknaf,1993,7,32.5,25.5,702,89,1.1,6,41998,1
8971,Teknaf,1993,8,31.2,24.7,1335,91,0.9,6.6,41998,1
8972,Teknaf,1993,9,32,25.1,350,87,0.8,5.2,41998,0
8973,Teknaf,1993,10,33.2,24.7,128,83,0.6,2.9,41998,0
8974,Teknaf,1993,11,32,20,2,74,0.8,1.3,41998,0
8975,Teknaf,1993,12,30.6,16.8,0,71,0.5,0.8,41998,0
8976,Teknaf,1994,1,31.3,15.2,0,65,0.9,0.3,41998,0
8977,Teknaf,1994,2,33.2,17,0,58,1.7,0.7,41998,0
8978,Teknaf,1994,3,35.7,21.2,121,74,1,2,41998,0
8979,Teknaf,1994,4,36,23.8,129,78,1.1,2.2,41998,0
8980,Teknaf,1994,5,34.1,25.3,403,82,1.3,3.4,41998,0
8981,Teknaf,1994,6,34,25.2,1446,91,1.3,6.8,41998,1
8982,Teknaf,1994,7,33,24.7,1475,92,1.7,6.8,41998,1
8983,Teknaf,1994,8,32.3,22.5,1017,90,1.9,6.3,41998,1
8984,Teknaf,1994,9,32.8,22.9,425,86,1.3,4.5,41998,1
8985,Teknaf,1994,10,33.4,22.4,129,82,0.6,3.1,41998,0
8986,Teknaf,1994,11,32.4,16.9,70,76,0.7,2.5,41998,0
8987,Teknaf,1994,12,29.2,15.8,1,65,0.7,0.6,41998,0
8988,Teknaf,1995,1,30.2,14.5,0,62,1.3,0.8,41998,0
8989,Teknaf,1995,2,31,16,3,71,1.1,0.7,41998,0
8990,Teknaf,1995,3,36.2,20.8,1,65,1.8,0.9,41998,0
8991,Teknaf,1995,4,35,24,63,80,0.9,1.8,41998,0
8992,Teknaf,1995,5,34,26.7,278,82,1.2,4.3,41998,0
8993,Teknaf,1995,6,33,25.8,1116,89,1.5,6.4,41998,1
8994,Teknaf,1995,7,32.2,25.5,1214,91,1.2,6.8,41998,1
8995,Teknaf,1995,8,33.3,25.8,622,89,0.8,6.2,41998,1
8996,Teknaf,1995,9,33.4,25.4,563,88,0.8,5.2,41998,1
8997,Teknaf,1995,10,33.6,25.2,47,83,0.5,3.3,41998,0
8998,Teknaf,1995,11,34,22.9,365,83,0.8,4.4,41998,0
8999,Teknaf,1995,12,29.5,16.9,0,69,0.4,0.2,41998,0
9000,Teknaf,1996,1,29,15.6,0,66,1,0.1,41998,0
9001,Teknaf,1996,2,32.5,16.8,88,76,1,0.6,41998,0
9002,Teknaf,1996,3,31.3,22,0,82,1,2,41998,0
9003,Teknaf,1996,4,33.5,23.9,83,83,0.6,2.1,41998,0
9004,Teknaf,1996,5,33.9,26,261,86,0.8,4,41998,0
9005,Teknaf,1996,6,33.6,25.6,649,87,0.8,4.8,41998,1
9006,Teknaf,1996,7,33,25.6,1212,90,0.7,5.9,41998,1
9007,Teknaf,1996,8,32.5,25,866,91,0.7,6.3,41998,1
9008,Teknaf,1996,9,34.8,25.4,458,89,0.6,5,41998,0
9009,Teknaf,1996,10,34.2,24.5,687,85,0.5,3.4,41998,1
9010,Teknaf,1996,11,32,21.1,18,80,0.4,1.9,41998,0
9011,Teknaf,1996,12,31.8,17.5,0,73,0.4,1.1,41998,0
9012,Teknaf,1997,1,29.2,15,0,63,0.7,0.6,41998,0
9013,Teknaf,1997,2,30.2,16.3,48,72,0.7,0.8,41998,0
9014,Teknaf,1997,3,32,20.9,33,80,0.8,1.9,41998,0
9015,Teknaf,1997,4,32,22,49,80,0.7,2.2,41998,0
9016,Teknaf,1997,5,35.2,24.6,243,82,1.5,3.4,41998,0
9017,Teknaf,1997,6,33,25.8,585,89,0.7,5.9,41998,1
9018,Teknaf,1997,7,32.4,25.5,1353,93,0.8,7.1,41998,1
9019,Teknaf,1997,8,33.8,26,742,90,0.8,5.6,41998,1
9020,Teknaf,1997,9,33.5,25.3,666,89,0.6,4.8,41998,1
9021,Teknaf,1997,10,33,23.3,23,83,0.3,1.9,41998,0
9022,Teknaf,1997,11,33.5,21.5,49,79,0.5,2.5,41998,0
9023,Teknaf,1997,12,31.8,16.8,16,74,1.1,1.8,41998,0
9024,Teknaf,1998,1,30.7,14.6,2,77,0.9,1,41998,0
9025,Teknaf,1998,2,31,17.2,0,71,1.2,1.4,41998,0
9026,Teknaf,1998,3,35.2,20.2,13,66,1.1,1.9,41998,0
9027,Teknaf,1998,4,35.4,23.5,88,80,0.5,2.1,41998,0
9028,Teknaf,1998,5,36.2,26,429,83,1.4,3.9,41998,1
9029,Teknaf,1998,6,34,27,486,87,1,5.5,41998,1
9030,Teknaf,1998,7,32.2,25.8,1195,91,0.5,6.2,41998,1
9031,Teknaf,1998,8,32.6,25.8,1474,91,0.3,6.6,41998,1
9032,Teknaf,1998,9,35,25.7,320,88,0.3,4.4,41998,0
9033,Teknaf,1998,10,35.3,25.6,159,85,0.5,2.7,41998,0
9034,Teknaf,1998,11,34,23.4,79,82,0.6,2.2,41998,0
9035,Teknaf,1998,12,31,17.4,0,70,0.3,0.1,41998,0
9036,Teknaf,1999,1,30.8,15.3,0,65,0.5,0.4,41998,0
9037,Teknaf,1999,2,36.2,17.8,0,68,1.1,0.8,41998,0
9038,Teknaf,1999,3,35.4,20.9,0,75,1.1,1,41998,0
9039,Teknaf,1999,4,34.5,25.4,0,77,0.8,2.4,41998,0
9040,Teknaf,1999,5,35,25.4,629,85,0.9,5,41998,1
9041,Teknaf,1999,6,34,25.9,982,90,1,6.2,41998,1
9042,Teknaf,1999,7,32.2,25.5,771,92,0.8,6.3,41998,1
9043,Teknaf,1999,8,32.5,25.4,1395,93,0.7,6.6,41998,1
9044,Teknaf,1999,9,33.2,25.1,513,90,0.5,5.2,41998,1
9045,Teknaf,1999,10,33.2,25,392,87,0.5,4,41998,0
9046,Teknaf,1999,11,32,20.6,2,79,0.4,0.5,41998,0
9047,Teknaf,1999,12,31,17.9,36,75,0.5,1.3,41998,0
9048,Teknaf,2000,1,32,14.6,2,70,0.7,0.2,41998,0
9049,Teknaf,2000,2,33,17,0,62,1.3,1.5,41998,0
9050,Teknaf,2000,3,38,20.7,0,75,0.8,2.2,41998,0
9051,Teknaf,2000,4,34.6,24.3,27,78,1.4,1.9,41998,0
9052,Teknaf,2000,5,33.7,24.8,600,85,0.8,4.8,41998,1
9053,Teknaf,2000,6,35,25.4,1091,89,0.9,6.2,41998,1
9054,Teknaf,2000,7,33.2,25.2,1457,90,0.7,6.3,41998,1
9055,Teknaf,2000,8,33,25.4,1008,87,0.8,6,41998,1
9056,Teknaf,2000,9,33,24.8,363,88,0.5,5.4,41998,0
9057,Teknaf,2000,10,34,24.8,422,85,0.5,3.8,41998,0
9058,Teknaf,2000,11,32,20.6,17,76,0.4,1.2,41998,0
9059,Teknaf,2000,12,29.4,15.8,0,63,0.3,0.3,41998,0
9060,Teknaf,2001,1,28.8,13.6,0,64,0.7,0.2,41998,0
9061,Teknaf,2001,2,33,17.2,10,71,0.8,0.6,41998,0
9062,Teknaf,2001,3,37.4,20.7,0,65,1.3,0.7,41998,0
9063,Teknaf,2001,4,35,24.5,0,77,1.1,1.8,41998,0
9064,Teknaf,2001,5,34.4,24.9,174,82,0.7,4.4,41998,0
9065,Teknaf,2001,6,33,25.1,1759,93,1.2,7.2,41998,1
9066,Teknaf,2001,7,31.8,25.4,1236,92,1,7.1,41998,1
9067,Teknaf,2001,8,32.8,25.7,684,90,1.2,6.5,41998,1
9068,Teknaf,2001,9,33.8,25.4,386,88,0.4,5,41998,0
9069,Teknaf,2001,10,34.4,25.2,215,86,0.2,3.8,41998,0
9070,Teknaf,2001,11,33,22.2,130,83,0.2,2.5,41998,0
9071,Teknaf,2001,12,30.5,16,1,74,0.2,1.7,41998,0
9072,Teknaf,2002,1,29.7,16.1,2,73,0.4,1.2,41998,0
9073,Teknaf,2002,2,35,16.5,0,63,1.3,0.4,41998,0
9074,Teknaf,2002,3,36.2,20.2,46,69,1,0.9,41998,0
9075,Teknaf,2002,4,35,23.6,8,77,0.9,2,41998,0
9076,Teknaf,2002,5,34,24.9,498,83,1.1,4.6,41998,0
9077,Teknaf,2002,6,33,25.7,808,89,0.8,5.8,41998,1
9078,Teknaf,2002,7,33,25.2,1136,92,0.7,7.2,41998,1
9079,Teknaf,2002,8,33.4,25.5,692,89,1.2,6.4,41998,1
9080,Teknaf,2002,9,33.7,25.5,257,87,0.9,5.3,41998,0
9081,Teknaf,2002,10,34.2,24.1,340,86,0.5,2.7,41998,0
9082,Teknaf,2002,11,32.4,21.7,142,82,0.7,3.3,41998,0
9083,Teknaf,2002,12,31,16.7,0,73,0.1,0.5,41998,0
9084,Teknaf,2003,1,29.7,14.2,0,72,0.8,1.1,41998,0
9085,Teknaf,2003,2,33.5,16.9,0,67,0.8,0.8,41998,0
9086,Teknaf,2003,3,33.5,19.5,17,73,1,1.2,41998,0
9087,Teknaf,2003,4,35,24.8,0,79,1,2,41998,0
9088,Teknaf,2003,5,34.5,25.9,221,84,0.9,4.1,41998,0
9089,Teknaf,2003,6,33.3,24.6,1638,93,1.1,7.2,41998,1
9090,Teknaf,2003,7,32.5,25.7,822,88,1,5.8,41998,1
9091,Teknaf,2003,8,33.5,25.5,895,90,0.9,6.3,41998,1
9092,Teknaf,2003,9,32.5,25.5,669,89,0.6,5,41998,1
9093,Teknaf,2003,10,34,25.1,181,85,0.4,3.7,41998,0
9094,Teknaf,2003,11,33.2,19,0,75,0.3,0.1,41998,0
9095,Teknaf,2003,12,31,17.3,8,75,0.4,1.3,41998,0
9096,Teknaf,2004,1,30.6,15.2,0,74,0.8,0.8,41998,0
9097,Teknaf,2004,2,31.5,15.6,0,69,1.1,0.6,41998,0
9098,Teknaf,2004,3,34.5,21.2,0,76,1.1,1.8,41998,0
9099,Teknaf,2004,4,32.8,24.2,103,80,0.8,2.9,41998,0
9100,Teknaf,2004,5,36,25.3,437,82,0.8,3.7,41998,1
9101,Teknaf,2004,6,34,25.8,680,88,0.7,6.4,41998,1
9102,Teknaf,2004,7,32.5,25.3,899,90,0.6,6.5,41998,1
9103,Teknaf,2004,8,32.8,25.4,1162,92,0.5,6.5,41998,1
9104,Teknaf,2004,9,33,25.3,379,89,0.4,4.9,41998,0
9105,Teknaf,2004,10,33.9,24.2,472,86,0.3,3,41998,1
9106,Teknaf,2004,11,32.5,19.6,9,75,0.3,0.5,41998,0
9107,Teknaf,2004,12,30.9,17,0,74,0.2,0.3,41998,0
9108,Teknaf,2005,1,30.7,15.2,0,72,0.5,0.6,41998,0
9109,Teknaf,2005,2,33,18.3,0,70,0.6,0.6,41998,0
9110,Teknaf,2005,3,33.4,21.7,10,79,0.5,1.6,41998,0
9111,Teknaf,2005,4,37.8,24.7,77,80,0.5,2.1,41998,0
9112,Teknaf,2005,5,34.5,25.7,113,79,0.3,2.9,41998,0
9113,Teknaf,2005,6,34.8,26.4,1023,86,0.5,6,41998,1
9114,Teknaf,2005,7,32.6,25.6,953,90,0.6,6.7,41998,1
9115,Teknaf,2005,8,32.4,25.2,1356,94,0.4,7.2,41998,1
9116,Teknaf,2005,9,34.2,25.5,273,88,0.4,5.7,41998,0
9117,Teknaf,2005,10,34,25.1,113,85,0.3,3.6,41998,0
9118,Teknaf,2005,11,32,20.7,14,79,0.2,1.6,41998,0
9119,Teknaf,2005,12,30.5,18.9,60,80,0.1,3.1,41998,0
9120,Teknaf,2006,1,29.7,14.7,0,75,0.4,0.6,41998,0
9121,Teknaf,2006,2,31,17.5,0,78,0.5,0.6,41998,0
9122,Teknaf,2006,3,36.1,21.1,0,73,0.1,1.6,41998,0
9123,Teknaf,2006,4,34.4,24.3,31,78,0.1,2.1,41998,0
9124,Teknaf,2006,5,34,25.4,724,83,0.1,2.9,41998,1
9125,Teknaf,2006,6,33,26.1,491,88,0.9,6,41998,1
9126,Teknaf,2006,7,32.7,25.5,1650,91,1.3,6.7,41998,1
9127,Teknaf,2006,8,32.6,24.9,732,90,1.8,7.2,41998,1
9128,Teknaf,2006,9,33.1,25.3,824,88,1.2,5.7,41998,1
9129,Teknaf,2006,10,33.2,25.2,237,85,0.3,3.6,41998,0
9130,Teknaf,2006,11,33.5,21.4,43,78,0.6,1.6,41998,0
9131,Teknaf,2006,12,29.7,16.2,0,72,0.6,3.1,41998,0
9132,Teknaf,2007,1,28.9,13.7,0,68,0.9,0.5,41998,0
9133,Teknaf,2007,2,33,17.2,8,69,1.2,1.4,41998,0
9134,Teknaf,2007,3,33.8,19.5,0,67,1.8,0.6,41998,0
9135,Teknaf,2007,4,32.8,23.6,69,79,1.1,3,41998,0
9136,Teknaf,2007,5,34.7,25.9,290,84,1.1,4.9,41998,0
9137,Teknaf,2007,6,34.7,26.1,598,85,1.2,5.6,41998,1
9138,Teknaf,2007,7,32.2,25.3,1586,90,1.1,7.1,41998,1
9139,Teknaf,2007,8,32.6,25.4,628,89,1.1,6.8,41998,1
9140,Teknaf,2007,9,33,25.5,459,88,1.1,6.1,41998,0
9141,Teknaf,2007,10,33.4,24,622,88,0.5,4.1,41998,1
9142,Teknaf,2007,11,32.6,22.4,205,84,0.4,2.6,41998,1
9143,Teknaf,2007,12,29.8,16.3,0,74,0.5,1.6,41998,0
9144,Teknaf,2008,1,29.2,15.3,60,73,0.8,0.8,41998,0
9145,Teknaf,2008,2,30.5,15.4,7,68,1.2,0.7,41998,0
9146,Teknaf,2008,3,32.4,20.6,0,82,1.1,1.5,41998,0
9147,Teknaf,2008,4,35,23.2,0,77,1.5,1.7,41998,0
9148,Teknaf,2008,5,36,24.5,335,81,0.9,4.8,41998,0
9149,Teknaf,2008,6,37.2,25,1135,90,1.3,6.6,41998,1
9150,Teknaf,2008,7,32.7,24.8,2072,93,0.9,7.1,41998,1
9151,Teknaf,2008,8,32.3,25.1,993,90,0.8,6.7,41998,1
9152,Teknaf,2008,9,34.1,25.1,520,88,0.8,5.7,41998,1
9153,Teknaf,2008,10,34.3,24.3,285,86,0.7,2.5,41998,0
9154,Teknaf,2008,11,32.5,20.5,5,80,0.4,1.2,41998,0
9155,Teknaf,2008,12,31,17.6,0,76,0.5,0.7,41998,0
9156,Teknaf,2009,1,31.2,15.5,0,69,3.3,0,41998,0
9157,Teknaf,2009,2,32,16.3,0,66,4.5,0.2,41998,0
9158,Teknaf,2009,3,34.4,20.7,0,77,4.5,1.4,41998,0
9159,Teknaf,2009,4,34.8,24.7,95,80,4.3,3,41998,0
9160,Teknaf,2009,5,35.3,25.6,313,79,3.6,4.1,41998,0
9161,Teknaf,2009,6,34,25.8,542,86,3,5.6,41998,1
9162,Teknaf,2009,7,32,25.4,1454,92,3.2,7.2,41998,1
9163,Teknaf,2009,8,32.9,25.5,851,90,2.7,6.8,41998,1
9164,Teknaf,2009,9,33.5,25.4,555,88,2.9,5.9,41998,1
9165,Teknaf,2009,10,32.8,24.1,174,85,2.7,3.4,41998,0
9166,Teknaf,2009,11,33,21.6,3,79,2.9,1.4,41998,0
9167,Teknaf,2009,12,30.3,16.5,0,72,2.8,0.9,41998,0
9168,Teknaf,2010,1,30.5,14.5,0,73,3.1,0.3,41998,0
9169,Teknaf,2010,2,32.7,16.9,0,68,3.3,1.1,41998,0
9170,Teknaf,2010,3,35.2,21.8,33,78,2.9,1.8,41998,0
9171,Teknaf,2010,4,34.5,26.1,8,85,3.1,3.2,41998,0
9172,Teknaf,2010,5,35.5,26.4,492,86,3,3.9,41998,0
9173,Teknaf,2010,6,34.5,26,1089,90,2.8,6,41998,1
9174,Teknaf,2010,7,32.8,25.8,881,89,2.4,6.3,41998,1
9175,Teknaf,2010,8,33,25.6,551,88,2.6,6.1,41998,1
9176,Teknaf,2010,9,33.1,25.7,400,89,2.5,5.7,41998,0
9177,Teknaf,2010,10,34,25.4,602,87,2.6,5.1,41998,1
9178,Teknaf,2010,11,32.7,21.7,15,81,2.4,1.3,41998,0
9179,Teknaf,2010,12,31.7,16.7,193,79,2.4,1.4,41998,0
9180,Teknaf,2011,1,30.8,14.9,9,71,2.7,0.8,41998,0
9181,Teknaf,2011,2,32.5,16.8,1,70,3.2,0.4,41998,0
9182,Teknaf,2011,3,32.5,19.3,11,73,3.3,1.7,41998,0
9183,Teknaf,2011,4,33.2,23.5,130,79,3.3,2.9,41998,0
9184,Teknaf,2011,5,33.6,25,312,83,2.6,4.3,41998,0
9185,Teknaf,2011,6,32.6,25.4,1180,90,2.8,6.7,41998,0
9186,Teknaf,2011,7,33.3,25.6,848,89,2,6.5,41998,1
9187,Teknaf,2011,8,32.5,25.3,1163,90,1.8,6.7,41998,1
9188,Teknaf,2011,9,32.2,25.2,826,90,1.9,6.7,41998,1
9189,Teknaf,2011,10,34.1,24.3,474,86,1.6,4.4,41998,1
9190,Teknaf,2011,11,32.7,18.3,0,75,1.8,0.1,41998,0
9191,Teknaf,2011,12,31.5,16.4,0,73,0,1.5,41998,0
9192,Teknaf,2012,1,30.3,15.3,0,68,2.4,0.5,41998,0
9193,Teknaf,2012,2,34,16.3,0,60,3.6,0.3,41998,0
9194,Teknaf,2012,3,34.6,20.9,22,76,3.2,1.3,41998,0
9195,Teknaf,2012,4,33.7,24.3,142,79,3.1,2.7,41998,0
9196,Teknaf,2012,5,34.1,26,154,83,2.3,3.3,41998,0
9197,Teknaf,2012,6,34.1,25.7,1431,89,2.3,6.6,41998,1
9198,Teknaf,2012,7,31.5,25.3,1349,93,2.2,7.3,41998,1
9199,Teknaf,2012,8,32.3,25.5,933,90,1.8,6.2,41998,1
9200,Teknaf,2012,9,33.1,25.7,496,87,2,5.7,41998,1
9201,Teknaf,2012,10,33.3,24.4,319,83,1.5,2.5,41998,0
9202,Teknaf,2012,11,32.6,21.3,23,76,1.3,2.8,41998,0
9203,Teknaf,2012,12,30,15.8,0,70,1.8,0.2,41998,0
9204,Teknaf,2013,1,29.5,14.1,0,65,2.1,0.3,41998,0
9205,Teknaf,2013,2,33,16.5,0,63,3.7,1,41998,0
9206,Teknaf,2013,3,34.1,20.6,0,75,4.1,0.7,41998,0
9207,Teknaf,2013,4,33.1,24.2,34,77,4.4,1.7,41998,0
9208,Teknaf,2013,5,34.2,24.8,753,85,3.7,5.5,41998,1
9209,Teknaf,2013,6,33.2,25.8,821,87,3.5,6.2,41998,1
9210,Teknaf,2013,7,32.2,25.3,1127,89,3.3,6.5,41998,1
9211,Teknaf,2013,8,32.5,25.4,851,88,2.5,6.2,41998,1
9212,Teknaf,2013,9,32.6,25.7,329,88,3,6.1,41998,0
9213,Teknaf,2013,10,33.1,24.8,271,85,2.5,4.4,41998,0
9214,Teknaf,2013,11,32.5,20,0,79,2.1,1.7,41998,0
9215,Teknaf,2013,12,29.9,16.5,0,72,3,0.9,41998,0
